ISO-10303-21;
HEADER;

/* File generated by HOOPS Exchange Version 24.2.0 */

FILE_DESCRIPTION(('HOOPS Exchange Step'),'2;1');

FILE_NAME('/Users/simonboak/GIT/SB-mini-II/Enclosure/Rear with Reset Switch.stp',
'2026-08-07T22:03:00+01:00',
('simonboak'),
('Unknown organisation'),
'HOOPS Exchange 2024.2',
'HOOPS Exchange',
'Unknown authorisation');

FILE_SCHEMA( ('AP203_CONFIGURATION_CONTROLLED_3D_DESIGN_OF_MECHANICAL_PARTS_AND_ASSEMBLIES_MIM_LF') );

ENDSEC;

DATA;
#3=(NAMED_UNIT(*)PLANE_ANGLE_UNIT()SI_UNIT($,.RADIAN.));
#4=PLANE_ANGLE_MEASURE_WITH_UNIT(PLANE_ANGLE_MEASURE(0.0174532925),#3);
#5=(CONVERSION_BASED_UNIT('DEGREE',#4)NAMED_UNIT(#6)PLANE_ANGLE_UNIT());
#6=DIMENSIONAL_EXPONENTS(0.,0.,0.,0.,0.,0.,0.);
#7=(NAMED_UNIT(*)SI_UNIT($,.STERADIAN.)SOLID_ANGLE_UNIT());
#8=(LENGTH_UNIT()NAMED_UNIT(*)SI_UNIT(.MILLI.,.METRE.));
#9=UNCERTAINTY_MEASURE_WITH_UNIT(LENGTH_MEASURE(1.000000E-05),#8,'DISTANCE_ACCURACY_VALUE','Maximum Tolerance applied to model');
#10=(GEOMETRIC_REPRESENTATION_CONTEXT(3)GLOBAL_UNCERTAINTY_ASSIGNED_CONTEXT((#9))GLOBAL_UNIT_ASSIGNED_CONTEXT((#8,#5,#7))REPRESENTATION_CONTEXT('','root'));
#12=CARTESIAN_POINT('',(0.,0.,0.));
#13=DIRECTION('',(0.,0.,1.));
#14=DIRECTION('',(1.,0.,0.));
#15=AXIS2_PLACEMENT_3D('TS3D_PRODUCT_CSYS',#12,#13,#14);
#27=CARTESIAN_POINT('',(81.030631933,58.821355623,84.519992869));
#28=DIRECTION('',(-0.,1.,0.));
#29=DIRECTION('',(-1.,-0.,0.));
#30=AXIS2_PLACEMENT_3D('',#27,#28,#29);
#31=CYLINDRICAL_SURFACE('',#30,3.6);
#32=CARTESIAN_POINT('',(77.430631933,96.068951258,84.519992869));
#33=VERTEX_POINT('',#32);
#34=CARTESIAN_POINT('',(77.430631933,93.068951258,84.519992869));
#35=VERTEX_POINT('',#34);
#36=CARTESIAN_POINT('',(77.430631933,96.068951258,84.519992869));
#37=DIRECTION('',(0.,-1.,-0.));
#38=VECTOR('',#37,3.);
#39=LINE('',#36,#38);
#40=EDGE_CURVE('',#33,#35,#39,.T.);
#41=ORIENTED_EDGE('',*,*,#40,.F.);
#42=CARTESIAN_POINT('',(81.030631933,96.068951258,84.519992869));
#43=DIRECTION('',(0.,1.,-0.));
#44=DIRECTION('',(-1.,0.,0.));
#45=AXIS2_PLACEMENT_3D('',#42,#43,#44);
#46=CIRCLE('',#45,3.6);
#47=EDGE_CURVE('',#33,#33,#46,.T.);
#48=ORIENTED_EDGE('',*,*,#47,.T.);
#49=ORIENTED_EDGE('',*,*,#40,.T.);
#50=CARTESIAN_POINT('',(81.030631933,93.068951258,80.919992869));
#51=VERTEX_POINT('',#50);
#52=CARTESIAN_POINT('',(81.030631933,93.068951258,84.519992869));
#53=DIRECTION('',(-0.,1.,0.));
#54=DIRECTION('',(0.,0.,-1.));
#55=AXIS2_PLACEMENT_3D('',#52,#53,#54);
#56=CIRCLE('',#55,3.6);
#57=EDGE_CURVE('',#51,#35,#56,.T.);
#58=ORIENTED_EDGE('',*,*,#57,.F.);
#59=CARTESIAN_POINT('',(81.030631933,93.068951258,84.519992869));
#60=DIRECTION('',(-0.,1.,0.));
#61=DIRECTION('',(0.,0.,-1.));
#62=AXIS2_PLACEMENT_3D('',#59,#60,#61);
#63=CIRCLE('',#62,3.6);
#64=EDGE_CURVE('',#35,#51,#63,.T.);
#65=ORIENTED_EDGE('',*,*,#64,.F.);
#66=EDGE_LOOP('',(#41,#48,#49,#58,#65));
#67=FACE_BOUND('',#66,.T.);
#68=ADVANCED_FACE('',(#67),#31,.F.);
#69=CARTESIAN_POINT('',(-61.834525468,90.368951258,50.555283671));
#70=DIRECTION('',(0.,-1.,0.));
#71=DIRECTION('',(0.,0.,-1.));
#72=AXIS2_PLACEMENT_3D('',#69,#70,#71);
#73=PLANE('',#72);
#74=CARTESIAN_POINT('',(81.030631933,90.368951258,79.019992869));
#75=VERTEX_POINT('',#74);
#76=CARTESIAN_POINT('',(86.167298983,90.368951258,86.485864591));
#77=VERTEX_POINT('',#76);
#78=CARTESIAN_POINT('',(81.030631933,90.368951258,84.519992869));
#79=DIRECTION('',(0.,-1.,-0.));
#80=DIRECTION('',(0.933939463,-0.,0.357431222));
#81=AXIS2_PLACEMENT_3D('',#78,#79,#80);
#82=CIRCLE('',#81,5.5);
#83=EDGE_CURVE('',#75,#77,#82,.T.);
#84=ORIENTED_EDGE('',*,*,#83,.F.);
#85=CARTESIAN_POINT('',(81.030631933,90.368951258,84.519992869));
#86=DIRECTION('',(0.,-1.,-0.));
#87=DIRECTION('',(0.933939463,-0.,0.357431222));
#88=AXIS2_PLACEMENT_3D('',#85,#86,#87);
#89=CIRCLE('',#88,5.5);
#90=EDGE_CURVE('',#77,#75,#89,.T.);
#91=ORIENTED_EDGE('',*,*,#90,.F.);
#92=EDGE_LOOP('',(#84,#91));
#93=FACE_BOUND('',#92,.T.);
#94=CARTESIAN_POINT('',(-79.904099366,90.368951258,27.035531749));
#95=VERTEX_POINT('',#94);
#96=CARTESIAN_POINT('',(-88.162133879,90.368951258,27.035531749));
#97=VERTEX_POINT('',#96);
#98=CARTESIAN_POINT('',(-79.904099366,90.368951258,27.035531749));
#99=DIRECTION('',(-1.,-0.,0.));
#100=VECTOR('',#99,8.258034513);
#101=LINE('',#98,#100);
#102=EDGE_CURVE('',#95,#97,#101,.T.);
#103=ORIENTED_EDGE('',*,*,#102,.F.);
#104=CARTESIAN_POINT('',(-78.033116622,90.368951258,25.164549006));
#105=VERTEX_POINT('',#104);
#106=CARTESIAN_POINT('',(-79.904099366,90.368951258,25.164549006));
#107=DIRECTION('',(-0.,1.,-0.));
#108=DIRECTION('',(1.,0.,0.));
#109=AXIS2_PLACEMENT_3D('',#106,#107,#108);
#110=CIRCLE('',#109,1.870982743);
#111=EDGE_CURVE('',#95,#105,#110,.T.);
#112=ORIENTED_EDGE('',*,*,#111,.T.);
#113=CARTESIAN_POINT('',(-78.033116622,90.368951258,16.906514492));
#114=VERTEX_POINT('',#113);
#115=CARTESIAN_POINT('',(-78.033116622,90.368951258,16.906514492));
#116=DIRECTION('',(0.,0.,1.));
#117=VECTOR('',#116,8.258034513);
#118=LINE('',#115,#117);
#119=EDGE_CURVE('',#114,#105,#118,.T.);
#120=ORIENTED_EDGE('',*,*,#119,.F.);
#121=CARTESIAN_POINT('',(-79.904099366,90.368951258,15.035531749));
#122=VERTEX_POINT('',#121);
#123=CARTESIAN_POINT('',(-79.904099366,90.368951258,16.906514492));
#124=DIRECTION('',(-0.,1.,-0.));
#125=DIRECTION('',(1.,0.,0.));
#126=AXIS2_PLACEMENT_3D('',#123,#124,#125);
#127=CIRCLE('',#126,1.870982743);
#128=EDGE_CURVE('',#114,#122,#127,.T.);
#129=ORIENTED_EDGE('',*,*,#128,.T.);
#130=CARTESIAN_POINT('',(-88.162133879,90.368951258,15.035531749));
#131=VERTEX_POINT('',#130);
#132=CARTESIAN_POINT('',(-88.162133879,90.368951258,15.035531749));
#133=DIRECTION('',(1.,0.,0.));
#134=VECTOR('',#133,8.258034513);
#135=LINE('',#132,#134);
#136=EDGE_CURVE('',#131,#122,#135,.T.);
#137=ORIENTED_EDGE('',*,*,#136,.F.);
#138=CARTESIAN_POINT('',(-90.033116622,90.368951258,16.906514492));
#139=VERTEX_POINT('',#138);
#140=CARTESIAN_POINT('',(-88.162133879,90.368951258,16.906514492));
#141=DIRECTION('',(-0.,1.,-0.));
#142=DIRECTION('',(1.,0.,0.));
#143=AXIS2_PLACEMENT_3D('',#140,#141,#142);
#144=CIRCLE('',#143,1.870982743);
#145=EDGE_CURVE('',#131,#139,#144,.T.);
#146=ORIENTED_EDGE('',*,*,#145,.T.);
#147=CARTESIAN_POINT('',(-90.033116622,90.368951258,25.164549006));
#148=VERTEX_POINT('',#147);
#149=CARTESIAN_POINT('',(-90.033116622,90.368951258,25.164549006));
#150=DIRECTION('',(0.,0.,-1.));
#151=VECTOR('',#150,8.258034513);
#152=LINE('',#149,#151);
#153=EDGE_CURVE('',#148,#139,#152,.T.);
#154=ORIENTED_EDGE('',*,*,#153,.F.);
#155=CARTESIAN_POINT('',(-88.162133879,90.368951258,25.164549006));
#156=DIRECTION('',(-0.,1.,-0.));
#157=DIRECTION('',(1.,0.,0.));
#158=AXIS2_PLACEMENT_3D('',#155,#156,#157);
#159=CIRCLE('',#158,1.870982743);
#160=EDGE_CURVE('',#148,#97,#159,.T.);
#161=ORIENTED_EDGE('',*,*,#160,.T.);
#162=EDGE_LOOP('',(#103,#112,#120,#129,#137,#146,#154,#161));
#163=FACE_BOUND('',#162,.T.);
#164=CARTESIAN_POINT('',(88.567891943,90.368951258,74.399887894));
#165=VERTEX_POINT('',#164);
#166=CARTESIAN_POINT('',(73.567891943,90.368951258,74.399887894));
#167=VERTEX_POINT('',#166);
#168=CARTESIAN_POINT('',(88.567891943,90.368951258,74.399887894));
#169=DIRECTION('',(-1.,-0.,0.));
#170=VECTOR('',#169,15.);
#171=LINE('',#168,#170);
#172=EDGE_CURVE('',#165,#167,#171,.T.);
#173=ORIENTED_EDGE('',*,*,#172,.F.);
#174=CARTESIAN_POINT('',(88.567891943,90.368951258,42.399887894));
#175=VERTEX_POINT('',#174);
#176=CARTESIAN_POINT('',(88.567891943,90.368951258,42.399887894));
#177=DIRECTION('',(-0.,-0.,1.));
#178=VECTOR('',#177,32.);
#179=LINE('',#176,#178);
#180=EDGE_CURVE('',#175,#165,#179,.T.);
#181=ORIENTED_EDGE('',*,*,#180,.F.);
#182=CARTESIAN_POINT('',(73.567891943,90.368951258,42.399887894));
#183=VERTEX_POINT('',#182);
#184=CARTESIAN_POINT('',(73.567891943,90.368951258,42.399887894));
#185=DIRECTION('',(1.,0.,0.));
#186=VECTOR('',#185,15.);
#187=LINE('',#184,#186);
#188=EDGE_CURVE('',#183,#175,#187,.T.);
#189=ORIENTED_EDGE('',*,*,#188,.F.);
#190=CARTESIAN_POINT('',(73.567891943,90.368951258,74.399887894));
#191=DIRECTION('',(0.,0.,-1.));
#192=VECTOR('',#191,32.);
#193=LINE('',#190,#192);
#194=EDGE_CURVE('',#167,#183,#193,.T.);
#195=ORIENTED_EDGE('',*,*,#194,.F.);
#196=EDGE_LOOP('',(#173,#181,#189,#195));
#197=FACE_BOUND('',#196,.T.);
#198=CARTESIAN_POINT('',(86.566883378,90.368951258,21.892670097));
#199=VERTEX_POINT('',#198);
#200=CARTESIAN_POINT('',(75.566883378,90.368951258,21.892670097));
#201=VERTEX_POINT('',#200);
#202=CARTESIAN_POINT('',(86.566883378,90.368951258,21.892670097));
#203=DIRECTION('',(-1.,-0.,0.));
#204=VECTOR('',#203,11.);
#205=LINE('',#202,#204);
#206=EDGE_CURVE('',#199,#201,#205,.T.);
#207=ORIENTED_EDGE('',*,*,#206,.T.);
#208=CARTESIAN_POINT('',(74.066883378,90.368951258,23.392670097));
#209=VERTEX_POINT('',#208);
#210=CARTESIAN_POINT('',(75.566883378,90.368951258,23.392670097));
#211=DIRECTION('',(-0.,1.,-0.));
#212=DIRECTION('',(1.,0.,0.));
#213=AXIS2_PLACEMENT_3D('',#210,#211,#212);
#214=CIRCLE('',#213,1.5);
#215=EDGE_CURVE('',#201,#209,#214,.T.);
#216=ORIENTED_EDGE('',*,*,#215,.T.);
#217=CARTESIAN_POINT('',(74.066883378,90.368951258,28.392670097));
#218=VERTEX_POINT('',#217);
#219=CARTESIAN_POINT('',(74.066883378,90.368951258,23.392670097));
#220=DIRECTION('',(-0.,-0.,1.));
#221=VECTOR('',#220,5.);
#222=LINE('',#219,#221);
#223=EDGE_CURVE('',#209,#218,#222,.T.);
#224=ORIENTED_EDGE('',*,*,#223,.T.);
#225=CARTESIAN_POINT('',(75.566883378,90.368951258,29.892670097));
#226=VERTEX_POINT('',#225);
#227=CARTESIAN_POINT('',(75.566883378,90.368951258,28.392670097));
#228=DIRECTION('',(-0.,1.,-0.));
#229=DIRECTION('',(1.,0.,0.));
#230=AXIS2_PLACEMENT_3D('',#227,#228,#229);
#231=CIRCLE('',#230,1.5);
#232=EDGE_CURVE('',#218,#226,#231,.T.);
#233=ORIENTED_EDGE('',*,*,#232,.T.);
#234=CARTESIAN_POINT('',(86.566883378,90.368951258,29.892670097));
#235=VERTEX_POINT('',#234);
#236=CARTESIAN_POINT('',(75.566883378,90.368951258,29.892670097));
#237=DIRECTION('',(1.,0.,0.));
#238=VECTOR('',#237,11.);
#239=LINE('',#236,#238);
#240=EDGE_CURVE('',#226,#235,#239,.T.);
#241=ORIENTED_EDGE('',*,*,#240,.T.);
#242=CARTESIAN_POINT('',(88.066883378,90.368951258,28.392670097));
#243=VERTEX_POINT('',#242);
#244=CARTESIAN_POINT('',(86.566883378,90.368951258,28.392670097));
#245=DIRECTION('',(-0.,1.,-0.));
#246=DIRECTION('',(1.,0.,0.));
#247=AXIS2_PLACEMENT_3D('',#244,#245,#246);
#248=CIRCLE('',#247,1.5);
#249=EDGE_CURVE('',#235,#243,#248,.T.);
#250=ORIENTED_EDGE('',*,*,#249,.T.);
#251=CARTESIAN_POINT('',(88.066883378,90.368951258,23.392670097));
#252=VERTEX_POINT('',#251);
#253=CARTESIAN_POINT('',(88.066883378,90.368951258,28.392670097));
#254=DIRECTION('',(0.,0.,-1.));
#255=VECTOR('',#254,5.);
#256=LINE('',#253,#255);
#257=EDGE_CURVE('',#243,#252,#256,.T.);
#258=ORIENTED_EDGE('',*,*,#257,.T.);
#259=CARTESIAN_POINT('',(86.566883378,90.368951258,23.392670097));
#260=DIRECTION('',(-0.,1.,-0.));
#261=DIRECTION('',(1.,0.,0.));
#262=AXIS2_PLACEMENT_3D('',#259,#260,#261);
#263=CIRCLE('',#262,1.5);
#264=EDGE_CURVE('',#252,#199,#263,.T.);
#265=ORIENTED_EDGE('',*,*,#264,.T.);
#266=EDGE_LOOP('',(#207,#216,#224,#233,#241,#250,#258,#265));
#267=FACE_BOUND('',#266,.T.);
#268=CARTESIAN_POINT('',(-88.533116622,90.368951258,35.235531749));
#269=VERTEX_POINT('',#268);
#270=CARTESIAN_POINT('',(-90.533116622,90.368951258,37.235531749));
#271=VERTEX_POINT('',#270);
#272=CARTESIAN_POINT('',(-88.533116622,90.368951258,37.235531749));
#273=DIRECTION('',(-0.,1.,-0.));
#274=DIRECTION('',(1.,0.,0.));
#275=AXIS2_PLACEMENT_3D('',#272,#273,#274);
#276=CIRCLE('',#275,2.);
#277=EDGE_CURVE('',#269,#271,#276,.T.);
#278=ORIENTED_EDGE('',*,*,#277,.T.);
#279=CARTESIAN_POINT('',(-90.533116622,90.368951258,51.235531749));
#280=VERTEX_POINT('',#279);
#281=CARTESIAN_POINT('',(-90.533116622,90.368951258,37.235531749));
#282=DIRECTION('',(0.,0.,1.));
#283=VECTOR('',#282,14.);
#284=LINE('',#281,#283);
#285=EDGE_CURVE('',#271,#280,#284,.T.);
#286=ORIENTED_EDGE('',*,*,#285,.T.);
#287=CARTESIAN_POINT('',(-88.533116622,90.368951258,53.235531749));
#288=VERTEX_POINT('',#287);
#289=CARTESIAN_POINT('',(-88.533116622,90.368951258,51.235531749));
#290=DIRECTION('',(-0.,1.,-0.));
#291=DIRECTION('',(1.,0.,0.));
#292=AXIS2_PLACEMENT_3D('',#289,#290,#291);
#293=CIRCLE('',#292,2.);
#294=EDGE_CURVE('',#280,#288,#293,.T.);
#295=ORIENTED_EDGE('',*,*,#294,.T.);
#296=CARTESIAN_POINT('',(-79.533116622,90.368951258,53.235531749));
#297=VERTEX_POINT('',#296);
#298=CARTESIAN_POINT('',(-88.533116622,90.368951258,53.235531749));
#299=DIRECTION('',(1.,0.,0.));
#300=VECTOR('',#299,9.);
#301=LINE('',#298,#300);
#302=EDGE_CURVE('',#288,#297,#301,.T.);
#303=ORIENTED_EDGE('',*,*,#302,.T.);
#304=CARTESIAN_POINT('',(-77.533116622,90.368951258,51.235531749));
#305=VERTEX_POINT('',#304);
#306=CARTESIAN_POINT('',(-79.533116622,90.368951258,51.235531749));
#307=DIRECTION('',(-0.,1.,-0.));
#308=DIRECTION('',(1.,0.,0.));
#309=AXIS2_PLACEMENT_3D('',#306,#307,#308);
#310=CIRCLE('',#309,2.);
#311=EDGE_CURVE('',#297,#305,#310,.T.);
#312=ORIENTED_EDGE('',*,*,#311,.T.);
#313=CARTESIAN_POINT('',(-77.533116622,90.368951258,37.235531749));
#314=VERTEX_POINT('',#313);
#315=CARTESIAN_POINT('',(-77.533116622,90.368951258,51.235531749));
#316=DIRECTION('',(0.,0.,-1.));
#317=VECTOR('',#316,14.);
#318=LINE('',#315,#317);
#319=EDGE_CURVE('',#305,#314,#318,.T.);
#320=ORIENTED_EDGE('',*,*,#319,.T.);
#321=CARTESIAN_POINT('',(-79.533116622,90.368951258,35.235531749));
#322=VERTEX_POINT('',#321);
#323=CARTESIAN_POINT('',(-79.533116622,90.368951258,37.235531749));
#324=DIRECTION('',(-0.,1.,-0.));
#325=DIRECTION('',(1.,0.,0.));
#326=AXIS2_PLACEMENT_3D('',#323,#324,#325);
#327=CIRCLE('',#326,2.);
#328=EDGE_CURVE('',#314,#322,#327,.T.);
#329=ORIENTED_EDGE('',*,*,#328,.T.);
#330=CARTESIAN_POINT('',(-79.533116622,90.368951258,35.235531749));
#331=DIRECTION('',(-1.,-0.,0.));
#332=VECTOR('',#331,9.);
#333=LINE('',#330,#332);
#334=EDGE_CURVE('',#322,#269,#333,.T.);
#335=ORIENTED_EDGE('',*,*,#334,.T.);
#336=EDGE_LOOP('',(#278,#286,#295,#303,#312,#320,#329,#335));
#337=FACE_BOUND('',#336,.T.);
#338=CARTESIAN_POINT('',(69.609000531,90.368951258,103.540531749));
#339=VERTEX_POINT('',#338);
#340=CARTESIAN_POINT('',(96.981883378,90.368951258,103.540531749));
#341=VERTEX_POINT('',#340);
#342=CARTESIAN_POINT('',(69.609000531,90.368951258,103.540531749));
#343=DIRECTION('',(1.,0.,0.));
#344=VECTOR('',#343,27.372882847);
#345=LINE('',#342,#344);
#346=EDGE_CURVE('',#339,#341,#345,.T.);
#347=ORIENTED_EDGE('',*,*,#346,.F.);
#348=CARTESIAN_POINT('',(67.610224406,90.368951258,101.610488914));
#349=VERTEX_POINT('',#348);
#350=CARTESIAN_POINT('',(69.609000531,90.368951258,101.540531749));
#351=DIRECTION('',(0.,-1.,0.));
#352=DIRECTION('',(1.,0.,0.));
#353=AXIS2_PLACEMENT_3D('',#350,#351,#352);
#354=CIRCLE('',#353,2.);
#355=EDGE_CURVE('',#339,#349,#354,.T.);
#356=ORIENTED_EDGE('',*,*,#355,.T.);
#357=CARTESIAN_POINT('',(66.421896947,90.368951258,67.658275783));
#358=VERTEX_POINT('',#357);
#359=CARTESIAN_POINT('',(67.610224406,90.368951258,101.610488914));
#360=DIRECTION('',(-0.034978582,-0.,-0.999388062));
#361=VECTOR('',#360,33.973002496);
#362=LINE('',#359,#361);
#363=EDGE_CURVE('',#349,#358,#362,.T.);
#364=ORIENTED_EDGE('',*,*,#363,.T.);
#365=CARTESIAN_POINT('',(64.058756345,90.368951258,65.276590595));
#366=VERTEX_POINT('',#365);
#367=CARTESIAN_POINT('',(63.953051304,90.368951258,67.744685381));
#368=DIRECTION('',(-0.,1.,-0.));
#369=DIRECTION('',(1.,0.,0.));
#370=AXIS2_PLACEMENT_3D('',#367,#368,#369);
#371=CIRCLE('',#370,2.470357347);
#372=EDGE_CURVE('',#358,#366,#371,.T.);
#373=ORIENTED_EDGE('',*,*,#372,.T.);
#374=CARTESIAN_POINT('',(61.695615744,90.368951258,67.658275783));
#375=VERTEX_POINT('',#374);
#376=CARTESIAN_POINT('',(64.164461386,90.368951258,67.744685381));
#377=DIRECTION('',(-0.,1.,-0.));
#378=DIRECTION('',(1.,0.,0.));
#379=AXIS2_PLACEMENT_3D('',#376,#377,#378);
#380=CIRCLE('',#379,2.470357347);
#381=EDGE_CURVE('',#366,#375,#380,.T.);
#382=ORIENTED_EDGE('',*,*,#381,.T.);
#383=CARTESIAN_POINT('',(60.507288284,90.368951258,101.610488914));
#384=VERTEX_POINT('',#383);
#385=CARTESIAN_POINT('',(61.695615744,90.368951258,67.658275783));
#386=DIRECTION('',(-0.034978582,-0.,0.999388062));
#387=VECTOR('',#386,33.973002496);
#388=LINE('',#385,#387);
#389=EDGE_CURVE('',#375,#384,#388,.T.);
#390=ORIENTED_EDGE('',*,*,#389,.T.);
#391=CARTESIAN_POINT('',(58.50851216,90.368951258,103.540531749));
#392=VERTEX_POINT('',#391);
#393=CARTESIAN_POINT('',(58.50851216,90.368951258,101.540531749));
#394=DIRECTION('',(0.,-1.,0.));
#395=DIRECTION('',(1.,0.,0.));
#396=AXIS2_PLACEMENT_3D('',#393,#394,#395);
#397=CIRCLE('',#396,2.);
#398=EDGE_CURVE('',#384,#392,#397,.T.);
#399=ORIENTED_EDGE('',*,*,#398,.T.);
#400=CARTESIAN_POINT('',(48.142079798,90.368951258,103.540531749));
#401=VERTEX_POINT('',#400);
#402=CARTESIAN_POINT('',(48.142079798,90.368951258,103.540531749));
#403=DIRECTION('',(1.,0.,0.));
#404=VECTOR('',#403,10.366432361);
#405=LINE('',#402,#404);
#406=EDGE_CURVE('',#401,#392,#405,.T.);
#407=ORIENTED_EDGE('',*,*,#406,.F.);
#408=CARTESIAN_POINT('',(46.143303674,90.368951258,101.610488914));
#409=VERTEX_POINT('',#408);
#410=CARTESIAN_POINT('',(48.142079798,90.368951258,101.540531749));
#411=DIRECTION('',(0.,-1.,0.));
#412=DIRECTION('',(1.,0.,0.));
#413=AXIS2_PLACEMENT_3D('',#410,#411,#412);
#414=CIRCLE('',#413,2.);
#415=EDGE_CURVE('',#401,#409,#414,.T.);
#416=ORIENTED_EDGE('',*,*,#415,.T.);
#417=CARTESIAN_POINT('',(44.628072426,90.368951258,58.318167539));
#418=VERTEX_POINT('',#417);
#419=CARTESIAN_POINT('',(46.143303674,90.368951258,101.610488914));
#420=DIRECTION('',(-0.034978582,-0.,-0.999388062));
#421=VECTOR('',#420,43.318829805);
#422=LINE('',#419,#421);
#423=EDGE_CURVE('',#409,#418,#422,.T.);
#424=ORIENTED_EDGE('',*,*,#423,.T.);
#425=CARTESIAN_POINT('',(41.550673517,90.368951258,55.21661895));
#426=VERTEX_POINT('',#425);
#427=CARTESIAN_POINT('',(41.413019169,90.368951258,58.430694403));
#428=DIRECTION('',(-0.,1.,-0.));
#429=DIRECTION('',(1.,0.,0.));
#430=AXIS2_PLACEMENT_3D('',#427,#428,#429);
#431=CIRCLE('',#430,3.217021874);
#432=EDGE_CURVE('',#418,#426,#431,.T.);
#433=ORIENTED_EDGE('',*,*,#432,.T.);
#434=CARTESIAN_POINT('',(38.473274607,90.368951258,58.318167539));
#435=VERTEX_POINT('',#434);
#436=CARTESIAN_POINT('',(41.688327864,90.368951258,58.430694403));
#437=DIRECTION('',(-0.,1.,-0.));
#438=DIRECTION('',(1.,0.,0.));
#439=AXIS2_PLACEMENT_3D('',#436,#437,#438);
#440=CIRCLE('',#439,3.217021874);
#441=EDGE_CURVE('',#426,#435,#440,.T.);
#442=ORIENTED_EDGE('',*,*,#441,.T.);
#443=CARTESIAN_POINT('',(36.958043359,90.368951258,101.610488914));
#444=VERTEX_POINT('',#443);
#445=CARTESIAN_POINT('',(38.473274607,90.368951258,58.318167539));
#446=DIRECTION('',(-0.034978582,-0.,0.999388062));
#447=VECTOR('',#446,43.318829805);
#448=LINE('',#445,#447);
#449=EDGE_CURVE('',#435,#444,#448,.T.);
#450=ORIENTED_EDGE('',*,*,#449,.T.);
#451=CARTESIAN_POINT('',(34.959267235,90.368951258,103.540531749));
#452=VERTEX_POINT('',#451);
#453=CARTESIAN_POINT('',(34.959267235,90.368951258,101.540531749));
#454=DIRECTION('',(0.,-1.,0.));
#455=DIRECTION('',(1.,0.,0.));
#456=AXIS2_PLACEMENT_3D('',#453,#454,#455);
#457=CIRCLE('',#456,2.);
#458=EDGE_CURVE('',#444,#452,#457,.T.);
#459=ORIENTED_EDGE('',*,*,#458,.T.);
#460=CARTESIAN_POINT('',(24.82618284,90.368951258,103.540531749));
#461=VERTEX_POINT('',#460);
#462=CARTESIAN_POINT('',(24.82618284,90.368951258,103.540531749));
#463=DIRECTION('',(1.,0.,0.));
#464=VECTOR('',#463,10.133084394);
#465=LINE('',#462,#464);
#466=EDGE_CURVE('',#461,#452,#465,.T.);
#467=ORIENTED_EDGE('',*,*,#466,.F.);
#468=CARTESIAN_POINT('',(22.827406716,90.368951258,101.610488914));
#469=VERTEX_POINT('',#468);
#470=CARTESIAN_POINT('',(24.82618284,90.368951258,101.540531749));
#471=DIRECTION('',(0.,-1.,0.));
#472=DIRECTION('',(1.,0.,0.));
#473=AXIS2_PLACEMENT_3D('',#470,#471,#472);
#474=CIRCLE('',#473,2.);
#475=EDGE_CURVE('',#461,#469,#474,.T.);
#476=ORIENTED_EDGE('',*,*,#475,.T.);
#477=CARTESIAN_POINT('',(20.348476862,90.368951258,30.783921669));
#478=VERTEX_POINT('',#477);
#479=CARTESIAN_POINT('',(20.348476862,90.368951258,30.783921669));
#480=DIRECTION('',(0.034978582,0.,0.999388062));
#481=VECTOR('',#480,70.86993524);
#482=LINE('',#479,#481);
#483=EDGE_CURVE('',#478,#469,#482,.T.);
#484=ORIENTED_EDGE('',*,*,#483,.F.);
#485=CARTESIAN_POINT('',(15.165474532,90.368951258,25.560246078));
#486=VERTEX_POINT('',#485);
#487=CARTESIAN_POINT('',(14.933634975,90.368951258,30.973441135));
#488=DIRECTION('',(-0.,1.,-0.));
#489=DIRECTION('',(1.,0.,0.));
#490=AXIS2_PLACEMENT_3D('',#487,#488,#489);
#491=CIRCLE('',#490,5.418157463);
#492=EDGE_CURVE('',#478,#486,#491,.T.);
#493=ORIENTED_EDGE('',*,*,#492,.T.);
#494=CARTESIAN_POINT('',(9.982472203,90.368951258,30.783921669));
#495=VERTEX_POINT('',#494);
#496=CARTESIAN_POINT('',(15.39731409,90.368951258,30.973441135));
#497=DIRECTION('',(-0.,1.,-0.));
#498=DIRECTION('',(1.,0.,0.));
#499=AXIS2_PLACEMENT_3D('',#496,#497,#498);
#500=CIRCLE('',#499,5.418157463);
#501=EDGE_CURVE('',#486,#495,#500,.T.);
#502=ORIENTED_EDGE('',*,*,#501,.T.);
#503=CARTESIAN_POINT('',(7.503542349,90.368951258,101.610488914));
#504=VERTEX_POINT('',#503);
#505=CARTESIAN_POINT('',(9.982472203,90.368951258,30.783921669));
#506=DIRECTION('',(-0.034978582,-0.,0.999388062));
#507=VECTOR('',#506,70.86993524);
#508=LINE('',#505,#507);
#509=EDGE_CURVE('',#495,#504,#508,.T.);
#510=ORIENTED_EDGE('',*,*,#509,.T.);
#511=CARTESIAN_POINT('',(5.504766225,90.368951258,103.540531749));
#512=VERTEX_POINT('',#511);
#513=CARTESIAN_POINT('',(5.504766225,90.368951258,101.540531749));
#514=DIRECTION('',(0.,-1.,0.));
#515=DIRECTION('',(1.,0.,0.));
#516=AXIS2_PLACEMENT_3D('',#513,#514,#515);
#517=CIRCLE('',#516,2.);
#518=EDGE_CURVE('',#504,#512,#517,.T.);
#519=ORIENTED_EDGE('',*,*,#518,.T.);
#520=CARTESIAN_POINT('',(-13.17381716,90.368951258,103.540531749));
#521=VERTEX_POINT('',#520);
#522=CARTESIAN_POINT('',(-13.17381716,90.368951258,103.540531749));
#523=DIRECTION('',(1.,0.,0.));
#524=VECTOR('',#523,18.678583384);
#525=LINE('',#522,#524);
#526=EDGE_CURVE('',#521,#512,#525,.T.);
#527=ORIENTED_EDGE('',*,*,#526,.F.);
#528=CARTESIAN_POINT('',(-15.172593284,90.368951258,101.610488914));
#529=VERTEX_POINT('',#528);
#530=CARTESIAN_POINT('',(-13.17381716,90.368951258,101.540531749));
#531=DIRECTION('',(0.,-1.,0.));
#532=DIRECTION('',(1.,0.,0.));
#533=AXIS2_PLACEMENT_3D('',#530,#531,#532);
#534=CIRCLE('',#533,2.);
#535=EDGE_CURVE('',#521,#529,#534,.T.);
#536=ORIENTED_EDGE('',*,*,#535,.T.);
#537=CARTESIAN_POINT('',(-17.651523138,90.368951258,30.783921669));
#538=VERTEX_POINT('',#537);
#539=CARTESIAN_POINT('',(-17.651523138,90.368951258,30.783921669));
#540=DIRECTION('',(0.034978582,0.,0.999388062));
#541=VECTOR('',#540,70.86993524);
#542=LINE('',#539,#541);
#543=EDGE_CURVE('',#538,#529,#542,.T.);
#544=ORIENTED_EDGE('',*,*,#543,.F.);
#545=CARTESIAN_POINT('',(-22.834525468,90.368951258,25.560246078));
#546=VERTEX_POINT('',#545);
#547=CARTESIAN_POINT('',(-23.066365025,90.368951258,30.973441135));
#548=DIRECTION('',(-0.,1.,-0.));
#549=DIRECTION('',(1.,0.,0.));
#550=AXIS2_PLACEMENT_3D('',#547,#548,#549);
#551=CIRCLE('',#550,5.418157463);
#552=EDGE_CURVE('',#538,#546,#551,.T.);
#553=ORIENTED_EDGE('',*,*,#552,.T.);
#554=CARTESIAN_POINT('',(-28.017527797,90.368951258,30.783921669));
#555=VERTEX_POINT('',#554);
#556=CARTESIAN_POINT('',(-22.60268591,90.368951258,30.973441135));
#557=DIRECTION('',(-0.,1.,-0.));
#558=DIRECTION('',(1.,0.,0.));
#559=AXIS2_PLACEMENT_3D('',#556,#557,#558);
#560=CIRCLE('',#559,5.418157463);
#561=EDGE_CURVE('',#546,#555,#560,.T.);
#562=ORIENTED_EDGE('',*,*,#561,.T.);
#563=CARTESIAN_POINT('',(-30.496457651,90.368951258,101.610488914));
#564=VERTEX_POINT('',#563);
#565=CARTESIAN_POINT('',(-28.017527797,90.368951258,30.783921669));
#566=DIRECTION('',(-0.034978582,-0.,0.999388062));
#567=VECTOR('',#566,70.86993524);
#568=LINE('',#565,#567);
#569=EDGE_CURVE('',#555,#564,#568,.T.);
#570=ORIENTED_EDGE('',*,*,#569,.T.);
#571=CARTESIAN_POINT('',(-32.495233775,90.368951258,103.540531749));
#572=VERTEX_POINT('',#571);
#573=CARTESIAN_POINT('',(-32.495233775,90.368951258,101.540531749));
#574=DIRECTION('',(0.,-1.,0.));
#575=DIRECTION('',(1.,0.,0.));
#576=AXIS2_PLACEMENT_3D('',#573,#574,#575);
#577=CIRCLE('',#576,2.);
#578=EDGE_CURVE('',#564,#572,#577,.T.);
#579=ORIENTED_EDGE('',*,*,#578,.T.);
#580=CARTESIAN_POINT('',(-51.17381716,90.368951258,103.540531749));
#581=VERTEX_POINT('',#580);
#582=CARTESIAN_POINT('',(-51.17381716,90.368951258,103.540531749));
#583=DIRECTION('',(1.,0.,0.));
#584=VECTOR('',#583,18.678583384);
#585=LINE('',#582,#584);
#586=EDGE_CURVE('',#581,#572,#585,.T.);
#587=ORIENTED_EDGE('',*,*,#586,.F.);
#588=CARTESIAN_POINT('',(-53.172593284,90.368951258,101.610488914));
#589=VERTEX_POINT('',#588);
#590=CARTESIAN_POINT('',(-51.17381716,90.368951258,101.540531749));
#591=DIRECTION('',(0.,-1.,0.));
#592=DIRECTION('',(1.,0.,0.));
#593=AXIS2_PLACEMENT_3D('',#590,#591,#592);
#594=CIRCLE('',#593,2.);
#595=EDGE_CURVE('',#581,#589,#594,.T.);
#596=ORIENTED_EDGE('',*,*,#595,.T.);
#597=CARTESIAN_POINT('',(-55.651523138,90.368951258,30.783921669));
#598=VERTEX_POINT('',#597);
#599=CARTESIAN_POINT('',(-55.651523138,90.368951258,30.783921669));
#600=DIRECTION('',(0.034978582,0.,0.999388062));
#601=VECTOR('',#600,70.86993524);
#602=LINE('',#599,#601);
#603=EDGE_CURVE('',#598,#589,#602,.T.);
#604=ORIENTED_EDGE('',*,*,#603,.F.);
#605=CARTESIAN_POINT('',(-60.834525468,90.368951258,25.560246078));
#606=VERTEX_POINT('',#605);
#607=CARTESIAN_POINT('',(-61.066365025,90.368951258,30.973441135));
#608=DIRECTION('',(-0.,1.,-0.));
#609=DIRECTION('',(1.,0.,0.));
#610=AXIS2_PLACEMENT_3D('',#607,#608,#609);
#611=CIRCLE('',#610,5.418157463);
#612=EDGE_CURVE('',#598,#606,#611,.T.);
#613=ORIENTED_EDGE('',*,*,#612,.T.);
#614=CARTESIAN_POINT('',(-66.017527797,90.368951258,30.783921669));
#615=VERTEX_POINT('',#614);
#616=CARTESIAN_POINT('',(-60.60268591,90.368951258,30.973441135));
#617=DIRECTION('',(-0.,1.,-0.));
#618=DIRECTION('',(1.,0.,0.));
#619=AXIS2_PLACEMENT_3D('',#616,#617,#618);
#620=CIRCLE('',#619,5.418157463);
#621=EDGE_CURVE('',#606,#615,#620,.T.);
#622=ORIENTED_EDGE('',*,*,#621,.T.);
#623=CARTESIAN_POINT('',(-68.496457651,90.368951258,101.610488914));
#624=VERTEX_POINT('',#623);
#625=CARTESIAN_POINT('',(-66.017527797,90.368951258,30.783921669));
#626=DIRECTION('',(-0.034978582,-0.,0.999388062));
#627=VECTOR('',#626,70.86993524);
#628=LINE('',#625,#627);
#629=EDGE_CURVE('',#615,#624,#628,.T.);
#630=ORIENTED_EDGE('',*,*,#629,.T.);
#631=CARTESIAN_POINT('',(-70.495233775,90.368951258,103.540531749));
#632=VERTEX_POINT('',#631);
#633=CARTESIAN_POINT('',(-70.495233775,90.368951258,101.540531749));
#634=DIRECTION('',(0.,-1.,0.));
#635=DIRECTION('',(1.,0.,0.));
#636=AXIS2_PLACEMENT_3D('',#633,#634,#635);
#637=CIRCLE('',#636,2.);
#638=EDGE_CURVE('',#624,#632,#637,.T.);
#639=ORIENTED_EDGE('',*,*,#638,.T.);
#640=CARTESIAN_POINT('',(-94.868116622,90.368951258,103.540531749));
#641=VERTEX_POINT('',#640);
#642=CARTESIAN_POINT('',(-94.868116622,90.368951258,103.540531749));
#643=DIRECTION('',(1.,0.,0.));
#644=VECTOR('',#643,24.372882847);
#645=LINE('',#642,#644);
#646=EDGE_CURVE('',#641,#632,#645,.T.);
#647=ORIENTED_EDGE('',*,*,#646,.F.);
#648=CARTESIAN_POINT('',(-99.668116622,90.368951258,98.740531749));
#649=VERTEX_POINT('',#648);
#650=CARTESIAN_POINT('',(-94.868116622,90.368951258,98.740531749));
#651=DIRECTION('',(0.,-1.,0.));
#652=DIRECTION('',(1.,0.,0.));
#653=AXIS2_PLACEMENT_3D('',#650,#651,#652);
#654=CIRCLE('',#653,4.8);
#655=EDGE_CURVE('',#641,#649,#654,.T.);
#656=ORIENTED_EDGE('',*,*,#655,.T.);
#657=CARTESIAN_POINT('',(-99.668116622,90.368951258,45.540531749));
#658=VERTEX_POINT('',#657);
#659=CARTESIAN_POINT('',(-99.668116622,90.368951258,98.740531749));
#660=DIRECTION('',(0.,0.,-1.));
#661=VECTOR('',#660,53.2);
#662=LINE('',#659,#661);
#663=EDGE_CURVE('',#649,#658,#662,.T.);
#664=ORIENTED_EDGE('',*,*,#663,.T.);
#665=CARTESIAN_POINT('',(-92.340363981,90.368951258,45.540531749));
#666=VERTEX_POINT('',#665);
#667=CARTESIAN_POINT('',(-99.668116622,90.368951258,45.540531749));
#668=DIRECTION('',(1.,0.,0.));
#669=VECTOR('',#668,7.327752641);
#670=LINE('',#667,#669);
#671=EDGE_CURVE('',#658,#666,#670,.T.);
#672=ORIENTED_EDGE('',*,*,#671,.T.);
#673=CARTESIAN_POINT('',(-92.340363981,90.368951258,21.540531749));
#674=VERTEX_POINT('',#673);
#675=CARTESIAN_POINT('',(-92.340363981,90.368951258,45.540531749));
#676=DIRECTION('',(0.,0.,-1.));
#677=VECTOR('',#676,24.);
#678=LINE('',#675,#677);
#679=EDGE_CURVE('',#666,#674,#678,.T.);
#680=ORIENTED_EDGE('',*,*,#679,.T.);
#681=CARTESIAN_POINT('',(-91.868116622,90.368951258,21.540531749));
#682=VERTEX_POINT('',#681);
#683=CARTESIAN_POINT('',(-92.340363981,90.368951258,21.540531749));
#684=DIRECTION('',(1.,0.,-0.));
#685=VECTOR('',#684,0.472247359);
#686=LINE('',#683,#685);
#687=EDGE_CURVE('',#674,#682,#686,.T.);
#688=ORIENTED_EDGE('',*,*,#687,.T.);
#689=CARTESIAN_POINT('',(-91.868116622,90.368951258,11.190531749));
#690=VERTEX_POINT('',#689);
#691=CARTESIAN_POINT('',(-91.868116622,90.368951258,11.190531749));
#692=DIRECTION('',(0.,0.,1.));
#693=VECTOR('',#692,10.35);
#694=LINE('',#691,#693);
#695=EDGE_CURVE('',#690,#682,#694,.T.);
#696=ORIENTED_EDGE('',*,*,#695,.F.);
#697=CARTESIAN_POINT('',(-89.868116622,90.368951258,9.190531749));
#698=VERTEX_POINT('',#697);
#699=CARTESIAN_POINT('',(-89.868116622,90.368951258,11.190531749));
#700=DIRECTION('',(0.,-1.,0.));
#701=DIRECTION('',(1.,0.,0.));
#702=AXIS2_PLACEMENT_3D('',#699,#700,#701);
#703=CIRCLE('',#702,2.);
#704=EDGE_CURVE('',#690,#698,#703,.T.);
#705=ORIENTED_EDGE('',*,*,#704,.T.);
#706=CARTESIAN_POINT('',(91.981883378,90.368951258,9.190531749));
#707=VERTEX_POINT('',#706);
#708=CARTESIAN_POINT('',(91.981883378,90.368951258,9.190531749));
#709=DIRECTION('',(-1.,-0.,0.));
#710=VECTOR('',#709,181.85);
#711=LINE('',#708,#710);
#712=EDGE_CURVE('',#707,#698,#711,.T.);
#713=ORIENTED_EDGE('',*,*,#712,.F.);
#714=CARTESIAN_POINT('',(93.981883378,90.368951258,11.190531749));
#715=VERTEX_POINT('',#714);
#716=CARTESIAN_POINT('',(91.981883378,90.368951258,11.190531749));
#717=DIRECTION('',(0.,-1.,0.));
#718=DIRECTION('',(1.,0.,0.));
#719=AXIS2_PLACEMENT_3D('',#716,#717,#718);
#720=CIRCLE('',#719,2.);
#721=EDGE_CURVE('',#707,#715,#720,.T.);
#722=ORIENTED_EDGE('',*,*,#721,.T.);
#723=CARTESIAN_POINT('',(93.981883378,90.368951258,21.540531749));
#724=VERTEX_POINT('',#723);
#725=CARTESIAN_POINT('',(93.981883378,90.368951258,21.540531749));
#726=DIRECTION('',(0.,0.,-1.));
#727=VECTOR('',#726,10.35);
#728=LINE('',#725,#727);
#729=EDGE_CURVE('',#724,#715,#728,.T.);
#730=ORIENTED_EDGE('',*,*,#729,.F.);
#731=CARTESIAN_POINT('',(94.454130736,90.368951258,21.540531749));
#732=VERTEX_POINT('',#731);
#733=CARTESIAN_POINT('',(94.454130736,90.368951258,21.540531749));
#734=DIRECTION('',(-1.,0.,0.));
#735=VECTOR('',#734,0.472247359);
#736=LINE('',#733,#735);
#737=EDGE_CURVE('',#732,#724,#736,.T.);
#738=ORIENTED_EDGE('',*,*,#737,.F.);
#739=CARTESIAN_POINT('',(94.454130736,90.368951258,45.540531749));
#740=VERTEX_POINT('',#739);
#741=CARTESIAN_POINT('',(94.454130736,90.368951258,45.540531749));
#742=DIRECTION('',(0.,0.,-1.));
#743=VECTOR('',#742,24.);
#744=LINE('',#741,#743);
#745=EDGE_CURVE('',#740,#732,#744,.T.);
#746=ORIENTED_EDGE('',*,*,#745,.F.);
#747=CARTESIAN_POINT('',(101.781883378,90.368951258,45.540531749));
#748=VERTEX_POINT('',#747);
#749=CARTESIAN_POINT('',(94.454130736,90.368951258,45.540531749));
#750=DIRECTION('',(1.,0.,0.));
#751=VECTOR('',#750,7.327752641);
#752=LINE('',#749,#751);
#753=EDGE_CURVE('',#740,#748,#752,.T.);
#754=ORIENTED_EDGE('',*,*,#753,.T.);
#755=CARTESIAN_POINT('',(101.781883378,90.368951258,98.740531749));
#756=VERTEX_POINT('',#755);
#757=CARTESIAN_POINT('',(101.781883378,90.368951258,98.740531749));
#758=DIRECTION('',(0.,0.,-1.));
#759=VECTOR('',#758,53.2);
#760=LINE('',#757,#759);
#761=EDGE_CURVE('',#756,#748,#760,.T.);
#762=ORIENTED_EDGE('',*,*,#761,.F.);
#763=CARTESIAN_POINT('',(96.981883378,90.368951258,98.740531749));
#764=DIRECTION('',(0.,-1.,0.));
#765=DIRECTION('',(1.,0.,0.));
#766=AXIS2_PLACEMENT_3D('',#763,#764,#765);
#767=CIRCLE('',#766,4.8);
#768=EDGE_CURVE('',#756,#341,#767,.T.);
#769=ORIENTED_EDGE('',*,*,#768,.T.);
#770=EDGE_LOOP('',(#347,#356,#364,#373,#382,#390,#399,#407,#416,#424,#433,#442,#450,#459,#467,#476,#484,#493,#502,#510,#519,#527,#536,#544,#553,#562,
#570,#579,#587,#596,#604,#613,#622,#630,#639,#647,#656,#664,#672,#680,#688,#696,#705,#713,#722,#730,#738,#746,#754,#762,#769));
#771=FACE_BOUND('',#770,.T.);
#772=ADVANCED_FACE('',(#93,#163,#197,#267,#337,#771),#73,.T.);
#773=CARTESIAN_POINT('',(75.043669889,96.068951258,9.190531749));
#774=DIRECTION('',(0.,0.,1.));
#775=DIRECTION('',(0.,-1.,0.));
#776=AXIS2_PLACEMENT_3D('',#773,#774,#775);
#777=PLANE('',#776);
#778=CARTESIAN_POINT('',(91.981883378,96.068951258,9.190531749));
#779=VERTEX_POINT('',#778);
#780=CARTESIAN_POINT('',(-89.868116622,96.068951258,9.190531749));
#781=VERTEX_POINT('',#780);
#782=CARTESIAN_POINT('',(91.981883378,96.068951258,9.190531749));
#783=DIRECTION('',(-1.,-0.,0.));
#784=VECTOR('',#783,181.85);
#785=LINE('',#782,#784);
#786=EDGE_CURVE('',#779,#781,#785,.T.);
#787=ORIENTED_EDGE('',*,*,#786,.F.);
#788=CARTESIAN_POINT('',(91.981883378,96.068951258,9.190531749));
#789=DIRECTION('',(0.,-1.,0.));
#790=VECTOR('',#789,5.7);
#791=LINE('',#788,#790);
#792=EDGE_CURVE('',#779,#707,#791,.T.);
#793=ORIENTED_EDGE('',*,*,#792,.T.);
#794=ORIENTED_EDGE('',*,*,#712,.T.);
#795=CARTESIAN_POINT('',(-89.868116622,90.368951258,9.190531749));
#796=DIRECTION('',(-0.,1.,-0.));
#797=VECTOR('',#796,5.7);
#798=LINE('',#795,#797);
#799=EDGE_CURVE('',#698,#781,#798,.T.);
#800=ORIENTED_EDGE('',*,*,#799,.T.);
#801=EDGE_LOOP('',(#787,#793,#794,#800));
#802=FACE_BOUND('',#801,.T.);
#803=ADVANCED_FACE('',(#802),#777,.F.);
#804=CARTESIAN_POINT('',(93.981883378,95.517004067,81.065283671));
#805=DIRECTION('',(-1.,-0.,0.));
#806=DIRECTION('',(0.,0.,-1.));
#807=AXIS2_PLACEMENT_3D('',#804,#805,#806);
#808=PLANE('',#807);
#809=CARTESIAN_POINT('',(93.981883378,96.068951258,21.540531749));
#810=VERTEX_POINT('',#809);
#811=CARTESIAN_POINT('',(93.981883378,96.068951258,11.190531749));
#812=VERTEX_POINT('',#811);
#813=CARTESIAN_POINT('',(93.981883378,96.068951258,21.540531749));
#814=DIRECTION('',(0.,0.,-1.));
#815=VECTOR('',#814,10.35);
#816=LINE('',#813,#815);
#817=EDGE_CURVE('',#810,#812,#816,.T.);
#818=ORIENTED_EDGE('',*,*,#817,.F.);
#819=CARTESIAN_POINT('',(93.981883378,96.068951258,21.540531749));
#820=DIRECTION('',(0.,-1.,0.));
#821=VECTOR('',#820,5.7);
#822=LINE('',#819,#821);
#823=EDGE_CURVE('',#810,#724,#822,.T.);
#824=ORIENTED_EDGE('',*,*,#823,.T.);
#825=ORIENTED_EDGE('',*,*,#729,.T.);
#826=CARTESIAN_POINT('',(93.981883378,90.368951258,11.190531749));
#827=DIRECTION('',(-0.,1.,-0.));
#828=VECTOR('',#827,5.7);
#829=LINE('',#826,#828);
#830=EDGE_CURVE('',#715,#812,#829,.T.);
#831=ORIENTED_EDGE('',*,*,#830,.T.);
#832=EDGE_LOOP('',(#818,#824,#825,#831));
#833=FACE_BOUND('',#832,.T.);
#834=ADVANCED_FACE('',(#833),#808,.F.);
#835=CARTESIAN_POINT('',(81.067891943,80.43677688,45.899887894));
#836=DIRECTION('',(0.,1.,0.));
#837=DIRECTION('',(0.,-0.,1.));
#838=AXIS2_PLACEMENT_3D('',#835,#836,#837);
#839=CYLINDRICAL_SURFACE('',#838,1.6);
#840=CARTESIAN_POINT('',(81.067891943,96.068951258,47.499887894));
#841=VERTEX_POINT('',#840);
#842=CARTESIAN_POINT('',(81.067891943,94.868951258,47.499887894));
#843=VERTEX_POINT('',#842);
#844=CARTESIAN_POINT('',(81.067891943,96.068951258,47.499887894));
#845=DIRECTION('',(-0.,-1.,-0.));
#846=VECTOR('',#845,1.2);
#847=LINE('',#844,#846);
#848=EDGE_CURVE('',#841,#843,#847,.T.);
#849=ORIENTED_EDGE('',*,*,#848,.F.);
#850=CARTESIAN_POINT('',(79.467891943,96.068951258,45.899887894));
#851=VERTEX_POINT('',#850);
#852=CARTESIAN_POINT('',(81.067891943,96.068951258,45.899887894));
#853=DIRECTION('',(0.,1.,-0.));
#854=DIRECTION('',(-1.,0.,0.));
#855=AXIS2_PLACEMENT_3D('',#852,#853,#854);
#856=CIRCLE('',#855,1.6);
#857=EDGE_CURVE('',#841,#851,#856,.T.);
#858=ORIENTED_EDGE('',*,*,#857,.T.);
#859=CARTESIAN_POINT('',(81.067891943,96.068951258,45.899887894));
#860=DIRECTION('',(0.,1.,-0.));
#861=DIRECTION('',(-1.,0.,0.));
#862=AXIS2_PLACEMENT_3D('',#859,#860,#861);
#863=CIRCLE('',#862,1.6);
#864=EDGE_CURVE('',#851,#841,#863,.T.);
#865=ORIENTED_EDGE('',*,*,#864,.T.);
#866=ORIENTED_EDGE('',*,*,#848,.T.);
#867=CARTESIAN_POINT('',(82.667891943,94.868951258,45.899887894));
#868=VERTEX_POINT('',#867);
#869=CARTESIAN_POINT('',(81.067891943,94.868951258,45.899887894));
#870=DIRECTION('',(0.,-1.,0.));
#871=DIRECTION('',(1.,0.,0.));
#872=AXIS2_PLACEMENT_3D('',#869,#870,#871);
#873=CIRCLE('',#872,1.6);
#874=EDGE_CURVE('',#843,#868,#873,.T.);
#875=ORIENTED_EDGE('',*,*,#874,.T.);
#876=CARTESIAN_POINT('',(81.067891943,94.868951258,45.899887894));
#877=DIRECTION('',(0.,-1.,0.));
#878=DIRECTION('',(1.,0.,0.));
#879=AXIS2_PLACEMENT_3D('',#876,#877,#878);
#880=CIRCLE('',#879,1.6);
#881=EDGE_CURVE('',#868,#843,#880,.T.);
#882=ORIENTED_EDGE('',*,*,#881,.T.);
#883=EDGE_LOOP('',(#849,#858,#865,#866,#875,#882));
#884=FACE_BOUND('',#883,.T.);
#885=ADVANCED_FACE('',(#884),#839,.F.);
#886=CARTESIAN_POINT('',(81.067891943,80.43677688,70.899887894));
#887=DIRECTION('',(0.,1.,0.));
#888=DIRECTION('',(0.,-0.,1.));
#889=AXIS2_PLACEMENT_3D('',#886,#887,#888);
#890=CYLINDRICAL_SURFACE('',#889,1.6);
#891=CARTESIAN_POINT('',(81.067891943,96.068951258,72.499887894));
#892=VERTEX_POINT('',#891);
#893=CARTESIAN_POINT('',(81.067891943,94.868951258,72.499887894));
#894=VERTEX_POINT('',#893);
#895=CARTESIAN_POINT('',(81.067891943,96.068951258,72.499887894));
#896=DIRECTION('',(-0.,-1.,-0.));
#897=VECTOR('',#896,1.2);
#898=LINE('',#895,#897);
#899=EDGE_CURVE('',#892,#894,#898,.T.);
#900=ORIENTED_EDGE('',*,*,#899,.F.);
#901=CARTESIAN_POINT('',(79.467920109,96.068951258,70.890394195));
#902=VERTEX_POINT('',#901);
#903=CARTESIAN_POINT('',(81.067891943,96.068951258,70.899887894));
#904=DIRECTION('',(0.,1.,-0.));
#905=DIRECTION('',(-0.999982396,-0.,-0.005933562));
#906=AXIS2_PLACEMENT_3D('',#903,#904,#905);
#907=CIRCLE('',#906,1.6);
#908=EDGE_CURVE('',#892,#902,#907,.T.);
#909=ORIENTED_EDGE('',*,*,#908,.T.);
#910=CARTESIAN_POINT('',(81.067891943,96.068951258,70.899887894));
#911=DIRECTION('',(0.,1.,-0.));
#912=DIRECTION('',(-0.999982396,-0.,-0.005933562));
#913=AXIS2_PLACEMENT_3D('',#910,#911,#912);
#914=CIRCLE('',#913,1.6);
#915=EDGE_CURVE('',#902,#892,#914,.T.);
#916=ORIENTED_EDGE('',*,*,#915,.T.);
#917=ORIENTED_EDGE('',*,*,#899,.T.);
#918=CARTESIAN_POINT('',(82.667891943,94.868951258,70.899887894));
#919=VERTEX_POINT('',#918);
#920=CARTESIAN_POINT('',(81.067891943,94.868951258,70.899887894));
#921=DIRECTION('',(0.,-1.,0.));
#922=DIRECTION('',(1.,0.,0.));
#923=AXIS2_PLACEMENT_3D('',#920,#921,#922);
#924=CIRCLE('',#923,1.6);
#925=EDGE_CURVE('',#894,#919,#924,.T.);
#926=ORIENTED_EDGE('',*,*,#925,.T.);
#927=CARTESIAN_POINT('',(81.067891943,94.868951258,70.899887894));
#928=DIRECTION('',(0.,-1.,0.));
#929=DIRECTION('',(1.,0.,0.));
#930=AXIS2_PLACEMENT_3D('',#927,#928,#929);
#931=CIRCLE('',#930,1.6);
#932=EDGE_CURVE('',#919,#894,#931,.T.);
#933=ORIENTED_EDGE('',*,*,#932,.T.);
#934=EDGE_LOOP('',(#900,#909,#916,#917,#926,#933));
#935=FACE_BOUND('',#934,.T.);
#936=ADVANCED_FACE('',(#935),#890,.F.);
#937=CARTESIAN_POINT('',(82.984460494,102.68104928,49.359210453));
#938=DIRECTION('',(-0.173648178,0.,0.984807753));
#939=DIRECTION('',(0.984807753,0.,0.173648178));
#940=AXIS2_PLACEMENT_3D('',#937,#938,#939);
#941=PLANE('',#940);
#942=CARTESIAN_POINT('',(80.584460494,96.068951258,48.936025699));
#943=VERTEX_POINT('',#942);
#944=CARTESIAN_POINT('',(80.584460494,94.868951258,48.936025699));
#945=VERTEX_POINT('',#944);
#946=CARTESIAN_POINT('',(80.584460494,96.068951258,48.936025699));
#947=DIRECTION('',(-0.,-1.,0.));
#948=VECTOR('',#947,1.2);
#949=LINE('',#946,#948);
#950=EDGE_CURVE('',#943,#945,#949,.T.);
#951=ORIENTED_EDGE('',*,*,#950,.T.);
#952=CARTESIAN_POINT('',(82.984460494,94.868951258,49.359210453));
#953=VERTEX_POINT('',#952);
#954=CARTESIAN_POINT('',(82.984460494,94.868951258,49.359210453));
#955=DIRECTION('',(-0.984807753,-0.,-0.173648178));
#956=VECTOR('',#955,2.437023869);
#957=LINE('',#954,#956);
#958=EDGE_CURVE('',#953,#945,#957,.T.);
#959=ORIENTED_EDGE('',*,*,#958,.F.);
#960=CARTESIAN_POINT('',(82.984460494,96.068951258,49.359210453));
#961=VERTEX_POINT('',#960);
#962=CARTESIAN_POINT('',(82.984460494,96.068951258,49.359210453));
#963=DIRECTION('',(-0.,-1.,0.));
#964=VECTOR('',#963,1.2);
#965=LINE('',#962,#964);
#966=EDGE_CURVE('',#961,#953,#965,.T.);
#967=ORIENTED_EDGE('',*,*,#966,.F.);
#968=CARTESIAN_POINT('',(82.984460494,96.068951258,49.359210453));
#969=DIRECTION('',(-0.984807753,-0.,-0.173648178));
#970=VECTOR('',#969,2.437023869);
#971=LINE('',#968,#970);
#972=EDGE_CURVE('',#961,#943,#971,.T.);
#973=ORIENTED_EDGE('',*,*,#972,.T.);
#974=EDGE_LOOP('',(#951,#959,#967,#973));
#975=FACE_BOUND('',#974,.T.);
#976=ADVANCED_FACE('',(#975),#941,.T.);
#977=CARTESIAN_POINT('',(75.741338124,102.68104928,52.999887894));
#978=DIRECTION('',(1.,0.,0.));
#979=DIRECTION('',(0.,0.,-1.));
#980=AXIS2_PLACEMENT_3D('',#977,#978,#979);
#981=PLANE('',#980);
#982=CARTESIAN_POINT('',(75.741338124,96.068951258,63.799887894));
#983=VERTEX_POINT('',#982);
#984=CARTESIAN_POINT('',(75.741338124,94.868951258,63.799887894));
#985=VERTEX_POINT('',#984);
#986=CARTESIAN_POINT('',(75.741338124,96.068951258,63.799887894));
#987=DIRECTION('',(0.,-1.,0.));
#988=VECTOR('',#987,1.2);
#989=LINE('',#986,#988);
#990=EDGE_CURVE('',#983,#985,#989,.T.);
#991=ORIENTED_EDGE('',*,*,#990,.T.);
#992=CARTESIAN_POINT('',(75.741338124,94.868951258,52.999887894));
#993=VERTEX_POINT('',#992);
#994=CARTESIAN_POINT('',(75.741338124,94.868951258,52.999887894));
#995=DIRECTION('',(-0.,-0.,1.));
#996=VECTOR('',#995,10.8);
#997=LINE('',#994,#996);
#998=EDGE_CURVE('',#993,#985,#997,.T.);
#999=ORIENTED_EDGE('',*,*,#998,.F.);
#1000=CARTESIAN_POINT('',(75.741338124,96.068951258,52.999887894));
#1001=VERTEX_POINT('',#1000);
#1002=CARTESIAN_POINT('',(75.741338124,96.068951258,52.999887894));
#1003=DIRECTION('',(0.,-1.,0.));
#1004=VECTOR('',#1003,1.2);
#1005=LINE('',#1002,#1004);
#1006=EDGE_CURVE('',#1001,#993,#1005,.T.);
#1007=ORIENTED_EDGE('',*,*,#1006,.F.);
#1008=CARTESIAN_POINT('',(75.741338124,96.068951258,52.999887894));
#1009=DIRECTION('',(-0.,-0.,1.));
#1010=VECTOR('',#1009,10.8);
#1011=LINE('',#1008,#1010);
#1012=EDGE_CURVE('',#1001,#983,#1011,.T.);
#1013=ORIENTED_EDGE('',*,*,#1012,.T.);
#1014=EDGE_LOOP('',(#991,#999,#1007,#1013));
#1015=FACE_BOUND('',#1014,.T.);
#1016=ADVANCED_FACE('',(#1015),#981,.T.);
#1017=CARTESIAN_POINT('',(80.584460494,102.68104928,67.863750089));
#1018=DIRECTION('',(-0.173648178,-0.,-0.984807753));
#1019=DIRECTION('',(-0.984807753,0.,0.173648178));
#1020=AXIS2_PLACEMENT_3D('',#1017,#1018,#1019);
#1021=PLANE('',#1020);
#1022=CARTESIAN_POINT('',(82.984460494,96.068951258,67.440565335));
#1023=VERTEX_POINT('',#1022);
#1024=CARTESIAN_POINT('',(82.984460494,94.868951258,67.440565335));
#1025=VERTEX_POINT('',#1024);
#1026=CARTESIAN_POINT('',(82.984460494,96.068951258,67.440565335));
#1027=DIRECTION('',(0.,-1.,0.));
#1028=VECTOR('',#1027,1.2);
#1029=LINE('',#1026,#1028);
#1030=EDGE_CURVE('',#1023,#1025,#1029,.T.);
#1031=ORIENTED_EDGE('',*,*,#1030,.T.);
#1032=CARTESIAN_POINT('',(80.584460494,94.868951258,67.863750089));
#1033=VERTEX_POINT('',#1032);
#1034=CARTESIAN_POINT('',(80.584460494,94.868951258,67.863750089));
#1035=DIRECTION('',(0.984807753,0.,-0.173648178));
#1036=VECTOR('',#1035,2.437023869);
#1037=LINE('',#1034,#1036);
#1038=EDGE_CURVE('',#1033,#1025,#1037,.T.);
#1039=ORIENTED_EDGE('',*,*,#1038,.F.);
#1040=CARTESIAN_POINT('',(80.584460494,96.068951258,67.863750089));
#1041=VERTEX_POINT('',#1040);
#1042=CARTESIAN_POINT('',(80.584460494,96.068951258,67.863750089));
#1043=DIRECTION('',(0.,-1.,0.));
#1044=VECTOR('',#1043,1.2);
#1045=LINE('',#1042,#1044);
#1046=EDGE_CURVE('',#1041,#1033,#1045,.T.);
#1047=ORIENTED_EDGE('',*,*,#1046,.F.);
#1048=CARTESIAN_POINT('',(80.584460494,96.068951258,67.863750089));
#1049=DIRECTION('',(0.984807753,0.,-0.173648178));
#1050=VECTOR('',#1049,2.437023869);
#1051=LINE('',#1048,#1050);
#1052=EDGE_CURVE('',#1041,#1023,#1051,.T.);
#1053=ORIENTED_EDGE('',*,*,#1052,.T.);
#1054=EDGE_LOOP('',(#1031,#1039,#1047,#1053));
#1055=FACE_BOUND('',#1054,.T.);
#1056=ADVANCED_FACE('',(#1055),#1021,.T.);
#1057=CARTESIAN_POINT('',(86.394445763,102.68104928,52.999887894));
#1058=DIRECTION('',(-1.,-0.,-0.));
#1059=DIRECTION('',(-0.,0.,1.));
#1060=AXIS2_PLACEMENT_3D('',#1057,#1058,#1059);
#1061=PLANE('',#1060);
#1062=CARTESIAN_POINT('',(86.394445763,96.068951258,53.423072648));
#1063=VERTEX_POINT('',#1062);
#1064=CARTESIAN_POINT('',(86.394445763,94.868951258,53.423072648));
#1065=VERTEX_POINT('',#1064);
#1066=CARTESIAN_POINT('',(86.394445763,96.068951258,53.423072648));
#1067=DIRECTION('',(0.,-1.,0.));
#1068=VECTOR('',#1067,1.2);
#1069=LINE('',#1066,#1068);
#1070=EDGE_CURVE('',#1063,#1065,#1069,.T.);
#1071=ORIENTED_EDGE('',*,*,#1070,.T.);
#1072=CARTESIAN_POINT('',(86.394445763,94.868951258,63.37670314));
#1073=VERTEX_POINT('',#1072);
#1074=CARTESIAN_POINT('',(86.394445763,94.868951258,63.37670314));
#1075=DIRECTION('',(0.,0.,-1.));
#1076=VECTOR('',#1075,9.953630493);
#1077=LINE('',#1074,#1076);
#1078=EDGE_CURVE('',#1073,#1065,#1077,.T.);
#1079=ORIENTED_EDGE('',*,*,#1078,.F.);
#1080=CARTESIAN_POINT('',(86.394445763,96.068951258,63.37670314));
#1081=VERTEX_POINT('',#1080);
#1082=CARTESIAN_POINT('',(86.394445763,96.068951258,63.37670314));
#1083=DIRECTION('',(0.,-1.,0.));
#1084=VECTOR('',#1083,1.2);
#1085=LINE('',#1082,#1084);
#1086=EDGE_CURVE('',#1081,#1073,#1085,.T.);
#1087=ORIENTED_EDGE('',*,*,#1086,.F.);
#1088=CARTESIAN_POINT('',(86.394445763,96.068951258,63.37670314));
#1089=DIRECTION('',(0.,0.,-1.));
#1090=VECTOR('',#1089,9.953630493);
#1091=LINE('',#1088,#1090);
#1092=EDGE_CURVE('',#1081,#1063,#1091,.T.);
#1093=ORIENTED_EDGE('',*,*,#1092,.T.);
#1094=EDGE_LOOP('',(#1071,#1079,#1087,#1093));
#1095=FACE_BOUND('',#1094,.T.);
#1096=ADVANCED_FACE('',(#1095),#1061,.T.);
#1097=CARTESIAN_POINT('',(-61.834525468,96.068951258,50.555283671));
#1098=DIRECTION('',(0.,-1.,0.));
#1099=DIRECTION('',(0.,0.,-1.));
#1100=AXIS2_PLACEMENT_3D('',#1097,#1098,#1099);
#1101=PLANE('',#1100);
#1102=ORIENTED_EDGE('',*,*,#47,.F.);
#1103=EDGE_LOOP('',(#1102));
#1104=FACE_BOUND('',#1103,.T.);
#1105=CARTESIAN_POINT('',(76.781883378,96.068951258,96.540531749));
#1106=VERTEX_POINT('',#1105);
#1107=CARTESIAN_POINT('',(76.781883378,96.068951258,100.540531749));
#1108=VERTEX_POINT('',#1107);
#1109=CARTESIAN_POINT('',(76.781883378,96.068951258,96.540531749));
#1110=DIRECTION('',(0.,0.,1.));
#1111=VECTOR('',#1110,4.);
#1112=LINE('',#1109,#1111);
#1113=EDGE_CURVE('',#1106,#1108,#1112,.T.);
#1114=ORIENTED_EDGE('',*,*,#1113,.F.);
#1115=CARTESIAN_POINT('',(98.781883378,96.068951258,96.540531749));
#1116=VERTEX_POINT('',#1115);
#1117=CARTESIAN_POINT('',(98.781883378,96.068951258,96.540531749));
#1118=DIRECTION('',(-1.,-0.,0.));
#1119=VECTOR('',#1118,22.);
#1120=LINE('',#1117,#1119);
#1121=EDGE_CURVE('',#1116,#1106,#1120,.T.);
#1122=ORIENTED_EDGE('',*,*,#1121,.F.);
#1123=CARTESIAN_POINT('',(98.781883378,96.068951258,100.540531749));
#1124=VERTEX_POINT('',#1123);
#1125=CARTESIAN_POINT('',(98.781883378,96.068951258,100.540531749));
#1126=DIRECTION('',(0.,0.,-1.));
#1127=VECTOR('',#1126,4.);
#1128=LINE('',#1125,#1127);
#1129=EDGE_CURVE('',#1124,#1116,#1128,.T.);
#1130=ORIENTED_EDGE('',*,*,#1129,.F.);
#1131=CARTESIAN_POINT('',(76.781883378,96.068951258,100.540531749));
#1132=DIRECTION('',(1.,0.,0.));
#1133=VECTOR('',#1132,22.);
#1134=LINE('',#1131,#1133);
#1135=EDGE_CURVE('',#1108,#1124,#1134,.T.);
#1136=ORIENTED_EDGE('',*,*,#1135,.F.);
#1137=EDGE_LOOP('',(#1114,#1122,#1130,#1136));
#1138=FACE_BOUND('',#1137,.T.);
#1139=CARTESIAN_POINT('',(-96.668116622,96.068951258,96.540531749));
#1140=VERTEX_POINT('',#1139);
#1141=CARTESIAN_POINT('',(-96.668116622,96.068951258,100.540531749));
#1142=VERTEX_POINT('',#1141);
#1143=CARTESIAN_POINT('',(-96.668116622,96.068951258,96.540531749));
#1144=DIRECTION('',(0.,0.,1.));
#1145=VECTOR('',#1144,4.);
#1146=LINE('',#1143,#1145);
#1147=EDGE_CURVE('',#1140,#1142,#1146,.T.);
#1148=ORIENTED_EDGE('',*,*,#1147,.F.);
#1149=CARTESIAN_POINT('',(-74.668116622,96.068951258,96.540531749));
#1150=VERTEX_POINT('',#1149);
#1151=CARTESIAN_POINT('',(-74.668116622,96.068951258,96.540531749));
#1152=DIRECTION('',(-1.,-0.,0.));
#1153=VECTOR('',#1152,22.);
#1154=LINE('',#1151,#1153);
#1155=EDGE_CURVE('',#1150,#1140,#1154,.T.);
#1156=ORIENTED_EDGE('',*,*,#1155,.F.);
#1157=CARTESIAN_POINT('',(-74.668116622,96.068951258,100.540531749));
#1158=VERTEX_POINT('',#1157);
#1159=CARTESIAN_POINT('',(-74.668116622,96.068951258,100.540531749));
#1160=DIRECTION('',(0.,0.,-1.));
#1161=VECTOR('',#1160,4.);
#1162=LINE('',#1159,#1161);
#1163=EDGE_CURVE('',#1158,#1150,#1162,.T.);
#1164=ORIENTED_EDGE('',*,*,#1163,.F.);
#1165=CARTESIAN_POINT('',(-96.668116622,96.068951258,100.540531749));
#1166=DIRECTION('',(1.,0.,0.));
#1167=VECTOR('',#1166,22.);
#1168=LINE('',#1165,#1167);
#1169=EDGE_CURVE('',#1142,#1158,#1168,.T.);
#1170=ORIENTED_EDGE('',*,*,#1169,.F.);
#1171=EDGE_LOOP('',(#1148,#1156,#1164,#1170));
#1172=FACE_BOUND('',#1171,.T.);
#1173=CARTESIAN_POINT('',(-79.904099366,96.068951258,13.535531749));
#1174=VERTEX_POINT('',#1173);
#1175=CARTESIAN_POINT('',(-76.533116622,96.068951258,16.906514492));
#1176=VERTEX_POINT('',#1175);
#1177=CARTESIAN_POINT('',(-79.904099366,96.068951258,16.906514492));
#1178=DIRECTION('',(0.,-1.,0.));
#1179=DIRECTION('',(1.,0.,0.));
#1180=AXIS2_PLACEMENT_3D('',#1177,#1178,#1179);
#1181=CIRCLE('',#1180,3.370982743);
#1182=EDGE_CURVE('',#1174,#1176,#1181,.T.);
#1183=ORIENTED_EDGE('',*,*,#1182,.T.);
#1184=CARTESIAN_POINT('',(-76.533116622,96.068951258,25.164549006));
#1185=VERTEX_POINT('',#1184);
#1186=CARTESIAN_POINT('',(-76.533116622,96.068951258,16.906514492));
#1187=DIRECTION('',(0.,0.,1.));
#1188=VECTOR('',#1187,8.258034513);
#1189=LINE('',#1186,#1188);
#1190=EDGE_CURVE('',#1176,#1185,#1189,.T.);
#1191=ORIENTED_EDGE('',*,*,#1190,.T.);
#1192=CARTESIAN_POINT('',(-79.904099366,96.068951258,28.535531749));
#1193=VERTEX_POINT('',#1192);
#1194=CARTESIAN_POINT('',(-79.904099366,96.068951258,25.164549006));
#1195=DIRECTION('',(0.,-1.,0.));
#1196=DIRECTION('',(1.,0.,0.));
#1197=AXIS2_PLACEMENT_3D('',#1194,#1195,#1196);
#1198=CIRCLE('',#1197,3.370982743);
#1199=EDGE_CURVE('',#1185,#1193,#1198,.T.);
#1200=ORIENTED_EDGE('',*,*,#1199,.T.);
#1201=CARTESIAN_POINT('',(-88.162133879,96.068951258,28.535531749));
#1202=VERTEX_POINT('',#1201);
#1203=CARTESIAN_POINT('',(-79.904099366,96.068951258,28.535531749));
#1204=DIRECTION('',(-1.,-0.,0.));
#1205=VECTOR('',#1204,8.258034513);
#1206=LINE('',#1203,#1205);
#1207=EDGE_CURVE('',#1193,#1202,#1206,.T.);
#1208=ORIENTED_EDGE('',*,*,#1207,.T.);
#1209=CARTESIAN_POINT('',(-91.533116622,96.068951258,25.164549006));
#1210=VERTEX_POINT('',#1209);
#1211=CARTESIAN_POINT('',(-88.162133879,96.068951258,25.164549006));
#1212=DIRECTION('',(0.,-1.,0.));
#1213=DIRECTION('',(1.,0.,0.));
#1214=AXIS2_PLACEMENT_3D('',#1211,#1212,#1213);
#1215=CIRCLE('',#1214,3.370982743);
#1216=EDGE_CURVE('',#1202,#1210,#1215,.T.);
#1217=ORIENTED_EDGE('',*,*,#1216,.T.);
#1218=CARTESIAN_POINT('',(-91.533116622,96.068951258,16.906514492));
#1219=VERTEX_POINT('',#1218);
#1220=CARTESIAN_POINT('',(-91.533116622,96.068951258,25.164549006));
#1221=DIRECTION('',(0.,0.,-1.));
#1222=VECTOR('',#1221,8.258034513);
#1223=LINE('',#1220,#1222);
#1224=EDGE_CURVE('',#1210,#1219,#1223,.T.);
#1225=ORIENTED_EDGE('',*,*,#1224,.T.);
#1226=CARTESIAN_POINT('',(-88.162133879,96.068951258,13.535531749));
#1227=VERTEX_POINT('',#1226);
#1228=CARTESIAN_POINT('',(-88.162133879,96.068951258,16.906514492));
#1229=DIRECTION('',(0.,-1.,0.));
#1230=DIRECTION('',(1.,0.,0.));
#1231=AXIS2_PLACEMENT_3D('',#1228,#1229,#1230);
#1232=CIRCLE('',#1231,3.370982743);
#1233=EDGE_CURVE('',#1219,#1227,#1232,.T.);
#1234=ORIENTED_EDGE('',*,*,#1233,.T.);
#1235=CARTESIAN_POINT('',(-88.162133879,96.068951258,13.535531749));
#1236=DIRECTION('',(1.,0.,0.));
#1237=VECTOR('',#1236,8.258034513);
#1238=LINE('',#1235,#1237);
#1239=EDGE_CURVE('',#1227,#1174,#1238,.T.);
#1240=ORIENTED_EDGE('',*,*,#1239,.T.);
#1241=EDGE_LOOP('',(#1183,#1191,#1200,#1208,#1217,#1225,#1234,#1240));
#1242=FACE_BOUND('',#1241,.T.);
#1243=CARTESIAN_POINT('',(75.566883378,96.068951258,20.392670097));
#1244=VERTEX_POINT('',#1243);
#1245=CARTESIAN_POINT('',(86.566883378,96.068951258,20.392670097));
#1246=VERTEX_POINT('',#1245);
#1247=CARTESIAN_POINT('',(75.566883378,96.068951258,20.392670097));
#1248=DIRECTION('',(1.,0.,0.));
#1249=VECTOR('',#1248,11.);
#1250=LINE('',#1247,#1249);
#1251=EDGE_CURVE('',#1244,#1246,#1250,.T.);
#1252=ORIENTED_EDGE('',*,*,#1251,.T.);
#1253=CARTESIAN_POINT('',(89.566883378,96.068951258,23.392670097));
#1254=VERTEX_POINT('',#1253);
#1255=CARTESIAN_POINT('',(86.566883378,96.068951258,23.392670097));
#1256=DIRECTION('',(0.,-1.,0.));
#1257=DIRECTION('',(1.,0.,0.));
#1258=AXIS2_PLACEMENT_3D('',#1255,#1256,#1257);
#1259=CIRCLE('',#1258,3.);
#1260=EDGE_CURVE('',#1246,#1254,#1259,.T.);
#1261=ORIENTED_EDGE('',*,*,#1260,.T.);
#1262=CARTESIAN_POINT('',(89.566883378,96.068951258,28.392670097));
#1263=VERTEX_POINT('',#1262);
#1264=CARTESIAN_POINT('',(89.566883378,96.068951258,23.392670097));
#1265=DIRECTION('',(0.,0.,1.));
#1266=VECTOR('',#1265,5.);
#1267=LINE('',#1264,#1266);
#1268=EDGE_CURVE('',#1254,#1263,#1267,.T.);
#1269=ORIENTED_EDGE('',*,*,#1268,.T.);
#1270=CARTESIAN_POINT('',(86.566883378,96.068951258,31.392670097));
#1271=VERTEX_POINT('',#1270);
#1272=CARTESIAN_POINT('',(86.566883378,96.068951258,28.392670097));
#1273=DIRECTION('',(0.,-1.,0.));
#1274=DIRECTION('',(1.,0.,0.));
#1275=AXIS2_PLACEMENT_3D('',#1272,#1273,#1274);
#1276=CIRCLE('',#1275,3.);
#1277=EDGE_CURVE('',#1263,#1271,#1276,.T.);
#1278=ORIENTED_EDGE('',*,*,#1277,.T.);
#1279=CARTESIAN_POINT('',(75.566883378,96.068951258,31.392670097));
#1280=VERTEX_POINT('',#1279);
#1281=CARTESIAN_POINT('',(86.566883378,96.068951258,31.392670097));
#1282=DIRECTION('',(-1.,-0.,0.));
#1283=VECTOR('',#1282,11.);
#1284=LINE('',#1281,#1283);
#1285=EDGE_CURVE('',#1271,#1280,#1284,.T.);
#1286=ORIENTED_EDGE('',*,*,#1285,.T.);
#1287=CARTESIAN_POINT('',(72.566883378,96.068951258,28.392670097));
#1288=VERTEX_POINT('',#1287);
#1289=CARTESIAN_POINT('',(75.566883378,96.068951258,28.392670097));
#1290=DIRECTION('',(0.,-1.,0.));
#1291=DIRECTION('',(1.,0.,0.));
#1292=AXIS2_PLACEMENT_3D('',#1289,#1290,#1291);
#1293=CIRCLE('',#1292,3.);
#1294=EDGE_CURVE('',#1280,#1288,#1293,.T.);
#1295=ORIENTED_EDGE('',*,*,#1294,.T.);
#1296=CARTESIAN_POINT('',(72.566883378,96.068951258,23.392670097));
#1297=VERTEX_POINT('',#1296);
#1298=CARTESIAN_POINT('',(72.566883378,96.068951258,28.392670097));
#1299=DIRECTION('',(0.,0.,-1.));
#1300=VECTOR('',#1299,5.);
#1301=LINE('',#1298,#1300);
#1302=EDGE_CURVE('',#1288,#1297,#1301,.T.);
#1303=ORIENTED_EDGE('',*,*,#1302,.T.);
#1304=CARTESIAN_POINT('',(75.566883378,96.068951258,23.392670097));
#1305=DIRECTION('',(0.,-1.,0.));
#1306=DIRECTION('',(1.,0.,0.));
#1307=AXIS2_PLACEMENT_3D('',#1304,#1305,#1306);
#1308=CIRCLE('',#1307,3.);
#1309=EDGE_CURVE('',#1297,#1244,#1308,.T.);
#1310=ORIENTED_EDGE('',*,*,#1309,.T.);
#1311=EDGE_LOOP('',(#1252,#1261,#1269,#1278,#1286,#1295,#1303,#1310));
#1312=FACE_BOUND('',#1311,.T.);
#1313=CARTESIAN_POINT('',(-79.533116622,96.068951258,37.235531749));
#1314=VERTEX_POINT('',#1313);
#1315=CARTESIAN_POINT('',(-79.533116622,96.068951258,51.235531749));
#1316=VERTEX_POINT('',#1315);
#1317=CARTESIAN_POINT('',(-79.533116622,96.068951258,37.235531749));
#1318=DIRECTION('',(0.,0.,1.));
#1319=VECTOR('',#1318,14.);
#1320=LINE('',#1317,#1319);
#1321=EDGE_CURVE('',#1314,#1316,#1320,.T.);
#1322=ORIENTED_EDGE('',*,*,#1321,.T.);
#1323=CARTESIAN_POINT('',(-88.533116622,96.068951258,51.235531749));
#1324=VERTEX_POINT('',#1323);
#1325=CARTESIAN_POINT('',(-79.533116622,96.068951258,51.235531749));
#1326=DIRECTION('',(-1.,-0.,0.));
#1327=VECTOR('',#1326,9.);
#1328=LINE('',#1325,#1327);
#1329=EDGE_CURVE('',#1316,#1324,#1328,.T.);
#1330=ORIENTED_EDGE('',*,*,#1329,.T.);
#1331=CARTESIAN_POINT('',(-88.533116622,96.068951258,37.235531749));
#1332=VERTEX_POINT('',#1331);
#1333=CARTESIAN_POINT('',(-88.533116622,96.068951258,51.235531749));
#1334=DIRECTION('',(-0.,-0.,-1.));
#1335=VECTOR('',#1334,14.);
#1336=LINE('',#1333,#1335);
#1337=EDGE_CURVE('',#1324,#1332,#1336,.T.);
#1338=ORIENTED_EDGE('',*,*,#1337,.T.);
#1339=CARTESIAN_POINT('',(-88.533116622,96.068951258,37.235531749));
#1340=DIRECTION('',(1.,0.,0.));
#1341=VECTOR('',#1340,9.);
#1342=LINE('',#1339,#1341);
#1343=EDGE_CURVE('',#1332,#1314,#1342,.T.);
#1344=ORIENTED_EDGE('',*,*,#1343,.T.);
#1345=EDGE_LOOP('',(#1322,#1330,#1338,#1344));
#1346=FACE_BOUND('',#1345,.T.);
#1347=CARTESIAN_POINT('',(66.421896947,96.068951258,67.658275783));
#1348=VERTEX_POINT('',#1347);
#1349=CARTESIAN_POINT('',(67.610224406,96.068951258,101.610488914));
#1350=VERTEX_POINT('',#1349);
#1351=CARTESIAN_POINT('',(66.421896947,96.068951258,67.658275783));
#1352=DIRECTION('',(0.034978582,0.,0.999388062));
#1353=VECTOR('',#1352,33.973002496);
#1354=LINE('',#1351,#1353);
#1355=EDGE_CURVE('',#1348,#1350,#1354,.T.);
#1356=ORIENTED_EDGE('',*,*,#1355,.T.);
#1357=CARTESIAN_POINT('',(69.609000531,96.068951258,103.540531749));
#1358=VERTEX_POINT('',#1357);
#1359=CARTESIAN_POINT('',(69.609000531,96.068951258,101.540531749));
#1360=DIRECTION('',(-0.,1.,-0.));
#1361=DIRECTION('',(1.,0.,0.));
#1362=AXIS2_PLACEMENT_3D('',#1359,#1360,#1361);
#1363=CIRCLE('',#1362,2.);
#1364=EDGE_CURVE('',#1350,#1358,#1363,.T.);
#1365=ORIENTED_EDGE('',*,*,#1364,.T.);
#1366=CARTESIAN_POINT('',(93.981883378,96.068951258,103.540531749));
#1367=VERTEX_POINT('',#1366);
#1368=CARTESIAN_POINT('',(69.609000531,96.068951258,103.540531749));
#1369=DIRECTION('',(1.,0.,0.));
#1370=VECTOR('',#1369,24.372882847);
#1371=LINE('',#1368,#1370);
#1372=EDGE_CURVE('',#1358,#1367,#1371,.T.);
#1373=ORIENTED_EDGE('',*,*,#1372,.T.);
#1374=CARTESIAN_POINT('',(96.981883378,96.068951258,103.540531749));
#1375=VERTEX_POINT('',#1374);
#1376=CARTESIAN_POINT('',(96.981883378,96.068951258,103.540531749));
#1377=DIRECTION('',(-1.,-0.,0.));
#1378=VECTOR('',#1377,3.);
#1379=LINE('',#1376,#1378);
#1380=EDGE_CURVE('',#1375,#1367,#1379,.T.);
#1381=ORIENTED_EDGE('',*,*,#1380,.F.);
#1382=CARTESIAN_POINT('',(101.781883378,96.068951258,98.740531749));
#1383=VERTEX_POINT('',#1382);
#1384=CARTESIAN_POINT('',(96.981883378,96.068951258,98.740531749));
#1385=DIRECTION('',(-0.,1.,-0.));
#1386=DIRECTION('',(1.,0.,0.));
#1387=AXIS2_PLACEMENT_3D('',#1384,#1385,#1386);
#1388=CIRCLE('',#1387,4.8);
#1389=EDGE_CURVE('',#1375,#1383,#1388,.T.);
#1390=ORIENTED_EDGE('',*,*,#1389,.T.);
#1391=CARTESIAN_POINT('',(101.781883378,96.068951258,21.540531749));
#1392=VERTEX_POINT('',#1391);
#1393=CARTESIAN_POINT('',(101.781883378,96.068951258,21.540531749));
#1394=DIRECTION('',(-0.,-0.,1.));
#1395=VECTOR('',#1394,77.2);
#1396=LINE('',#1393,#1395);
#1397=EDGE_CURVE('',#1392,#1383,#1396,.T.);
#1398=ORIENTED_EDGE('',*,*,#1397,.F.);
#1399=CARTESIAN_POINT('',(101.781883378,96.068951258,21.540531749));
#1400=DIRECTION('',(-1.,0.,0.));
#1401=VECTOR('',#1400,7.8);
#1402=LINE('',#1399,#1401);
#1403=EDGE_CURVE('',#1392,#810,#1402,.T.);
#1404=ORIENTED_EDGE('',*,*,#1403,.T.);
#1405=ORIENTED_EDGE('',*,*,#817,.T.);
#1406=CARTESIAN_POINT('',(91.981883378,96.068951258,11.190531749));
#1407=DIRECTION('',(-0.,1.,-0.));
#1408=DIRECTION('',(1.,0.,0.));
#1409=AXIS2_PLACEMENT_3D('',#1406,#1407,#1408);
#1410=CIRCLE('',#1409,2.);
#1411=EDGE_CURVE('',#812,#779,#1410,.T.);
#1412=ORIENTED_EDGE('',*,*,#1411,.T.);
#1413=ORIENTED_EDGE('',*,*,#786,.T.);
#1414=CARTESIAN_POINT('',(-91.868116622,96.068951258,11.190531749));
#1415=VERTEX_POINT('',#1414);
#1416=CARTESIAN_POINT('',(-89.868116622,96.068951258,11.190531749));
#1417=DIRECTION('',(-0.,1.,-0.));
#1418=DIRECTION('',(1.,0.,0.));
#1419=AXIS2_PLACEMENT_3D('',#1416,#1417,#1418);
#1420=CIRCLE('',#1419,2.);
#1421=EDGE_CURVE('',#781,#1415,#1420,.T.);
#1422=ORIENTED_EDGE('',*,*,#1421,.T.);
#1423=CARTESIAN_POINT('',(-91.868116622,96.068951258,21.540531749));
#1424=VERTEX_POINT('',#1423);
#1425=CARTESIAN_POINT('',(-91.868116622,96.068951258,11.190531749));
#1426=DIRECTION('',(0.,0.,1.));
#1427=VECTOR('',#1426,10.35);
#1428=LINE('',#1425,#1427);
#1429=EDGE_CURVE('',#1415,#1424,#1428,.T.);
#1430=ORIENTED_EDGE('',*,*,#1429,.T.);
#1431=CARTESIAN_POINT('',(-99.668116622,96.068951258,21.540531749));
#1432=VERTEX_POINT('',#1431);
#1433=CARTESIAN_POINT('',(-99.668116622,96.068951258,21.540531749));
#1434=DIRECTION('',(1.,0.,-0.));
#1435=VECTOR('',#1434,7.8);
#1436=LINE('',#1433,#1435);
#1437=EDGE_CURVE('',#1432,#1424,#1436,.T.);
#1438=ORIENTED_EDGE('',*,*,#1437,.F.);
#1439=CARTESIAN_POINT('',(-99.668116622,96.068951258,98.740531749));
#1440=VERTEX_POINT('',#1439);
#1441=CARTESIAN_POINT('',(-99.668116622,96.068951258,21.540531749));
#1442=DIRECTION('',(0.,0.,1.));
#1443=VECTOR('',#1442,77.2);
#1444=LINE('',#1441,#1443);
#1445=EDGE_CURVE('',#1432,#1440,#1444,.T.);
#1446=ORIENTED_EDGE('',*,*,#1445,.T.);
#1447=CARTESIAN_POINT('',(-94.868116622,96.068951258,103.540531749));
#1448=VERTEX_POINT('',#1447);
#1449=CARTESIAN_POINT('',(-94.868116622,96.068951258,98.740531749));
#1450=DIRECTION('',(-0.,1.,-0.));
#1451=DIRECTION('',(1.,0.,0.));
#1452=AXIS2_PLACEMENT_3D('',#1449,#1450,#1451);
#1453=CIRCLE('',#1452,4.8);
#1454=EDGE_CURVE('',#1440,#1448,#1453,.T.);
#1455=ORIENTED_EDGE('',*,*,#1454,.T.);
#1456=CARTESIAN_POINT('',(-70.495233775,96.068951258,103.540531749));
#1457=VERTEX_POINT('',#1456);
#1458=CARTESIAN_POINT('',(-94.868116622,96.068951258,103.540531749));
#1459=DIRECTION('',(1.,0.,0.));
#1460=VECTOR('',#1459,24.372882847);
#1461=LINE('',#1458,#1460);
#1462=EDGE_CURVE('',#1448,#1457,#1461,.T.);
#1463=ORIENTED_EDGE('',*,*,#1462,.T.);
#1464=CARTESIAN_POINT('',(-68.496457651,96.068951258,101.610488914));
#1465=VERTEX_POINT('',#1464);
#1466=CARTESIAN_POINT('',(-70.495233775,96.068951258,101.540531749));
#1467=DIRECTION('',(-0.,1.,-0.));
#1468=DIRECTION('',(1.,0.,0.));
#1469=AXIS2_PLACEMENT_3D('',#1466,#1467,#1468);
#1470=CIRCLE('',#1469,2.);
#1471=EDGE_CURVE('',#1457,#1465,#1470,.T.);
#1472=ORIENTED_EDGE('',*,*,#1471,.T.);
#1473=CARTESIAN_POINT('',(-66.017527797,96.068951258,30.783921669));
#1474=VERTEX_POINT('',#1473);
#1475=CARTESIAN_POINT('',(-66.017527797,96.068951258,30.783921669));
#1476=DIRECTION('',(-0.034978582,-0.,0.999388062));
#1477=VECTOR('',#1476,70.86993524);
#1478=LINE('',#1475,#1477);
#1479=EDGE_CURVE('',#1474,#1465,#1478,.T.);
#1480=ORIENTED_EDGE('',*,*,#1479,.F.);
#1481=CARTESIAN_POINT('',(-60.834525468,96.068951258,25.560246078));
#1482=VERTEX_POINT('',#1481);
#1483=CARTESIAN_POINT('',(-60.60268591,96.068951258,30.973441135));
#1484=DIRECTION('',(0.,-1.,0.));
#1485=DIRECTION('',(0.,0.,-1.));
#1486=AXIS2_PLACEMENT_3D('',#1483,#1484,#1485);
#1487=CIRCLE('',#1486,5.418157463);
#1488=EDGE_CURVE('',#1474,#1482,#1487,.T.);
#1489=ORIENTED_EDGE('',*,*,#1488,.T.);
#1490=CARTESIAN_POINT('',(-55.651523138,96.068951258,30.783921669));
#1491=VERTEX_POINT('',#1490);
#1492=CARTESIAN_POINT('',(-61.066365025,96.068951258,30.973441135));
#1493=DIRECTION('',(0.,-1.,0.));
#1494=DIRECTION('',(0.,0.,-1.));
#1495=AXIS2_PLACEMENT_3D('',#1492,#1493,#1494);
#1496=CIRCLE('',#1495,5.418157463);
#1497=EDGE_CURVE('',#1482,#1491,#1496,.T.);
#1498=ORIENTED_EDGE('',*,*,#1497,.T.);
#1499=CARTESIAN_POINT('',(-53.172593284,96.068951258,101.610488914));
#1500=VERTEX_POINT('',#1499);
#1501=CARTESIAN_POINT('',(-55.651523138,96.068951258,30.783921669));
#1502=DIRECTION('',(0.034978582,0.,0.999388062));
#1503=VECTOR('',#1502,70.86993524);
#1504=LINE('',#1501,#1503);
#1505=EDGE_CURVE('',#1491,#1500,#1504,.T.);
#1506=ORIENTED_EDGE('',*,*,#1505,.T.);
#1507=CARTESIAN_POINT('',(-51.17381716,96.068951258,103.540531749));
#1508=VERTEX_POINT('',#1507);
#1509=CARTESIAN_POINT('',(-51.17381716,96.068951258,101.540531749));
#1510=DIRECTION('',(-0.,1.,-0.));
#1511=DIRECTION('',(1.,0.,0.));
#1512=AXIS2_PLACEMENT_3D('',#1509,#1510,#1511);
#1513=CIRCLE('',#1512,2.);
#1514=EDGE_CURVE('',#1500,#1508,#1513,.T.);
#1515=ORIENTED_EDGE('',*,*,#1514,.T.);
#1516=CARTESIAN_POINT('',(-32.495233775,96.068951258,103.540531749));
#1517=VERTEX_POINT('',#1516);
#1518=CARTESIAN_POINT('',(-51.17381716,96.068951258,103.540531749));
#1519=DIRECTION('',(1.,0.,0.));
#1520=VECTOR('',#1519,18.678583384);
#1521=LINE('',#1518,#1520);
#1522=EDGE_CURVE('',#1508,#1517,#1521,.T.);
#1523=ORIENTED_EDGE('',*,*,#1522,.T.);
#1524=CARTESIAN_POINT('',(-30.496457651,96.068951258,101.610488914));
#1525=VERTEX_POINT('',#1524);
#1526=CARTESIAN_POINT('',(-32.495233775,96.068951258,101.540531749));
#1527=DIRECTION('',(-0.,1.,-0.));
#1528=DIRECTION('',(1.,0.,0.));
#1529=AXIS2_PLACEMENT_3D('',#1526,#1527,#1528);
#1530=CIRCLE('',#1529,2.);
#1531=EDGE_CURVE('',#1517,#1525,#1530,.T.);
#1532=ORIENTED_EDGE('',*,*,#1531,.T.);
#1533=CARTESIAN_POINT('',(-28.017527797,96.068951258,30.783921669));
#1534=VERTEX_POINT('',#1533);
#1535=CARTESIAN_POINT('',(-28.017527797,96.068951258,30.783921669));
#1536=DIRECTION('',(-0.034978582,-0.,0.999388062));
#1537=VECTOR('',#1536,70.86993524);
#1538=LINE('',#1535,#1537);
#1539=EDGE_CURVE('',#1534,#1525,#1538,.T.);
#1540=ORIENTED_EDGE('',*,*,#1539,.F.);
#1541=CARTESIAN_POINT('',(-22.834525468,96.068951258,25.560246078));
#1542=VERTEX_POINT('',#1541);
#1543=CARTESIAN_POINT('',(-22.60268591,96.068951258,30.973441135));
#1544=DIRECTION('',(0.,-1.,0.));
#1545=DIRECTION('',(0.,0.,-1.));
#1546=AXIS2_PLACEMENT_3D('',#1543,#1544,#1545);
#1547=CIRCLE('',#1546,5.418157463);
#1548=EDGE_CURVE('',#1534,#1542,#1547,.T.);
#1549=ORIENTED_EDGE('',*,*,#1548,.T.);
#1550=CARTESIAN_POINT('',(-17.651523138,96.068951258,30.783921669));
#1551=VERTEX_POINT('',#1550);
#1552=CARTESIAN_POINT('',(-23.066365025,96.068951258,30.973441135));
#1553=DIRECTION('',(0.,-1.,0.));
#1554=DIRECTION('',(0.,0.,-1.));
#1555=AXIS2_PLACEMENT_3D('',#1552,#1553,#1554);
#1556=CIRCLE('',#1555,5.418157463);
#1557=EDGE_CURVE('',#1542,#1551,#1556,.T.);
#1558=ORIENTED_EDGE('',*,*,#1557,.T.);
#1559=CARTESIAN_POINT('',(-15.172593284,96.068951258,101.610488914));
#1560=VERTEX_POINT('',#1559);
#1561=CARTESIAN_POINT('',(-17.651523138,96.068951258,30.783921669));
#1562=DIRECTION('',(0.034978582,0.,0.999388062));
#1563=VECTOR('',#1562,70.86993524);
#1564=LINE('',#1561,#1563);
#1565=EDGE_CURVE('',#1551,#1560,#1564,.T.);
#1566=ORIENTED_EDGE('',*,*,#1565,.T.);
#1567=CARTESIAN_POINT('',(-13.17381716,96.068951258,103.540531749));
#1568=VERTEX_POINT('',#1567);
#1569=CARTESIAN_POINT('',(-13.17381716,96.068951258,101.540531749));
#1570=DIRECTION('',(-0.,1.,-0.));
#1571=DIRECTION('',(1.,0.,0.));
#1572=AXIS2_PLACEMENT_3D('',#1569,#1570,#1571);
#1573=CIRCLE('',#1572,2.);
#1574=EDGE_CURVE('',#1560,#1568,#1573,.T.);
#1575=ORIENTED_EDGE('',*,*,#1574,.T.);
#1576=CARTESIAN_POINT('',(5.504766225,96.068951258,103.540531749));
#1577=VERTEX_POINT('',#1576);
#1578=CARTESIAN_POINT('',(-13.17381716,96.068951258,103.540531749));
#1579=DIRECTION('',(1.,0.,0.));
#1580=VECTOR('',#1579,18.678583384);
#1581=LINE('',#1578,#1580);
#1582=EDGE_CURVE('',#1568,#1577,#1581,.T.);
#1583=ORIENTED_EDGE('',*,*,#1582,.T.);
#1584=CARTESIAN_POINT('',(7.503542349,96.068951258,101.610488914));
#1585=VERTEX_POINT('',#1584);
#1586=CARTESIAN_POINT('',(5.504766225,96.068951258,101.540531749));
#1587=DIRECTION('',(-0.,1.,-0.));
#1588=DIRECTION('',(1.,0.,0.));
#1589=AXIS2_PLACEMENT_3D('',#1586,#1587,#1588);
#1590=CIRCLE('',#1589,2.);
#1591=EDGE_CURVE('',#1577,#1585,#1590,.T.);
#1592=ORIENTED_EDGE('',*,*,#1591,.T.);
#1593=CARTESIAN_POINT('',(9.982472203,96.068951258,30.783921669));
#1594=VERTEX_POINT('',#1593);
#1595=CARTESIAN_POINT('',(9.982472203,96.068951258,30.783921669));
#1596=DIRECTION('',(-0.034978582,-0.,0.999388062));
#1597=VECTOR('',#1596,70.86993524);
#1598=LINE('',#1595,#1597);
#1599=EDGE_CURVE('',#1594,#1585,#1598,.T.);
#1600=ORIENTED_EDGE('',*,*,#1599,.F.);
#1601=CARTESIAN_POINT('',(15.165474532,96.068951258,25.560246078));
#1602=VERTEX_POINT('',#1601);
#1603=CARTESIAN_POINT('',(15.39731409,96.068951258,30.973441135));
#1604=DIRECTION('',(0.,-1.,0.));
#1605=DIRECTION('',(0.,0.,-1.));
#1606=AXIS2_PLACEMENT_3D('',#1603,#1604,#1605);
#1607=CIRCLE('',#1606,5.418157463);
#1608=EDGE_CURVE('',#1594,#1602,#1607,.T.);
#1609=ORIENTED_EDGE('',*,*,#1608,.T.);
#1610=CARTESIAN_POINT('',(20.348476862,96.068951258,30.783921669));
#1611=VERTEX_POINT('',#1610);
#1612=CARTESIAN_POINT('',(14.933634975,96.068951258,30.973441135));
#1613=DIRECTION('',(0.,-1.,0.));
#1614=DIRECTION('',(0.,0.,-1.));
#1615=AXIS2_PLACEMENT_3D('',#1612,#1613,#1614);
#1616=CIRCLE('',#1615,5.418157463);
#1617=EDGE_CURVE('',#1602,#1611,#1616,.T.);
#1618=ORIENTED_EDGE('',*,*,#1617,.T.);
#1619=CARTESIAN_POINT('',(22.827406716,96.068951258,101.610488914));
#1620=VERTEX_POINT('',#1619);
#1621=CARTESIAN_POINT('',(20.348476862,96.068951258,30.783921669));
#1622=DIRECTION('',(0.034978582,0.,0.999388062));
#1623=VECTOR('',#1622,70.86993524);
#1624=LINE('',#1621,#1623);
#1625=EDGE_CURVE('',#1611,#1620,#1624,.T.);
#1626=ORIENTED_EDGE('',*,*,#1625,.T.);
#1627=CARTESIAN_POINT('',(24.82618284,96.068951258,103.540531749));
#1628=VERTEX_POINT('',#1627);
#1629=CARTESIAN_POINT('',(24.82618284,96.068951258,101.540531749));
#1630=DIRECTION('',(-0.,1.,-0.));
#1631=DIRECTION('',(1.,0.,0.));
#1632=AXIS2_PLACEMENT_3D('',#1629,#1630,#1631);
#1633=CIRCLE('',#1632,2.);
#1634=EDGE_CURVE('',#1620,#1628,#1633,.T.);
#1635=ORIENTED_EDGE('',*,*,#1634,.T.);
#1636=CARTESIAN_POINT('',(34.959267235,96.068951258,103.540531749));
#1637=VERTEX_POINT('',#1636);
#1638=CARTESIAN_POINT('',(24.82618284,96.068951258,103.540531749));
#1639=DIRECTION('',(1.,0.,0.));
#1640=VECTOR('',#1639,10.133084394);
#1641=LINE('',#1638,#1640);
#1642=EDGE_CURVE('',#1628,#1637,#1641,.T.);
#1643=ORIENTED_EDGE('',*,*,#1642,.T.);
#1644=CARTESIAN_POINT('',(36.958043359,96.068951258,101.610488914));
#1645=VERTEX_POINT('',#1644);
#1646=CARTESIAN_POINT('',(34.959267235,96.068951258,101.540531749));
#1647=DIRECTION('',(-0.,1.,-0.));
#1648=DIRECTION('',(1.,0.,0.));
#1649=AXIS2_PLACEMENT_3D('',#1646,#1647,#1648);
#1650=CIRCLE('',#1649,2.);
#1651=EDGE_CURVE('',#1637,#1645,#1650,.T.);
#1652=ORIENTED_EDGE('',*,*,#1651,.T.);
#1653=CARTESIAN_POINT('',(38.473274607,96.068951258,58.318167539));
#1654=VERTEX_POINT('',#1653);
#1655=CARTESIAN_POINT('',(36.958043359,96.068951258,101.610488914));
#1656=DIRECTION('',(0.034978582,0.,-0.999388062));
#1657=VECTOR('',#1656,43.318829805);
#1658=LINE('',#1655,#1657);
#1659=EDGE_CURVE('',#1645,#1654,#1658,.T.);
#1660=ORIENTED_EDGE('',*,*,#1659,.T.);
#1661=CARTESIAN_POINT('',(41.550673517,96.068951258,55.21661895));
#1662=VERTEX_POINT('',#1661);
#1663=CARTESIAN_POINT('',(41.688327864,96.068951258,58.430694403));
#1664=DIRECTION('',(-0.,-1.,-0.));
#1665=DIRECTION('',(-0.999388062,0.,-0.034978582));
#1666=AXIS2_PLACEMENT_3D('',#1663,#1664,#1665);
#1667=CIRCLE('',#1666,3.217021874);
#1668=EDGE_CURVE('',#1654,#1662,#1667,.T.);
#1669=ORIENTED_EDGE('',*,*,#1668,.T.);
#1670=CARTESIAN_POINT('',(44.628072426,96.068951258,58.318167539));
#1671=VERTEX_POINT('',#1670);
#1672=CARTESIAN_POINT('',(41.413019169,96.068951258,58.430694403));
#1673=DIRECTION('',(0.,-1.,0.));
#1674=DIRECTION('',(0.042789372,0.,-0.999084115));
#1675=AXIS2_PLACEMENT_3D('',#1672,#1673,#1674);
#1676=CIRCLE('',#1675,3.217021874);
#1677=EDGE_CURVE('',#1662,#1671,#1676,.T.);
#1678=ORIENTED_EDGE('',*,*,#1677,.T.);
#1679=CARTESIAN_POINT('',(46.143303674,96.068951258,101.610488914));
#1680=VERTEX_POINT('',#1679);
#1681=CARTESIAN_POINT('',(44.628072426,96.068951258,58.318167539));
#1682=DIRECTION('',(0.034978582,0.,0.999388062));
#1683=VECTOR('',#1682,43.318829805);
#1684=LINE('',#1681,#1683);
#1685=EDGE_CURVE('',#1671,#1680,#1684,.T.);
#1686=ORIENTED_EDGE('',*,*,#1685,.T.);
#1687=CARTESIAN_POINT('',(48.142079798,96.068951258,103.540531749));
#1688=VERTEX_POINT('',#1687);
#1689=CARTESIAN_POINT('',(48.142079798,96.068951258,101.540531749));
#1690=DIRECTION('',(-0.,1.,-0.));
#1691=DIRECTION('',(1.,0.,0.));
#1692=AXIS2_PLACEMENT_3D('',#1689,#1690,#1691);
#1693=CIRCLE('',#1692,2.);
#1694=EDGE_CURVE('',#1680,#1688,#1693,.T.);
#1695=ORIENTED_EDGE('',*,*,#1694,.T.);
#1696=CARTESIAN_POINT('',(58.50851216,96.068951258,103.540531749));
#1697=VERTEX_POINT('',#1696);
#1698=CARTESIAN_POINT('',(48.142079798,96.068951258,103.540531749));
#1699=DIRECTION('',(1.,0.,0.));
#1700=VECTOR('',#1699,10.366432361);
#1701=LINE('',#1698,#1700);
#1702=EDGE_CURVE('',#1688,#1697,#1701,.T.);
#1703=ORIENTED_EDGE('',*,*,#1702,.T.);
#1704=CARTESIAN_POINT('',(60.507288284,96.068951258,101.610488914));
#1705=VERTEX_POINT('',#1704);
#1706=CARTESIAN_POINT('',(58.50851216,96.068951258,101.540531749));
#1707=DIRECTION('',(-0.,1.,-0.));
#1708=DIRECTION('',(1.,0.,0.));
#1709=AXIS2_PLACEMENT_3D('',#1706,#1707,#1708);
#1710=CIRCLE('',#1709,2.);
#1711=EDGE_CURVE('',#1697,#1705,#1710,.T.);
#1712=ORIENTED_EDGE('',*,*,#1711,.T.);
#1713=CARTESIAN_POINT('',(61.695615744,96.068951258,67.658275783));
#1714=VERTEX_POINT('',#1713);
#1715=CARTESIAN_POINT('',(60.507288284,96.068951258,101.610488914));
#1716=DIRECTION('',(0.034978582,0.,-0.999388062));
#1717=VECTOR('',#1716,33.973002496);
#1718=LINE('',#1715,#1717);
#1719=EDGE_CURVE('',#1705,#1714,#1718,.T.);
#1720=ORIENTED_EDGE('',*,*,#1719,.T.);
#1721=CARTESIAN_POINT('',(64.058756345,96.068951258,65.276590595));
#1722=VERTEX_POINT('',#1721);
#1723=CARTESIAN_POINT('',(64.164461386,96.068951258,67.744685381));
#1724=DIRECTION('',(-0.,-1.,-0.));
#1725=DIRECTION('',(-0.999388062,0.,-0.034978582));
#1726=AXIS2_PLACEMENT_3D('',#1723,#1724,#1725);
#1727=CIRCLE('',#1726,2.470357347);
#1728=EDGE_CURVE('',#1714,#1722,#1727,.T.);
#1729=ORIENTED_EDGE('',*,*,#1728,.T.);
#1730=CARTESIAN_POINT('',(63.953051304,96.068951258,67.744685381));
#1731=DIRECTION('',(0.,-1.,0.));
#1732=DIRECTION('',(0.042789372,0.,-0.999084115));
#1733=AXIS2_PLACEMENT_3D('',#1730,#1731,#1732);
#1734=CIRCLE('',#1733,2.470357347);
#1735=EDGE_CURVE('',#1722,#1348,#1734,.T.);
#1736=ORIENTED_EDGE('',*,*,#1735,.T.);
#1737=EDGE_LOOP('',(#1356,#1365,#1373,#1381,#1390,#1398,#1404,#1405,#1412,#1413,#1422,#1430,#1438,#1446,#1455,#1463,#1472,#1480,#1489,#1498,#1506,#1515,#1523,#1532,#1540,#1549,
#1558,#1566,#1575,#1583,#1592,#1600,#1609,#1618,#1626,#1635,#1643,#1652,#1660,#1669,#1678,#1686,#1695,#1703,#1712,#1720,#1729,#1736));
#1738=FACE_BOUND('',#1737,.T.);
#1739=ORIENTED_EDGE('',*,*,#857,.F.);
#1740=ORIENTED_EDGE('',*,*,#864,.F.);
#1741=EDGE_LOOP('',(#1739,#1740));
#1742=FACE_BOUND('',#1741,.T.);
#1743=ORIENTED_EDGE('',*,*,#908,.F.);
#1744=ORIENTED_EDGE('',*,*,#915,.F.);
#1745=EDGE_LOOP('',(#1743,#1744));
#1746=FACE_BOUND('',#1745,.T.);
#1747=ORIENTED_EDGE('',*,*,#972,.F.);
#1748=CARTESIAN_POINT('',(86.394445763,96.068951258,53.423072648));
#1749=CARTESIAN_POINT('',(86.394445763,96.068951258,53.18077192));
#1750=CARTESIAN_POINT('',(86.373272594,96.068951258,52.942077044));
#1751=CARTESIAN_POINT('',(86.33181283,96.068951258,52.706837034));
#1752=CARTESIAN_POINT('',(86.290353066,96.068951258,52.471597023));
#1753=CARTESIAN_POINT('',(86.2283078,96.068951258,52.238996086));
#1754=CARTESIAN_POINT('',(86.145597145,96.068951258,52.011743915));
#1755=CARTESIAN_POINT('',(86.06288649,96.068951258,51.784491744));
#1756=CARTESIAN_POINT('',(85.961495802,96.068951258,51.56759184));
#1757=CARTESIAN_POINT('',(85.842097797,96.068951258,51.360671391));
#1758=CARTESIAN_POINT('',(85.782398794,96.068951258,51.257211167));
#1759=CARTESIAN_POINT('',(85.718171502,96.068951258,51.15626047));
#1760=CARTESIAN_POINT('',(85.649343314,96.068951258,51.057859538));
#1761=CARTESIAN_POINT('',(85.580515126,96.068951258,50.959458607));
#1762=CARTESIAN_POINT('',(85.506704648,96.068951258,50.863168749));
#1763=CARTESIAN_POINT('',(85.429121789,96.068951258,50.770701579));
#1764=CARTESIAN_POINT('',(85.273956072,96.068951258,50.585767238));
#1765=CARTESIAN_POINT('',(85.104664512,96.068951258,50.416701082));
#1766=CARTESIAN_POINT('',(84.921672148,96.068951258,50.263025647));
#1767=CARTESIAN_POINT('',(84.830175966,96.068951258,50.186187929));
#1768=CARTESIAN_POINT('',(84.735234707,96.068951258,50.113220219));
#1769=CARTESIAN_POINT('',(84.636782501,96.068951258,50.044196511));
#1770=CARTESIAN_POINT('',(84.538330296,96.068951258,49.975172803));
#1771=CARTESIAN_POINT('',(84.435848972,96.068951258,49.909821955));
#1772=CARTESIAN_POINT('',(84.331493158,96.068951258,49.849559467));
#1773=CARTESIAN_POINT('',(84.122781531,96.068951258,49.729034492));
#1774=CARTESIAN_POINT('',(83.906031718,96.068951258,49.628064273));
#1775=CARTESIAN_POINT('',(83.681438356,96.068951258,49.54617531));
#1776=CARTESIAN_POINT('',(83.456844993,96.068951258,49.464286348));
#1777=CARTESIAN_POINT('',(83.223080129,96.068951258,49.401285533));
#1778=CARTESIAN_POINT('',(82.984460494,96.068951258,49.359210453));
#1779=B_SPLINE_CURVE_WITH_KNOTS('',3,(#1748,#1749,#1750,#1751,#1752,#1753,#1754,#1755,#1756,#1757,#1758,#1759,#1760,#1761,#1762,#1763,#1764,#1765,#1766,#1767,#1768,#1769,#1770,#1771,#1772,#1773,
#1774,#1775,#1776,#1777,#1778),.UNSPECIFIED.,.F.,.F.,(4,3,3,3,3,3,3,3,3,3,4),(0.,0.000716585,0.00143317,0.002149755,0.002508047,0.00286634,0.003582924,0.003941217,0.004299509,0.005016094,0.005732679),.UNSPECIFIED.);
#1780=EDGE_CURVE('',#1063,#961,#1779,.T.);
#1781=ORIENTED_EDGE('',*,*,#1780,.F.);
#1782=ORIENTED_EDGE('',*,*,#1092,.F.);
#1783=CARTESIAN_POINT('',(82.984460494,96.068951258,67.440565335));
#1784=CARTESIAN_POINT('',(83.223080129,96.068951258,67.398490255));
#1785=CARTESIAN_POINT('',(83.454472012,96.068951258,67.336189824));
#1786=CARTESIAN_POINT('',(83.678938785,96.068951258,67.254510927));
#1787=CARTESIAN_POINT('',(83.903405559,96.068951258,67.172832031));
#1788=CARTESIAN_POINT('',(84.121698718,96.068951258,67.071338644));
#1789=CARTESIAN_POINT('',(84.331135863,96.068951258,66.950422624));
#1790=CARTESIAN_POINT('',(84.540573009,96.068951258,66.829506605));
#1791=CARTESIAN_POINT('',(84.736571407,96.068951258,66.691991996));
#1792=CARTESIAN_POINT('',(84.919615024,96.068951258,66.538476556));
#1793=CARTESIAN_POINT('',(85.011136832,96.068951258,66.461718836));
#1794=CARTESIAN_POINT('',(85.099400909,96.068951258,66.380937396));
#1795=CARTESIAN_POINT('',(85.184355019,96.068951258,66.29606772));
#1796=CARTESIAN_POINT('',(85.26930913,96.068951258,66.211198045));
#1797=CARTESIAN_POINT('',(85.351319073,96.068951258,66.121788355));
#1798=CARTESIAN_POINT('',(85.428909338,96.068951258,66.029327399));
#1799=CARTESIAN_POINT('',(85.584089867,96.068951258,65.844405486));
#1800=CARTESIAN_POINT('',(85.721190357,96.068951258,65.648327816));
#1801=CARTESIAN_POINT('',(85.840754826,96.068951258,65.441430058));
#1802=CARTESIAN_POINT('',(85.900537061,96.068951258,65.337981179));
#1803=CARTESIAN_POINT('',(85.955909851,96.068951258,65.231811581));
#1804=CARTESIAN_POINT('',(86.006788888,96.068951258,65.122869244));
#1805=CARTESIAN_POINT('',(86.057667925,96.068951258,65.013926908));
#1806=CARTESIAN_POINT('',(86.104230251,96.068951258,64.90165445));
#1807=CARTESIAN_POINT('',(86.145456019,96.068951258,64.788419564));
#1808=CARTESIAN_POINT('',(86.227907556,96.068951258,64.561949793));
#1809=CARTESIAN_POINT('',(86.2897056,96.068951258,64.330959602));
#1810=CARTESIAN_POINT('',(86.331350257,96.068951258,64.095558449));
#1811=CARTESIAN_POINT('',(86.372994915,96.068951258,63.860157295));
#1812=CARTESIAN_POINT('',(86.394445763,96.068951258,63.619003868));
#1813=CARTESIAN_POINT('',(86.394445763,96.068951258,63.37670314));
#1814=B_SPLINE_CURVE_WITH_KNOTS('',3,(#1783,#1784,#1785,#1786,#1787,#1788,#1789,#1790,#1791,#1792,#1793,#1794,#1795,#1796,#1797,#1798,#1799,#1800,#1801,#1802,#1803,#1804,#1805,#1806,#1807,#1808,
#1809,#1810,#1811,#1812,#1813),.UNSPECIFIED.,.F.,.F.,(4,3,3,3,3,3,3,3,3,3,4),(0.,0.000716585,0.00143317,0.002149755,0.002508047,0.00286634,0.003582924,0.003941217,0.004299509,0.005016094,0.005732679),.UNSPECIFIED.);
#1815=EDGE_CURVE('',#1023,#1081,#1814,.T.);
#1816=ORIENTED_EDGE('',*,*,#1815,.F.);
#1817=ORIENTED_EDGE('',*,*,#1052,.F.);
#1818=CARTESIAN_POINT('',(75.741338124,96.068951258,63.799887894));
#1819=CARTESIAN_POINT('',(75.741338124,96.068951258,64.102764836));
#1820=CARTESIAN_POINT('',(75.774282351,96.068951258,64.400031281));
#1821=CARTESIAN_POINT('',(75.838902603,96.068951258,64.691903208));
#1822=CARTESIAN_POINT('',(75.903522855,96.068951258,64.983775135));
#1823=CARTESIAN_POINT('',(76.001679487,96.068951258,65.273125667));
#1824=CARTESIAN_POINT('',(76.128208046,96.068951258,65.54436798));
#1825=CARTESIAN_POINT('',(76.254736605,96.068951258,65.815610293));
#1826=CARTESIAN_POINT('',(76.409476468,96.068951258,66.071218215));
#1827=CARTESIAN_POINT('',(76.593163382,96.068951258,66.310784003));
#1828=CARTESIAN_POINT('',(76.685006839,96.068951258,66.430566897));
#1829=CARTESIAN_POINT('',(76.783614555,96.068951258,66.545449598));
#1830=CARTESIAN_POINT('',(76.887185643,96.068951258,66.653628662));
#1831=CARTESIAN_POINT('',(76.99075673,96.068951258,66.761807727));
#1832=CARTESIAN_POINT('',(77.099750176,96.068951258,66.863895617));
#1833=CARTESIAN_POINT('',(77.214121095,96.068951258,66.959942753));
#1834=CARTESIAN_POINT('',(77.328492014,96.068951258,67.055989888));
#1835=CARTESIAN_POINT('',(77.448239802,96.068951258,67.145996948));
#1836=CARTESIAN_POINT('',(77.573513429,96.068951258,67.229796589));
#1837=CARTESIAN_POINT('',(77.698787056,96.068951258,67.31359623));
#1838=CARTESIAN_POINT('',(77.829391729,96.068951258,67.390908938));
#1839=CARTESIAN_POINT('',(77.962348605,96.068951258,67.460127095));
#1840=CARTESIAN_POINT('',(78.228262359,96.068951258,67.598563411));
#1841=CARTESIAN_POINT('',(78.50650001,96.068951258,67.707018979));
#1842=CARTESIAN_POINT('',(78.797214153,96.068951258,67.785122579));
#1843=CARTESIAN_POINT('',(78.942571224,96.068951258,67.824174379));
#1844=CARTESIAN_POINT('',(79.091324867,96.068951258,67.855489272));
#1845=CARTESIAN_POINT('',(79.239617408,96.068951258,67.878333374));
#1846=CARTESIAN_POINT('',(79.387909949,96.068951258,67.901177476));
#1847=CARTESIAN_POINT('',(79.536633906,96.068951258,67.915832886));
#1848=CARTESIAN_POINT('',(79.685782861,96.068951258,67.922421424));
#1849=CARTESIAN_POINT('',(79.834931815,96.068951258,67.929009962));
#1850=CARTESIAN_POINT('',(79.984505759,96.068951258,67.92753178));
#1851=CARTESIAN_POINT('',(80.13451352,96.068951258,67.917819336));
#1852=CARTESIAN_POINT('',(80.28452128,96.068951258,67.908106891));
#1853=CARTESIAN_POINT('',(80.435322714,96.068951258,67.890047103));
#1854=CARTESIAN_POINT('',(80.584460494,96.068951258,67.863750089));
#1855=B_SPLINE_CURVE_WITH_KNOTS('',3,(#1818,#1819,#1820,#1821,#1822,#1823,#1824,#1825,#1826,#1827,#1828,#1829,#1830,#1831,#1832,#1833,#1834,#1835,#1836,#1837,#1838,#1839,#1840,#1841,#1842,#1843,
#1844,#1845,#1846,#1847,#1848,#1849,#1850,#1851,#1852,#1853,#1854),.UNSPECIFIED.,.F.,.F.,(4,3,3,3,3,3,3,3,3,3,3,3,4),(0.,0.000895734,0.001791468,0.002687202,0.00313507,0.003582937,0.004030804,0.004478671,0.005374405,0.005822272,0.006270139,0.006718006,0.007165873),.UNSPECIFIED.);
#1856=EDGE_CURVE('',#983,#1041,#1855,.T.);
#1857=ORIENTED_EDGE('',*,*,#1856,.F.);
#1858=ORIENTED_EDGE('',*,*,#1012,.F.);
#1859=CARTESIAN_POINT('',(80.584460494,96.068951258,48.936025699));
#1860=CARTESIAN_POINT('',(80.286184933,96.068951258,48.88343167));
#1861=CARTESIAN_POINT('',(79.987713928,96.068951258,48.864255624));
#1862=CARTESIAN_POINT('',(79.689055003,96.068951258,48.877211121));
#1863=CARTESIAN_POINT('',(79.390396078,96.068951258,48.890166618));
#1864=CARTESIAN_POINT('',(79.08839671,96.068951258,48.936586838));
#1865=CARTESIAN_POINT('',(78.799303723,96.068951258,49.01409241));
#1866=CARTESIAN_POINT('',(78.510210737,96.068951258,49.091597982));
#1867=CARTESIAN_POINT('',(78.231615778,96.068951258,49.199601149));
#1868=CARTESIAN_POINT('',(77.963792635,96.068951258,49.338897284));
#1869=CARTESIAN_POINT('',(77.829881064,96.068951258,49.408545351));
#1870=CARTESIAN_POINT('',(77.699620639,96.068951258,49.485705823));
#1871=CARTESIAN_POINT('',(77.575100127,96.068951258,49.568918336));
#1872=CARTESIAN_POINT('',(77.450579615,96.068951258,49.652130848));
#1873=CARTESIAN_POINT('',(77.331116156,96.068951258,49.741741062));
#1874=CARTESIAN_POINT('',(77.21666789,96.068951258,49.83769602));
#1875=CARTESIAN_POINT('',(77.102219625,96.068951258,49.933650978));
#1876=CARTESIAN_POINT('',(76.992785989,96.068951258,50.035949966));
#1877=CARTESIAN_POINT('',(76.888505916,96.068951258,50.14476875));
#1878=CARTESIAN_POINT('',(76.784225843,96.068951258,50.253587534));
#1879=CARTESIAN_POINT('',(76.685408426,96.068951258,50.368782818));
#1880=CARTESIAN_POINT('',(76.594154128,96.068951258,50.487700174));
#1881=CARTESIAN_POINT('',(76.411645533,96.068951258,50.725534886));
#1882=CARTESIAN_POINT('',(76.256522188,96.068951258,50.98071237));
#1883=CARTESIAN_POINT('',(76.129123175,96.068951258,51.253447364));
#1884=CARTESIAN_POINT('',(76.065423669,96.068951258,51.389814861));
#1885=CARTESIAN_POINT('',(76.008753721,96.068951258,51.530870828));
#1886=CARTESIAN_POINT('',(75.960505943,96.068951258,51.672943635));
#1887=CARTESIAN_POINT('',(75.912258164,96.068951258,51.815016443));
#1888=CARTESIAN_POINT('',(75.871999759,96.068951258,51.958936064));
#1889=CARTESIAN_POINT('',(75.839611871,96.068951258,52.104675023));
#1890=CARTESIAN_POINT('',(75.807223984,96.068951258,52.250413982));
#1891=CARTESIAN_POINT('',(75.782706466,96.068951258,52.397972245));
#1892=CARTESIAN_POINT('',(75.766222782,96.068951258,52.547387599));
#1893=CARTESIAN_POINT('',(75.749739098,96.068951258,52.696802953));
#1894=CARTESIAN_POINT('',(75.741338124,96.068951258,52.848449423));
#1895=CARTESIAN_POINT('',(75.741338124,96.068951258,52.999887894));
#1896=B_SPLINE_CURVE_WITH_KNOTS('',3,(#1859,#1860,#1861,#1862,#1863,#1864,#1865,#1866,#1867,#1868,#1869,#1870,#1871,#1872,#1873,#1874,#1875,#1876,#1877,#1878,#1879,#1880,#1881,#1882,#1883,#1884,
#1885,#1886,#1887,#1888,#1889,#1890,#1891,#1892,#1893,#1894,#1895),.UNSPECIFIED.,.F.,.F.,(4,3,3,3,3,3,3,3,3,3,3,3,4),(0.,0.000895734,0.001791468,0.002687202,0.00313507,0.003582937,0.004030804,0.004478671,0.005374405,0.005822272,0.006270139,0.006718006,0.007165873),.UNSPECIFIED.);
#1897=EDGE_CURVE('',#943,#1001,#1896,.T.);
#1898=ORIENTED_EDGE('',*,*,#1897,.F.);
#1899=EDGE_LOOP('',(#1747,#1781,#1782,#1816,#1817,#1857,#1858,#1898));
#1900=FACE_BOUND('',#1899,.T.);
#1901=ADVANCED_FACE('',(#1104,#1138,#1172,#1242,#1312,#1346,#1738,#1742,#1746,#1900),#1101,.F.);
#1902=CARTESIAN_POINT('',(-79.533116622,67.093225272,37.235531749));
#1903=DIRECTION('',(-1.,0.,0.));
#1904=DIRECTION('',(0.,0.,1.));
#1905=AXIS2_PLACEMENT_3D('',#1902,#1903,#1904);
#1906=PLANE('',#1905);
#1907=CARTESIAN_POINT('',(-79.533116622,94.868951258,37.235531749));
#1908=VERTEX_POINT('',#1907);
#1909=CARTESIAN_POINT('',(-79.533116622,94.868951258,37.235531749));
#1910=DIRECTION('',(0.,1.,0.));
#1911=VECTOR('',#1910,1.2);
#1912=LINE('',#1909,#1911);
#1913=EDGE_CURVE('',#1908,#1314,#1912,.T.);
#1914=ORIENTED_EDGE('',*,*,#1913,.F.);
#1915=CARTESIAN_POINT('',(-79.533116622,94.868951258,51.235531749));
#1916=VERTEX_POINT('',#1915);
#1917=CARTESIAN_POINT('',(-79.533116622,94.868951258,51.235531749));
#1918=DIRECTION('',(0.,0.,-1.));
#1919=VECTOR('',#1918,14.);
#1920=LINE('',#1917,#1919);
#1921=EDGE_CURVE('',#1916,#1908,#1920,.T.);
#1922=ORIENTED_EDGE('',*,*,#1921,.F.);
#1923=CARTESIAN_POINT('',(-79.533116622,94.868951258,51.235531749));
#1924=DIRECTION('',(0.,1.,0.));
#1925=VECTOR('',#1924,1.2);
#1926=LINE('',#1923,#1925);
#1927=EDGE_CURVE('',#1916,#1316,#1926,.T.);
#1928=ORIENTED_EDGE('',*,*,#1927,.T.);
#1929=ORIENTED_EDGE('',*,*,#1321,.F.);
#1930=EDGE_LOOP('',(#1914,#1922,#1928,#1929));
#1931=FACE_BOUND('',#1930,.T.);
#1932=ADVANCED_FACE('',(#1931),#1906,.T.);
#1933=CARTESIAN_POINT('',(-88.533116622,67.093225272,37.235531749));
#1934=DIRECTION('',(0.,0.,1.));
#1935=DIRECTION('',(1.,0.,0.));
#1936=AXIS2_PLACEMENT_3D('',#1933,#1934,#1935);
#1937=PLANE('',#1936);
#1938=CARTESIAN_POINT('',(-88.533116622,94.868951258,37.235531749));
#1939=VERTEX_POINT('',#1938);
#1940=CARTESIAN_POINT('',(-88.533116622,94.868951258,37.235531749));
#1941=DIRECTION('',(0.,1.,0.));
#1942=VECTOR('',#1941,1.2);
#1943=LINE('',#1940,#1942);
#1944=EDGE_CURVE('',#1939,#1332,#1943,.T.);
#1945=ORIENTED_EDGE('',*,*,#1944,.F.);
#1946=CARTESIAN_POINT('',(-79.533116622,94.868951258,37.235531749));
#1947=DIRECTION('',(-1.,-0.,0.));
#1948=VECTOR('',#1947,9.);
#1949=LINE('',#1946,#1948);
#1950=EDGE_CURVE('',#1908,#1939,#1949,.T.);
#1951=ORIENTED_EDGE('',*,*,#1950,.F.);
#1952=ORIENTED_EDGE('',*,*,#1913,.T.);
#1953=ORIENTED_EDGE('',*,*,#1343,.F.);
#1954=EDGE_LOOP('',(#1945,#1951,#1952,#1953));
#1955=FACE_BOUND('',#1954,.T.);
#1956=ADVANCED_FACE('',(#1955),#1937,.T.);
#1957=CARTESIAN_POINT('',(-88.533116622,67.093225272,51.235531749));
#1958=DIRECTION('',(1.,0.,-0.));
#1959=DIRECTION('',(-0.,0.,-1.));
#1960=AXIS2_PLACEMENT_3D('',#1957,#1958,#1959);
#1961=PLANE('',#1960);
#1962=CARTESIAN_POINT('',(-88.533116622,94.868951258,51.235531749));
#1963=VERTEX_POINT('',#1962);
#1964=CARTESIAN_POINT('',(-88.533116622,94.868951258,51.235531749));
#1965=DIRECTION('',(0.,1.,0.));
#1966=VECTOR('',#1965,1.2);
#1967=LINE('',#1964,#1966);
#1968=EDGE_CURVE('',#1963,#1324,#1967,.T.);
#1969=ORIENTED_EDGE('',*,*,#1968,.F.);
#1970=CARTESIAN_POINT('',(-88.533116622,94.868951258,37.235531749));
#1971=DIRECTION('',(0.,0.,1.));
#1972=VECTOR('',#1971,14.);
#1973=LINE('',#1970,#1972);
#1974=EDGE_CURVE('',#1939,#1963,#1973,.T.);
#1975=ORIENTED_EDGE('',*,*,#1974,.F.);
#1976=ORIENTED_EDGE('',*,*,#1944,.T.);
#1977=ORIENTED_EDGE('',*,*,#1337,.F.);
#1978=EDGE_LOOP('',(#1969,#1975,#1976,#1977));
#1979=FACE_BOUND('',#1978,.T.);
#1980=ADVANCED_FACE('',(#1979),#1961,.T.);
#1981=CARTESIAN_POINT('',(-79.533116622,67.093225272,51.235531749));
#1982=DIRECTION('',(0.,0.,-1.));
#1983=DIRECTION('',(-1.,0.,0.));
#1984=AXIS2_PLACEMENT_3D('',#1981,#1982,#1983);
#1985=PLANE('',#1984);
#1986=ORIENTED_EDGE('',*,*,#1927,.F.);
#1987=CARTESIAN_POINT('',(-88.533116622,94.868951258,51.235531749));
#1988=DIRECTION('',(1.,0.,0.));
#1989=VECTOR('',#1988,9.);
#1990=LINE('',#1987,#1989);
#1991=EDGE_CURVE('',#1963,#1916,#1990,.T.);
#1992=ORIENTED_EDGE('',*,*,#1991,.F.);
#1993=ORIENTED_EDGE('',*,*,#1968,.T.);
#1994=ORIENTED_EDGE('',*,*,#1329,.F.);
#1995=EDGE_LOOP('',(#1986,#1992,#1993,#1994));
#1996=FACE_BOUND('',#1995,.T.);
#1997=ADVANCED_FACE('',(#1996),#1985,.T.);
#1998=CARTESIAN_POINT('',(-106.704340864,96.068951258,103.540531749));
#1999=DIRECTION('',(0.,0.,-1.));
#2000=DIRECTION('',(-0.,1.,0.));
#2001=AXIS2_PLACEMENT_3D('',#1998,#1999,#2000);
#2002=PLANE('',#2001);
#2003=ORIENTED_EDGE('',*,*,#1372,.F.);
#2004=CARTESIAN_POINT('',(69.609000531,96.068951258,103.540531749));
#2005=DIRECTION('',(0.,-1.,-0.));
#2006=VECTOR('',#2005,5.7);
#2007=LINE('',#2004,#2006);
#2008=EDGE_CURVE('',#1358,#339,#2007,.T.);
#2009=ORIENTED_EDGE('',*,*,#2008,.T.);
#2010=ORIENTED_EDGE('',*,*,#346,.T.);
#2011=CARTESIAN_POINT('',(96.981883378,90.368951258,103.540531749));
#2012=DIRECTION('',(-0.,1.,-0.));
#2013=VECTOR('',#2012,5.7);
#2014=LINE('',#2011,#2013);
#2015=EDGE_CURVE('',#341,#1375,#2014,.T.);
#2016=ORIENTED_EDGE('',*,*,#2015,.T.);
#2017=ORIENTED_EDGE('',*,*,#1380,.T.);
#2018=EDGE_LOOP('',(#2003,#2009,#2010,#2016,#2017));
#2019=FACE_BOUND('',#2018,.T.);
#2020=ADVANCED_FACE('',(#2019),#2002,.F.);
#2021=CARTESIAN_POINT('',(-106.704340864,96.068951258,103.540531749));
#2022=DIRECTION('',(0.,0.,-1.));
#2023=DIRECTION('',(-0.,1.,0.));
#2024=AXIS2_PLACEMENT_3D('',#2021,#2022,#2023);
#2025=PLANE('',#2024);
#2026=ORIENTED_EDGE('',*,*,#406,.T.);
#2027=CARTESIAN_POINT('',(58.50851216,90.368951258,103.540531749));
#2028=DIRECTION('',(-0.,1.,0.));
#2029=VECTOR('',#2028,5.7);
#2030=LINE('',#2027,#2029);
#2031=EDGE_CURVE('',#392,#1697,#2030,.T.);
#2032=ORIENTED_EDGE('',*,*,#2031,.T.);
#2033=ORIENTED_EDGE('',*,*,#1702,.F.);
#2034=CARTESIAN_POINT('',(48.142079798,96.068951258,103.540531749));
#2035=DIRECTION('',(0.,-1.,-0.));
#2036=VECTOR('',#2035,5.7);
#2037=LINE('',#2034,#2036);
#2038=EDGE_CURVE('',#1688,#401,#2037,.T.);
#2039=ORIENTED_EDGE('',*,*,#2038,.T.);
#2040=EDGE_LOOP('',(#2026,#2032,#2033,#2039));
#2041=FACE_BOUND('',#2040,.T.);
#2042=ADVANCED_FACE('',(#2041),#2025,.F.);
#2043=CARTESIAN_POINT('',(-27.834525468,96.068951258,25.555283671));
#2044=DIRECTION('',(0.999388062,0.,0.034978582));
#2045=DIRECTION('',(-0.034978582,-0.,0.999388062));
#2046=AXIS2_PLACEMENT_3D('',#2043,#2044,#2045);
#2047=PLANE('',#2046);
#2048=ORIENTED_EDGE('',*,*,#1539,.T.);
#2049=CARTESIAN_POINT('',(-30.496457651,96.068951258,101.610488914));
#2050=DIRECTION('',(0.,-1.,0.));
#2051=VECTOR('',#2050,5.7);
#2052=LINE('',#2049,#2051);
#2053=EDGE_CURVE('',#1525,#564,#2052,.T.);
#2054=ORIENTED_EDGE('',*,*,#2053,.T.);
#2055=ORIENTED_EDGE('',*,*,#569,.F.);
#2056=CARTESIAN_POINT('',(-28.017527797,90.368951258,30.783921669));
#2057=DIRECTION('',(-0.,1.,-0.));
#2058=VECTOR('',#2057,5.7);
#2059=LINE('',#2056,#2058);
#2060=EDGE_CURVE('',#555,#1534,#2059,.T.);
#2061=ORIENTED_EDGE('',*,*,#2060,.T.);
#2062=EDGE_LOOP('',(#2048,#2054,#2055,#2061));
#2063=FACE_BOUND('',#2062,.T.);
#2064=ADVANCED_FACE('',(#2063),#2047,.T.);
#2065=CARTESIAN_POINT('',(-106.704340864,96.068951258,103.540531749));
#2066=DIRECTION('',(0.,0.,-1.));
#2067=DIRECTION('',(-0.,1.,0.));
#2068=AXIS2_PLACEMENT_3D('',#2065,#2066,#2067);
#2069=PLANE('',#2068);
#2070=ORIENTED_EDGE('',*,*,#1522,.F.);
#2071=CARTESIAN_POINT('',(-51.17381716,96.068951258,103.540531749));
#2072=DIRECTION('',(0.,-1.,0.));
#2073=VECTOR('',#2072,5.7);
#2074=LINE('',#2071,#2073);
#2075=EDGE_CURVE('',#1508,#581,#2074,.T.);
#2076=ORIENTED_EDGE('',*,*,#2075,.T.);
#2077=ORIENTED_EDGE('',*,*,#586,.T.);
#2078=CARTESIAN_POINT('',(-32.495233775,90.368951258,103.540531749));
#2079=DIRECTION('',(-0.,1.,-0.));
#2080=VECTOR('',#2079,5.7);
#2081=LINE('',#2078,#2080);
#2082=EDGE_CURVE('',#572,#1517,#2081,.T.);
#2083=ORIENTED_EDGE('',*,*,#2082,.T.);
#2084=EDGE_LOOP('',(#2070,#2076,#2077,#2083));
#2085=FACE_BOUND('',#2084,.T.);
#2086=ADVANCED_FACE('',(#2085),#2069,.F.);
#2087=CARTESIAN_POINT('',(-55.834525468,96.068951258,25.555283671));
#2088=DIRECTION('',(0.999388062,0.,-0.034978582));
#2089=DIRECTION('',(0.034978582,0.,0.999388062));
#2090=AXIS2_PLACEMENT_3D('',#2087,#2088,#2089);
#2091=PLANE('',#2090);
#2092=ORIENTED_EDGE('',*,*,#603,.T.);
#2093=CARTESIAN_POINT('',(-53.172593284,90.368951258,101.610488914));
#2094=DIRECTION('',(-0.,1.,-0.));
#2095=VECTOR('',#2094,5.7);
#2096=LINE('',#2093,#2095);
#2097=EDGE_CURVE('',#589,#1500,#2096,.T.);
#2098=ORIENTED_EDGE('',*,*,#2097,.T.);
#2099=ORIENTED_EDGE('',*,*,#1505,.F.);
#2100=CARTESIAN_POINT('',(-55.651523138,96.068951258,30.783921669));
#2101=DIRECTION('',(0.,-1.,0.));
#2102=VECTOR('',#2101,5.7);
#2103=LINE('',#2100,#2102);
#2104=EDGE_CURVE('',#1491,#598,#2103,.T.);
#2105=ORIENTED_EDGE('',*,*,#2104,.T.);
#2106=EDGE_LOOP('',(#2092,#2098,#2099,#2105));
#2107=FACE_BOUND('',#2106,.T.);
#2108=ADVANCED_FACE('',(#2107),#2091,.F.);
#2109=CARTESIAN_POINT('',(-65.834525468,96.068951258,25.555283671));
#2110=DIRECTION('',(0.999388062,0.,0.034978582));
#2111=DIRECTION('',(-0.034978582,-0.,0.999388062));
#2112=AXIS2_PLACEMENT_3D('',#2109,#2110,#2111);
#2113=PLANE('',#2112);
#2114=ORIENTED_EDGE('',*,*,#1479,.T.);
#2115=CARTESIAN_POINT('',(-68.496457651,96.068951258,101.610488914));
#2116=DIRECTION('',(0.,-1.,0.));
#2117=VECTOR('',#2116,5.7);
#2118=LINE('',#2115,#2117);
#2119=EDGE_CURVE('',#1465,#624,#2118,.T.);
#2120=ORIENTED_EDGE('',*,*,#2119,.T.);
#2121=ORIENTED_EDGE('',*,*,#629,.F.);
#2122=CARTESIAN_POINT('',(-66.017527797,90.368951258,30.783921669));
#2123=DIRECTION('',(-0.,1.,-0.));
#2124=VECTOR('',#2123,5.7);
#2125=LINE('',#2122,#2124);
#2126=EDGE_CURVE('',#615,#1474,#2125,.T.);
#2127=ORIENTED_EDGE('',*,*,#2126,.T.);
#2128=EDGE_LOOP('',(#2114,#2120,#2121,#2127));
#2129=FACE_BOUND('',#2128,.T.);
#2130=ADVANCED_FACE('',(#2129),#2113,.T.);
#2131=CARTESIAN_POINT('',(-106.704340864,96.068951258,103.540531749));
#2132=DIRECTION('',(0.,0.,-1.));
#2133=DIRECTION('',(-0.,1.,0.));
#2134=AXIS2_PLACEMENT_3D('',#2131,#2132,#2133);
#2135=PLANE('',#2134);
#2136=ORIENTED_EDGE('',*,*,#646,.T.);
#2137=CARTESIAN_POINT('',(-70.495233775,90.368951258,103.540531749));
#2138=DIRECTION('',(-0.,1.,-0.));
#2139=VECTOR('',#2138,5.7);
#2140=LINE('',#2137,#2139);
#2141=EDGE_CURVE('',#632,#1457,#2140,.T.);
#2142=ORIENTED_EDGE('',*,*,#2141,.T.);
#2143=ORIENTED_EDGE('',*,*,#1462,.F.);
#2144=CARTESIAN_POINT('',(-94.868116622,96.068951258,103.540531749));
#2145=DIRECTION('',(0.,-1.,0.));
#2146=VECTOR('',#2145,5.7);
#2147=LINE('',#2144,#2146);
#2148=EDGE_CURVE('',#1448,#641,#2147,.T.);
#2149=ORIENTED_EDGE('',*,*,#2148,.T.);
#2150=EDGE_LOOP('',(#2136,#2142,#2143,#2149));
#2151=FACE_BOUND('',#2150,.T.);
#2152=ADVANCED_FACE('',(#2151),#2135,.F.);
#2153=CARTESIAN_POINT('',(-91.868116622,95.517004067,6.005935528));
#2154=DIRECTION('',(1.,0.,0.));
#2155=DIRECTION('',(0.,0.,1.));
#2156=AXIS2_PLACEMENT_3D('',#2153,#2154,#2155);
#2157=PLANE('',#2156);
#2158=ORIENTED_EDGE('',*,*,#695,.T.);
#2159=CARTESIAN_POINT('',(-91.868116622,90.368951258,21.540531749));
#2160=DIRECTION('',(-0.,1.,0.));
#2161=VECTOR('',#2160,5.7);
#2162=LINE('',#2159,#2161);
#2163=EDGE_CURVE('',#682,#1424,#2162,.T.);
#2164=ORIENTED_EDGE('',*,*,#2163,.T.);
#2165=ORIENTED_EDGE('',*,*,#1429,.F.);
#2166=CARTESIAN_POINT('',(-91.868116622,96.068951258,11.190531749));
#2167=DIRECTION('',(0.,-1.,0.));
#2168=VECTOR('',#2167,5.7);
#2169=LINE('',#2166,#2168);
#2170=EDGE_CURVE('',#1415,#690,#2169,.T.);
#2171=ORIENTED_EDGE('',*,*,#2170,.T.);
#2172=EDGE_LOOP('',(#2158,#2164,#2165,#2171));
#2173=FACE_BOUND('',#2172,.T.);
#2174=ADVANCED_FACE('',(#2173),#2157,.F.);
#2175=CARTESIAN_POINT('',(-106.704340864,96.068951258,103.540531749));
#2176=DIRECTION('',(0.,0.,-1.));
#2177=DIRECTION('',(-0.,1.,0.));
#2178=AXIS2_PLACEMENT_3D('',#2175,#2176,#2177);
#2179=PLANE('',#2178);
#2180=ORIENTED_EDGE('',*,*,#466,.T.);
#2181=CARTESIAN_POINT('',(34.959267235,90.368951258,103.540531749));
#2182=DIRECTION('',(-0.,1.,0.));
#2183=VECTOR('',#2182,5.7);
#2184=LINE('',#2181,#2183);
#2185=EDGE_CURVE('',#452,#1637,#2184,.T.);
#2186=ORIENTED_EDGE('',*,*,#2185,.T.);
#2187=ORIENTED_EDGE('',*,*,#1642,.F.);
#2188=CARTESIAN_POINT('',(24.82618284,96.068951258,103.540531749));
#2189=DIRECTION('',(0.,-1.,0.));
#2190=VECTOR('',#2189,5.7);
#2191=LINE('',#2188,#2190);
#2192=EDGE_CURVE('',#1628,#461,#2191,.T.);
#2193=ORIENTED_EDGE('',*,*,#2192,.T.);
#2194=EDGE_LOOP('',(#2180,#2186,#2187,#2193));
#2195=FACE_BOUND('',#2194,.T.);
#2196=ADVANCED_FACE('',(#2195),#2179,.F.);
#2197=CARTESIAN_POINT('',(20.165474532,96.068951258,25.555283671));
#2198=DIRECTION('',(0.999388062,0.,-0.034978582));
#2199=DIRECTION('',(0.034978582,0.,0.999388062));
#2200=AXIS2_PLACEMENT_3D('',#2197,#2198,#2199);
#2201=PLANE('',#2200);
#2202=ORIENTED_EDGE('',*,*,#483,.T.);
#2203=CARTESIAN_POINT('',(22.827406716,90.368951258,101.610488914));
#2204=DIRECTION('',(-0.,1.,-0.));
#2205=VECTOR('',#2204,5.7);
#2206=LINE('',#2203,#2205);
#2207=EDGE_CURVE('',#469,#1620,#2206,.T.);
#2208=ORIENTED_EDGE('',*,*,#2207,.T.);
#2209=ORIENTED_EDGE('',*,*,#1625,.F.);
#2210=CARTESIAN_POINT('',(20.348476862,96.068951258,30.783921669));
#2211=DIRECTION('',(0.,-1.,0.));
#2212=VECTOR('',#2211,5.7);
#2213=LINE('',#2210,#2212);
#2214=EDGE_CURVE('',#1611,#478,#2213,.T.);
#2215=ORIENTED_EDGE('',*,*,#2214,.T.);
#2216=EDGE_LOOP('',(#2202,#2208,#2209,#2215));
#2217=FACE_BOUND('',#2216,.T.);
#2218=ADVANCED_FACE('',(#2217),#2201,.F.);
#2219=CARTESIAN_POINT('',(10.165474532,96.068951258,25.555283671));
#2220=DIRECTION('',(0.999388062,0.,0.034978582));
#2221=DIRECTION('',(-0.034978582,-0.,0.999388062));
#2222=AXIS2_PLACEMENT_3D('',#2219,#2220,#2221);
#2223=PLANE('',#2222);
#2224=ORIENTED_EDGE('',*,*,#1599,.T.);
#2225=CARTESIAN_POINT('',(7.503542349,96.068951258,101.610488914));
#2226=DIRECTION('',(0.,-1.,0.));
#2227=VECTOR('',#2226,5.7);
#2228=LINE('',#2225,#2227);
#2229=EDGE_CURVE('',#1585,#504,#2228,.T.);
#2230=ORIENTED_EDGE('',*,*,#2229,.T.);
#2231=ORIENTED_EDGE('',*,*,#509,.F.);
#2232=CARTESIAN_POINT('',(9.982472203,90.368951258,30.783921669));
#2233=DIRECTION('',(-0.,1.,-0.));
#2234=VECTOR('',#2233,5.7);
#2235=LINE('',#2232,#2234);
#2236=EDGE_CURVE('',#495,#1594,#2235,.T.);
#2237=ORIENTED_EDGE('',*,*,#2236,.T.);
#2238=EDGE_LOOP('',(#2224,#2230,#2231,#2237));
#2239=FACE_BOUND('',#2238,.T.);
#2240=ADVANCED_FACE('',(#2239),#2223,.T.);
#2241=CARTESIAN_POINT('',(-106.704340864,96.068951258,103.540531749));
#2242=DIRECTION('',(0.,0.,-1.));
#2243=DIRECTION('',(-0.,1.,0.));
#2244=AXIS2_PLACEMENT_3D('',#2241,#2242,#2243);
#2245=PLANE('',#2244);
#2246=ORIENTED_EDGE('',*,*,#526,.T.);
#2247=CARTESIAN_POINT('',(5.504766225,90.368951258,103.540531749));
#2248=DIRECTION('',(-0.,1.,-0.));
#2249=VECTOR('',#2248,5.7);
#2250=LINE('',#2247,#2249);
#2251=EDGE_CURVE('',#512,#1577,#2250,.T.);
#2252=ORIENTED_EDGE('',*,*,#2251,.T.);
#2253=ORIENTED_EDGE('',*,*,#1582,.F.);
#2254=CARTESIAN_POINT('',(-13.17381716,96.068951258,103.540531749));
#2255=DIRECTION('',(0.,-1.,0.));
#2256=VECTOR('',#2255,5.7);
#2257=LINE('',#2254,#2256);
#2258=EDGE_CURVE('',#1568,#521,#2257,.T.);
#2259=ORIENTED_EDGE('',*,*,#2258,.T.);
#2260=EDGE_LOOP('',(#2246,#2252,#2253,#2259));
#2261=FACE_BOUND('',#2260,.T.);
#2262=ADVANCED_FACE('',(#2261),#2245,.F.);
#2263=CARTESIAN_POINT('',(-17.834525468,96.068951258,25.555283671));
#2264=DIRECTION('',(0.999388062,0.,-0.034978582));
#2265=DIRECTION('',(0.034978582,0.,0.999388062));
#2266=AXIS2_PLACEMENT_3D('',#2263,#2264,#2265);
#2267=PLANE('',#2266);
#2268=ORIENTED_EDGE('',*,*,#543,.T.);
#2269=CARTESIAN_POINT('',(-15.172593284,90.368951258,101.610488914));
#2270=DIRECTION('',(-0.,1.,-0.));
#2271=VECTOR('',#2270,5.7);
#2272=LINE('',#2269,#2271);
#2273=EDGE_CURVE('',#529,#1560,#2272,.T.);
#2274=ORIENTED_EDGE('',*,*,#2273,.T.);
#2275=ORIENTED_EDGE('',*,*,#1565,.F.);
#2276=CARTESIAN_POINT('',(-17.651523138,96.068951258,30.783921669));
#2277=DIRECTION('',(0.,-1.,0.));
#2278=VECTOR('',#2277,5.7);
#2279=LINE('',#2276,#2278);
#2280=EDGE_CURVE('',#1551,#538,#2279,.T.);
#2281=ORIENTED_EDGE('',*,*,#2280,.T.);
#2282=EDGE_LOOP('',(#2268,#2274,#2275,#2281));
#2283=FACE_BOUND('',#2282,.T.);
#2284=ADVANCED_FACE('',(#2283),#2267,.F.);
#2285=CARTESIAN_POINT('',(-60.60268591,96.068951258,30.973441135));
#2286=DIRECTION('',(0.,-1.,0.));
#2287=DIRECTION('',(0.,0.,-1.));
#2288=AXIS2_PLACEMENT_3D('',#2285,#2286,#2287);
#2289=CYLINDRICAL_SURFACE('',#2288,5.418157463);
#2290=CARTESIAN_POINT('',(-60.834525468,96.068951258,25.560246078));
#2291=DIRECTION('',(0.,-1.,0.));
#2292=VECTOR('',#2291,5.7);
#2293=LINE('',#2290,#2292);
#2294=EDGE_CURVE('',#1482,#606,#2293,.T.);
#2295=ORIENTED_EDGE('',*,*,#2294,.F.);
#2296=ORIENTED_EDGE('',*,*,#1488,.F.);
#2297=ORIENTED_EDGE('',*,*,#2126,.F.);
#2298=ORIENTED_EDGE('',*,*,#621,.F.);
#2299=EDGE_LOOP('',(#2295,#2296,#2297,#2298));
#2300=FACE_BOUND('',#2299,.T.);
#2301=ADVANCED_FACE('',(#2300),#2289,.F.);
#2302=CARTESIAN_POINT('',(-61.066365025,96.068951258,30.973441135));
#2303=DIRECTION('',(-0.,1.,0.));
#2304=DIRECTION('',(0.,0.,1.));
#2305=AXIS2_PLACEMENT_3D('',#2302,#2303,#2304);
#2306=CYLINDRICAL_SURFACE('',#2305,5.418157463);
#2307=ORIENTED_EDGE('',*,*,#1497,.F.);
#2308=ORIENTED_EDGE('',*,*,#2294,.T.);
#2309=ORIENTED_EDGE('',*,*,#612,.F.);
#2310=ORIENTED_EDGE('',*,*,#2104,.F.);
#2311=EDGE_LOOP('',(#2307,#2308,#2309,#2310));
#2312=FACE_BOUND('',#2311,.T.);
#2313=ADVANCED_FACE('',(#2312),#2306,.F.);
#2314=CARTESIAN_POINT('',(-23.066365025,96.068951258,30.973441135));
#2315=DIRECTION('',(-0.,1.,0.));
#2316=DIRECTION('',(0.,0.,1.));
#2317=AXIS2_PLACEMENT_3D('',#2314,#2315,#2316);
#2318=CYLINDRICAL_SURFACE('',#2317,5.418157463);
#2319=ORIENTED_EDGE('',*,*,#2280,.F.);
#2320=ORIENTED_EDGE('',*,*,#1557,.F.);
#2321=CARTESIAN_POINT('',(-22.834525468,90.368951258,25.560246078));
#2322=DIRECTION('',(-0.,1.,0.));
#2323=VECTOR('',#2322,5.7);
#2324=LINE('',#2321,#2323);
#2325=EDGE_CURVE('',#546,#1542,#2324,.T.);
#2326=ORIENTED_EDGE('',*,*,#2325,.F.);
#2327=ORIENTED_EDGE('',*,*,#552,.F.);
#2328=EDGE_LOOP('',(#2319,#2320,#2326,#2327));
#2329=FACE_BOUND('',#2328,.T.);
#2330=ADVANCED_FACE('',(#2329),#2318,.F.);
#2331=CARTESIAN_POINT('',(-22.60268591,96.068951258,30.973441135));
#2332=DIRECTION('',(0.,-1.,0.));
#2333=DIRECTION('',(0.,0.,-1.));
#2334=AXIS2_PLACEMENT_3D('',#2331,#2332,#2333);
#2335=CYLINDRICAL_SURFACE('',#2334,5.418157463);
#2336=ORIENTED_EDGE('',*,*,#1548,.F.);
#2337=ORIENTED_EDGE('',*,*,#2060,.F.);
#2338=ORIENTED_EDGE('',*,*,#561,.F.);
#2339=ORIENTED_EDGE('',*,*,#2325,.T.);
#2340=EDGE_LOOP('',(#2336,#2337,#2338,#2339));
#2341=FACE_BOUND('',#2340,.T.);
#2342=ADVANCED_FACE('',(#2341),#2335,.F.);
#2343=CARTESIAN_POINT('',(15.39731409,96.068951258,30.973441135));
#2344=DIRECTION('',(0.,-1.,0.));
#2345=DIRECTION('',(0.,0.,-1.));
#2346=AXIS2_PLACEMENT_3D('',#2343,#2344,#2345);
#2347=CYLINDRICAL_SURFACE('',#2346,5.418157463);
#2348=CARTESIAN_POINT('',(15.165474532,96.068951258,25.560246078));
#2349=DIRECTION('',(0.,-1.,0.));
#2350=VECTOR('',#2349,5.7);
#2351=LINE('',#2348,#2350);
#2352=EDGE_CURVE('',#1602,#486,#2351,.T.);
#2353=ORIENTED_EDGE('',*,*,#2352,.F.);
#2354=ORIENTED_EDGE('',*,*,#1608,.F.);
#2355=ORIENTED_EDGE('',*,*,#2236,.F.);
#2356=ORIENTED_EDGE('',*,*,#501,.F.);
#2357=EDGE_LOOP('',(#2353,#2354,#2355,#2356));
#2358=FACE_BOUND('',#2357,.T.);
#2359=ADVANCED_FACE('',(#2358),#2347,.F.);
#2360=CARTESIAN_POINT('',(14.933634975,96.068951258,30.973441135));
#2361=DIRECTION('',(-0.,1.,0.));
#2362=DIRECTION('',(0.,0.,1.));
#2363=AXIS2_PLACEMENT_3D('',#2360,#2361,#2362);
#2364=CYLINDRICAL_SURFACE('',#2363,5.418157463);
#2365=ORIENTED_EDGE('',*,*,#1617,.F.);
#2366=ORIENTED_EDGE('',*,*,#2352,.T.);
#2367=ORIENTED_EDGE('',*,*,#492,.F.);
#2368=ORIENTED_EDGE('',*,*,#2214,.F.);
#2369=EDGE_LOOP('',(#2365,#2366,#2367,#2368));
#2370=FACE_BOUND('',#2369,.T.);
#2371=ADVANCED_FACE('',(#2370),#2364,.F.);
#2372=CARTESIAN_POINT('',(76.066883378,107.627357217,29.892670097));
#2373=DIRECTION('',(0.,0.,-1.));
#2374=DIRECTION('',(-1.,0.,0.));
#2375=AXIS2_PLACEMENT_3D('',#2372,#2373,#2374);
#2376=PLANE('',#2375);
#2377=CARTESIAN_POINT('',(75.566883378,94.568082587,29.892670097));
#2378=VERTEX_POINT('',#2377);
#2379=CARTESIAN_POINT('',(75.566883378,90.368951258,29.892670097));
#2380=DIRECTION('',(-0.,1.,-0.));
#2381=VECTOR('',#2380,4.199131329);
#2382=LINE('',#2379,#2381);
#2383=EDGE_CURVE('',#226,#2378,#2382,.T.);
#2384=ORIENTED_EDGE('',*,*,#2383,.T.);
#2385=CARTESIAN_POINT('',(86.566883378,94.568082587,29.892670097));
#2386=VERTEX_POINT('',#2385);
#2387=CARTESIAN_POINT('',(75.566883378,94.568082587,29.892670097));
#2388=DIRECTION('',(1.,0.,0.));
#2389=VECTOR('',#2388,11.);
#2390=LINE('',#2387,#2389);
#2391=EDGE_CURVE('',#2378,#2386,#2390,.T.);
#2392=ORIENTED_EDGE('',*,*,#2391,.T.);
#2393=CARTESIAN_POINT('',(86.566883378,94.568082587,29.892670097));
#2394=DIRECTION('',(0.,-1.,0.));
#2395=VECTOR('',#2394,4.199131329);
#2396=LINE('',#2393,#2395);
#2397=EDGE_CURVE('',#2386,#235,#2396,.T.);
#2398=ORIENTED_EDGE('',*,*,#2397,.T.);
#2399=ORIENTED_EDGE('',*,*,#240,.F.);
#2400=EDGE_LOOP('',(#2384,#2392,#2398,#2399));
#2401=FACE_BOUND('',#2400,.T.);
#2402=ADVANCED_FACE('',(#2401),#2376,.T.);
#2403=CARTESIAN_POINT('',(88.066883378,107.627357217,28.392670097));
#2404=DIRECTION('',(-1.,0.,0.));
#2405=DIRECTION('',(0.,0.,1.));
#2406=AXIS2_PLACEMENT_3D('',#2403,#2404,#2405);
#2407=PLANE('',#2406);
#2408=CARTESIAN_POINT('',(88.066883378,94.568082587,28.392670097));
#2409=VERTEX_POINT('',#2408);
#2410=CARTESIAN_POINT('',(88.066883378,90.368951258,28.392670097));
#2411=DIRECTION('',(-0.,1.,-0.));
#2412=VECTOR('',#2411,4.199131329);
#2413=LINE('',#2410,#2412);
#2414=EDGE_CURVE('',#243,#2409,#2413,.T.);
#2415=ORIENTED_EDGE('',*,*,#2414,.T.);
#2416=CARTESIAN_POINT('',(88.066883378,94.568082587,23.392670097));
#2417=VERTEX_POINT('',#2416);
#2418=CARTESIAN_POINT('',(88.066883378,94.568082587,28.392670097));
#2419=DIRECTION('',(0.,0.,-1.));
#2420=VECTOR('',#2419,5.);
#2421=LINE('',#2418,#2420);
#2422=EDGE_CURVE('',#2409,#2417,#2421,.T.);
#2423=ORIENTED_EDGE('',*,*,#2422,.T.);
#2424=CARTESIAN_POINT('',(88.066883378,94.568082587,23.392670097));
#2425=DIRECTION('',(0.,-1.,0.));
#2426=VECTOR('',#2425,4.199131329);
#2427=LINE('',#2424,#2426);
#2428=EDGE_CURVE('',#2417,#252,#2427,.T.);
#2429=ORIENTED_EDGE('',*,*,#2428,.T.);
#2430=ORIENTED_EDGE('',*,*,#257,.F.);
#2431=EDGE_LOOP('',(#2415,#2423,#2429,#2430));
#2432=FACE_BOUND('',#2431,.T.);
#2433=ADVANCED_FACE('',(#2432),#2407,.T.);
#2434=CARTESIAN_POINT('',(86.066883378,107.627357217,21.892670097));
#2435=DIRECTION('',(0.,0.,1.));
#2436=DIRECTION('',(1.,0.,0.));
#2437=AXIS2_PLACEMENT_3D('',#2434,#2435,#2436);
#2438=PLANE('',#2437);
#2439=CARTESIAN_POINT('',(86.566883378,94.568082587,21.892670097));
#2440=VERTEX_POINT('',#2439);
#2441=CARTESIAN_POINT('',(86.566883378,90.368951258,21.892670097));
#2442=DIRECTION('',(-0.,1.,-0.));
#2443=VECTOR('',#2442,4.199131329);
#2444=LINE('',#2441,#2443);
#2445=EDGE_CURVE('',#199,#2440,#2444,.T.);
#2446=ORIENTED_EDGE('',*,*,#2445,.T.);
#2447=CARTESIAN_POINT('',(75.566883378,94.568082587,21.892670097));
#2448=VERTEX_POINT('',#2447);
#2449=CARTESIAN_POINT('',(86.566883378,94.568082587,21.892670097));
#2450=DIRECTION('',(-1.,-0.,0.));
#2451=VECTOR('',#2450,11.);
#2452=LINE('',#2449,#2451);
#2453=EDGE_CURVE('',#2440,#2448,#2452,.T.);
#2454=ORIENTED_EDGE('',*,*,#2453,.T.);
#2455=CARTESIAN_POINT('',(75.566883378,94.568082587,21.892670097));
#2456=DIRECTION('',(0.,-1.,0.));
#2457=VECTOR('',#2456,4.199131329);
#2458=LINE('',#2455,#2457);
#2459=EDGE_CURVE('',#2448,#201,#2458,.T.);
#2460=ORIENTED_EDGE('',*,*,#2459,.T.);
#2461=ORIENTED_EDGE('',*,*,#206,.F.);
#2462=EDGE_LOOP('',(#2446,#2454,#2460,#2461));
#2463=FACE_BOUND('',#2462,.T.);
#2464=ADVANCED_FACE('',(#2463),#2438,.T.);
#2465=CARTESIAN_POINT('',(74.066883378,107.627357217,23.392670097));
#2466=DIRECTION('',(1.,0.,0.));
#2467=DIRECTION('',(0.,0.,-1.));
#2468=AXIS2_PLACEMENT_3D('',#2465,#2466,#2467);
#2469=PLANE('',#2468);
#2470=CARTESIAN_POINT('',(74.066883378,94.568082587,23.392670097));
#2471=VERTEX_POINT('',#2470);
#2472=CARTESIAN_POINT('',(74.066883378,90.368951258,23.392670097));
#2473=DIRECTION('',(-0.,1.,-0.));
#2474=VECTOR('',#2473,4.199131329);
#2475=LINE('',#2472,#2474);
#2476=EDGE_CURVE('',#209,#2471,#2475,.T.);
#2477=ORIENTED_EDGE('',*,*,#2476,.T.);
#2478=CARTESIAN_POINT('',(74.066883378,94.568082587,28.392670097));
#2479=VERTEX_POINT('',#2478);
#2480=CARTESIAN_POINT('',(74.066883378,94.568082587,23.392670097));
#2481=DIRECTION('',(-0.,-0.,1.));
#2482=VECTOR('',#2481,5.);
#2483=LINE('',#2480,#2482);
#2484=EDGE_CURVE('',#2471,#2479,#2483,.T.);
#2485=ORIENTED_EDGE('',*,*,#2484,.T.);
#2486=CARTESIAN_POINT('',(74.066883378,94.568082587,28.392670097));
#2487=DIRECTION('',(0.,-1.,0.));
#2488=VECTOR('',#2487,4.199131329);
#2489=LINE('',#2486,#2488);
#2490=EDGE_CURVE('',#2479,#218,#2489,.T.);
#2491=ORIENTED_EDGE('',*,*,#2490,.T.);
#2492=ORIENTED_EDGE('',*,*,#223,.F.);
#2493=EDGE_LOOP('',(#2477,#2485,#2491,#2492));
#2494=FACE_BOUND('',#2493,.T.);
#2495=ADVANCED_FACE('',(#2494),#2469,.T.);
#2496=CARTESIAN_POINT('',(86.566883378,107.627357217,28.392670097));
#2497=DIRECTION('',(0.,1.,0.));
#2498=DIRECTION('',(0.,-0.,1.));
#2499=AXIS2_PLACEMENT_3D('',#2496,#2497,#2498);
#2500=CYLINDRICAL_SURFACE('',#2499,1.5);
#2501=ORIENTED_EDGE('',*,*,#2397,.F.);
#2502=CARTESIAN_POINT('',(86.566883378,94.568082587,28.392670097));
#2503=DIRECTION('',(-0.,1.,-0.));
#2504=DIRECTION('',(0.,0.,-1.));
#2505=AXIS2_PLACEMENT_3D('',#2502,#2503,#2504);
#2506=CIRCLE('',#2505,1.5);
#2507=EDGE_CURVE('',#2386,#2409,#2506,.T.);
#2508=ORIENTED_EDGE('',*,*,#2507,.T.);
#2509=ORIENTED_EDGE('',*,*,#2414,.F.);
#2510=ORIENTED_EDGE('',*,*,#249,.F.);
#2511=EDGE_LOOP('',(#2501,#2508,#2509,#2510));
#2512=FACE_BOUND('',#2511,.T.);
#2513=ADVANCED_FACE('',(#2512),#2500,.F.);
#2514=CARTESIAN_POINT('',(75.566883378,107.627357217,28.392670097));
#2515=DIRECTION('',(0.,1.,0.));
#2516=DIRECTION('',(0.,-0.,1.));
#2517=AXIS2_PLACEMENT_3D('',#2514,#2515,#2516);
#2518=CYLINDRICAL_SURFACE('',#2517,1.5);
#2519=ORIENTED_EDGE('',*,*,#2490,.F.);
#2520=CARTESIAN_POINT('',(75.566883378,94.568082587,28.392670097));
#2521=DIRECTION('',(-0.,1.,-0.));
#2522=DIRECTION('',(0.,0.,-1.));
#2523=AXIS2_PLACEMENT_3D('',#2520,#2521,#2522);
#2524=CIRCLE('',#2523,1.5);
#2525=EDGE_CURVE('',#2479,#2378,#2524,.T.);
#2526=ORIENTED_EDGE('',*,*,#2525,.T.);
#2527=ORIENTED_EDGE('',*,*,#2383,.F.);
#2528=ORIENTED_EDGE('',*,*,#232,.F.);
#2529=EDGE_LOOP('',(#2519,#2526,#2527,#2528));
#2530=FACE_BOUND('',#2529,.T.);
#2531=ADVANCED_FACE('',(#2530),#2518,.F.);
#2532=CARTESIAN_POINT('',(75.566883378,107.627357217,23.392670097));
#2533=DIRECTION('',(0.,1.,0.));
#2534=DIRECTION('',(0.,-0.,1.));
#2535=AXIS2_PLACEMENT_3D('',#2532,#2533,#2534);
#2536=CYLINDRICAL_SURFACE('',#2535,1.5);
#2537=ORIENTED_EDGE('',*,*,#2459,.F.);
#2538=CARTESIAN_POINT('',(75.566883378,94.568082587,23.392670097));
#2539=DIRECTION('',(-0.,1.,-0.));
#2540=DIRECTION('',(0.,0.,-1.));
#2541=AXIS2_PLACEMENT_3D('',#2538,#2539,#2540);
#2542=CIRCLE('',#2541,1.5);
#2543=EDGE_CURVE('',#2448,#2471,#2542,.T.);
#2544=ORIENTED_EDGE('',*,*,#2543,.T.);
#2545=ORIENTED_EDGE('',*,*,#2476,.F.);
#2546=ORIENTED_EDGE('',*,*,#215,.F.);
#2547=EDGE_LOOP('',(#2537,#2544,#2545,#2546));
#2548=FACE_BOUND('',#2547,.T.);
#2549=ADVANCED_FACE('',(#2548),#2536,.F.);
#2550=CARTESIAN_POINT('',(86.566883378,107.627357217,23.392670097));
#2551=DIRECTION('',(0.,1.,0.));
#2552=DIRECTION('',(0.,-0.,1.));
#2553=AXIS2_PLACEMENT_3D('',#2550,#2551,#2552);
#2554=CYLINDRICAL_SURFACE('',#2553,1.5);
#2555=ORIENTED_EDGE('',*,*,#2428,.F.);
#2556=CARTESIAN_POINT('',(86.566883378,94.568082587,23.392670097));
#2557=DIRECTION('',(-0.,1.,-0.));
#2558=DIRECTION('',(0.,0.,-1.));
#2559=AXIS2_PLACEMENT_3D('',#2556,#2557,#2558);
#2560=CIRCLE('',#2559,1.5);
#2561=EDGE_CURVE('',#2417,#2440,#2560,.T.);
#2562=ORIENTED_EDGE('',*,*,#2561,.T.);
#2563=ORIENTED_EDGE('',*,*,#2445,.F.);
#2564=ORIENTED_EDGE('',*,*,#264,.F.);
#2565=EDGE_LOOP('',(#2555,#2562,#2563,#2564));
#2566=FACE_BOUND('',#2565,.T.);
#2567=ADVANCED_FACE('',(#2566),#2554,.F.);
#2568=CARTESIAN_POINT('',(44.519415101,63.266637331,55.213672529));
#2569=DIRECTION('',(-0.999388062,-0.,0.034978582));
#2570=DIRECTION('',(0.034978582,0.,0.999388062));
#2571=AXIS2_PLACEMENT_3D('',#2568,#2569,#2570);
#2572=PLANE('',#2571);
#2573=ORIENTED_EDGE('',*,*,#423,.F.);
#2574=CARTESIAN_POINT('',(46.143303674,90.368951258,101.610488914));
#2575=DIRECTION('',(-0.,1.,0.));
#2576=VECTOR('',#2575,5.7);
#2577=LINE('',#2574,#2576);
#2578=EDGE_CURVE('',#409,#1680,#2577,.T.);
#2579=ORIENTED_EDGE('',*,*,#2578,.T.);
#2580=ORIENTED_EDGE('',*,*,#1685,.F.);
#2581=CARTESIAN_POINT('',(44.628072426,90.368951258,58.318167539));
#2582=DIRECTION('',(-0.,1.,0.));
#2583=VECTOR('',#2582,5.7);
#2584=LINE('',#2581,#2583);
#2585=EDGE_CURVE('',#418,#1671,#2584,.T.);
#2586=ORIENTED_EDGE('',*,*,#2585,.F.);
#2587=EDGE_LOOP('',(#2573,#2579,#2580,#2586));
#2588=FACE_BOUND('',#2587,.T.);
#2589=ADVANCED_FACE('',(#2588),#2572,.T.);
#2590=CARTESIAN_POINT('',(41.413019169,63.266637331,58.430694403));
#2591=DIRECTION('',(-0.,1.,0.));
#2592=DIRECTION('',(-1.,-0.,0.));
#2593=AXIS2_PLACEMENT_3D('',#2590,#2591,#2592);
#2594=CYLINDRICAL_SURFACE('',#2593,3.217021874);
#2595=ORIENTED_EDGE('',*,*,#2585,.T.);
#2596=ORIENTED_EDGE('',*,*,#1677,.F.);
#2597=CARTESIAN_POINT('',(41.550673517,90.368951258,55.21661895));
#2598=DIRECTION('',(-0.,1.,0.));
#2599=VECTOR('',#2598,5.7);
#2600=LINE('',#2597,#2599);
#2601=EDGE_CURVE('',#426,#1662,#2600,.T.);
#2602=ORIENTED_EDGE('',*,*,#2601,.F.);
#2603=ORIENTED_EDGE('',*,*,#432,.F.);
#2604=EDGE_LOOP('',(#2595,#2596,#2602,#2603));
#2605=FACE_BOUND('',#2604,.T.);
#2606=ADVANCED_FACE('',(#2605),#2594,.F.);
#2607=CARTESIAN_POINT('',(41.688327864,63.266637331,58.430694403));
#2608=DIRECTION('',(-0.,1.,0.));
#2609=DIRECTION('',(-1.,-0.,0.));
#2610=AXIS2_PLACEMENT_3D('',#2607,#2608,#2609);
#2611=CYLINDRICAL_SURFACE('',#2610,3.217021874);
#2612=ORIENTED_EDGE('',*,*,#2601,.T.);
#2613=ORIENTED_EDGE('',*,*,#1668,.F.);
#2614=CARTESIAN_POINT('',(38.473274607,90.368951258,58.318167539));
#2615=DIRECTION('',(-0.,1.,0.));
#2616=VECTOR('',#2615,5.7);
#2617=LINE('',#2614,#2616);
#2618=EDGE_CURVE('',#435,#1654,#2617,.T.);
#2619=ORIENTED_EDGE('',*,*,#2618,.F.);
#2620=ORIENTED_EDGE('',*,*,#441,.F.);
#2621=EDGE_LOOP('',(#2612,#2613,#2619,#2620));
#2622=FACE_BOUND('',#2621,.T.);
#2623=ADVANCED_FACE('',(#2622),#2611,.F.);
#2624=CARTESIAN_POINT('',(38.581931932,63.266637331,55.213672529));
#2625=DIRECTION('',(0.999388062,0.,0.034978582));
#2626=DIRECTION('',(0.034978582,0.,-0.999388062));
#2627=AXIS2_PLACEMENT_3D('',#2624,#2625,#2626);
#2628=PLANE('',#2627);
#2629=ORIENTED_EDGE('',*,*,#1659,.F.);
#2630=CARTESIAN_POINT('',(36.958043359,96.068951258,101.610488914));
#2631=DIRECTION('',(0.,-1.,0.));
#2632=VECTOR('',#2631,5.7);
#2633=LINE('',#2630,#2632);
#2634=EDGE_CURVE('',#1645,#444,#2633,.T.);
#2635=ORIENTED_EDGE('',*,*,#2634,.T.);
#2636=ORIENTED_EDGE('',*,*,#449,.F.);
#2637=ORIENTED_EDGE('',*,*,#2618,.T.);
#2638=EDGE_LOOP('',(#2629,#2635,#2636,#2637));
#2639=FACE_BOUND('',#2638,.T.);
#2640=ADVANCED_FACE('',(#2639),#2628,.T.);
#2641=CARTESIAN_POINT('',(66.338458775,60.836941642,65.274328033));
#2642=DIRECTION('',(-0.999388062,-0.,0.034978582));
#2643=DIRECTION('',(0.034978582,-0.,0.999388062));
#2644=AXIS2_PLACEMENT_3D('',#2641,#2642,#2643);
#2645=PLANE('',#2644);
#2646=ORIENTED_EDGE('',*,*,#363,.F.);
#2647=CARTESIAN_POINT('',(67.610224406,90.368951258,101.610488914));
#2648=DIRECTION('',(-0.,1.,-0.));
#2649=VECTOR('',#2648,5.7);
#2650=LINE('',#2647,#2649);
#2651=EDGE_CURVE('',#349,#1350,#2650,.T.);
#2652=ORIENTED_EDGE('',*,*,#2651,.T.);
#2653=ORIENTED_EDGE('',*,*,#1355,.F.);
#2654=CARTESIAN_POINT('',(66.421896947,90.368951258,67.658275783));
#2655=DIRECTION('',(-0.,1.,0.));
#2656=VECTOR('',#2655,5.7);
#2657=LINE('',#2654,#2656);
#2658=EDGE_CURVE('',#358,#1348,#2657,.T.);
#2659=ORIENTED_EDGE('',*,*,#2658,.F.);
#2660=EDGE_LOOP('',(#2646,#2652,#2653,#2659));
#2661=FACE_BOUND('',#2660,.T.);
#2662=ADVANCED_FACE('',(#2661),#2645,.T.);
#2663=CARTESIAN_POINT('',(63.953051304,60.836941642,67.744685381));
#2664=DIRECTION('',(-0.,1.,0.));
#2665=DIRECTION('',(-1.,-0.,0.));
#2666=AXIS2_PLACEMENT_3D('',#2663,#2664,#2665);
#2667=CYLINDRICAL_SURFACE('',#2666,2.470357347);
#2668=ORIENTED_EDGE('',*,*,#2658,.T.);
#2669=ORIENTED_EDGE('',*,*,#1735,.F.);
#2670=CARTESIAN_POINT('',(64.058756345,90.368951258,65.276590595));
#2671=DIRECTION('',(-0.,1.,0.));
#2672=VECTOR('',#2671,5.7);
#2673=LINE('',#2670,#2672);
#2674=EDGE_CURVE('',#366,#1722,#2673,.T.);
#2675=ORIENTED_EDGE('',*,*,#2674,.F.);
#2676=ORIENTED_EDGE('',*,*,#372,.F.);
#2677=EDGE_LOOP('',(#2668,#2669,#2675,#2676));
#2678=FACE_BOUND('',#2677,.T.);
#2679=ADVANCED_FACE('',(#2678),#2667,.F.);
#2680=CARTESIAN_POINT('',(64.164461386,60.836941642,67.744685381));
#2681=DIRECTION('',(-0.,1.,0.));
#2682=DIRECTION('',(-1.,-0.,0.));
#2683=AXIS2_PLACEMENT_3D('',#2680,#2681,#2682);
#2684=CYLINDRICAL_SURFACE('',#2683,2.470357347);
#2685=ORIENTED_EDGE('',*,*,#2674,.T.);
#2686=ORIENTED_EDGE('',*,*,#1728,.F.);
#2687=CARTESIAN_POINT('',(61.695615744,90.368951258,67.658275783));
#2688=DIRECTION('',(-0.,1.,0.));
#2689=VECTOR('',#2688,5.7);
#2690=LINE('',#2687,#2689);
#2691=EDGE_CURVE('',#375,#1714,#2690,.T.);
#2692=ORIENTED_EDGE('',*,*,#2691,.F.);
#2693=ORIENTED_EDGE('',*,*,#381,.F.);
#2694=EDGE_LOOP('',(#2685,#2686,#2692,#2693));
#2695=FACE_BOUND('',#2694,.T.);
#2696=ADVANCED_FACE('',(#2695),#2684,.F.);
#2697=CARTESIAN_POINT('',(61.779053915,60.836941642,65.274328033));
#2698=DIRECTION('',(0.999388062,0.,0.034978582));
#2699=DIRECTION('',(0.034978582,-0.,-0.999388062));
#2700=AXIS2_PLACEMENT_3D('',#2697,#2698,#2699);
#2701=PLANE('',#2700);
#2702=ORIENTED_EDGE('',*,*,#1719,.F.);
#2703=CARTESIAN_POINT('',(60.507288284,96.068951258,101.610488914));
#2704=DIRECTION('',(0.,-1.,-0.));
#2705=VECTOR('',#2704,5.7);
#2706=LINE('',#2703,#2705);
#2707=EDGE_CURVE('',#1705,#384,#2706,.T.);
#2708=ORIENTED_EDGE('',*,*,#2707,.T.);
#2709=ORIENTED_EDGE('',*,*,#389,.F.);
#2710=ORIENTED_EDGE('',*,*,#2691,.T.);
#2711=EDGE_LOOP('',(#2702,#2708,#2709,#2710));
#2712=FACE_BOUND('',#2711,.T.);
#2713=ADVANCED_FACE('',(#2712),#2701,.T.);
#2714=CARTESIAN_POINT('',(-90.533116622,94.868951258,50.555283671));
#2715=DIRECTION('',(1.,0.,-0.));
#2716=DIRECTION('',(-0.,0.,-1.));
#2717=AXIS2_PLACEMENT_3D('',#2714,#2715,#2716);
#2718=PLANE('',#2717);
#2719=ORIENTED_EDGE('',*,*,#285,.F.);
#2720=CARTESIAN_POINT('',(-90.533116622,94.868951258,37.235531749));
#2721=VERTEX_POINT('',#2720);
#2722=CARTESIAN_POINT('',(-90.533116622,94.868951258,37.235531749));
#2723=DIRECTION('',(0.,-1.,0.));
#2724=VECTOR('',#2723,4.5);
#2725=LINE('',#2722,#2724);
#2726=EDGE_CURVE('',#2721,#271,#2725,.T.);
#2727=ORIENTED_EDGE('',*,*,#2726,.F.);
#2728=CARTESIAN_POINT('',(-90.533116622,94.868951258,51.235531749));
#2729=VERTEX_POINT('',#2728);
#2730=CARTESIAN_POINT('',(-90.533116622,94.868951258,37.235531749));
#2731=DIRECTION('',(0.,0.,1.));
#2732=VECTOR('',#2731,14.);
#2733=LINE('',#2730,#2732);
#2734=EDGE_CURVE('',#2721,#2729,#2733,.T.);
#2735=ORIENTED_EDGE('',*,*,#2734,.T.);
#2736=CARTESIAN_POINT('',(-90.533116622,94.868951258,51.235531749));
#2737=DIRECTION('',(0.,-1.,0.));
#2738=VECTOR('',#2737,4.5);
#2739=LINE('',#2736,#2738);
#2740=EDGE_CURVE('',#2729,#280,#2739,.T.);
#2741=ORIENTED_EDGE('',*,*,#2740,.T.);
#2742=EDGE_LOOP('',(#2719,#2727,#2735,#2741));
#2743=FACE_BOUND('',#2742,.T.);
#2744=ADVANCED_FACE('',(#2743),#2718,.T.);
#2745=CARTESIAN_POINT('',(-88.533116622,94.868951258,37.235531749));
#2746=DIRECTION('',(0.,-1.,0.));
#2747=DIRECTION('',(0.,0.,-1.));
#2748=AXIS2_PLACEMENT_3D('',#2745,#2746,#2747);
#2749=CYLINDRICAL_SURFACE('',#2748,2.);
#2750=ORIENTED_EDGE('',*,*,#277,.F.);
#2751=CARTESIAN_POINT('',(-88.533116622,94.868951258,35.235531749));
#2752=VERTEX_POINT('',#2751);
#2753=CARTESIAN_POINT('',(-88.533116622,94.868951258,35.235531749));
#2754=DIRECTION('',(0.,-1.,0.));
#2755=VECTOR('',#2754,4.5);
#2756=LINE('',#2753,#2755);
#2757=EDGE_CURVE('',#2752,#269,#2756,.T.);
#2758=ORIENTED_EDGE('',*,*,#2757,.F.);
#2759=CARTESIAN_POINT('',(-88.533116622,94.868951258,37.235531749));
#2760=DIRECTION('',(0.,1.,0.));
#2761=DIRECTION('',(0.,-0.,1.));
#2762=AXIS2_PLACEMENT_3D('',#2759,#2760,#2761);
#2763=CIRCLE('',#2762,2.);
#2764=EDGE_CURVE('',#2752,#2721,#2763,.T.);
#2765=ORIENTED_EDGE('',*,*,#2764,.T.);
#2766=ORIENTED_EDGE('',*,*,#2726,.T.);
#2767=EDGE_LOOP('',(#2750,#2758,#2765,#2766));
#2768=FACE_BOUND('',#2767,.T.);
#2769=ADVANCED_FACE('',(#2768),#2749,.F.);
#2770=CARTESIAN_POINT('',(-61.834525468,94.868951258,35.235531749));
#2771=DIRECTION('',(0.,0.,1.));
#2772=DIRECTION('',(1.,0.,0.));
#2773=AXIS2_PLACEMENT_3D('',#2770,#2771,#2772);
#2774=PLANE('',#2773);
#2775=ORIENTED_EDGE('',*,*,#334,.F.);
#2776=CARTESIAN_POINT('',(-79.533116622,94.868951258,35.235531749));
#2777=VERTEX_POINT('',#2776);
#2778=CARTESIAN_POINT('',(-79.533116622,94.868951258,35.235531749));
#2779=DIRECTION('',(0.,-1.,0.));
#2780=VECTOR('',#2779,4.5);
#2781=LINE('',#2778,#2780);
#2782=EDGE_CURVE('',#2777,#322,#2781,.T.);
#2783=ORIENTED_EDGE('',*,*,#2782,.F.);
#2784=CARTESIAN_POINT('',(-79.533116622,94.868951258,35.235531749));
#2785=DIRECTION('',(-1.,-0.,0.));
#2786=VECTOR('',#2785,9.);
#2787=LINE('',#2784,#2786);
#2788=EDGE_CURVE('',#2777,#2752,#2787,.T.);
#2789=ORIENTED_EDGE('',*,*,#2788,.T.);
#2790=ORIENTED_EDGE('',*,*,#2757,.T.);
#2791=EDGE_LOOP('',(#2775,#2783,#2789,#2790));
#2792=FACE_BOUND('',#2791,.T.);
#2793=ADVANCED_FACE('',(#2792),#2774,.T.);
#2794=CARTESIAN_POINT('',(-79.533116622,94.868951258,37.235531749));
#2795=DIRECTION('',(0.,-1.,0.));
#2796=DIRECTION('',(0.,0.,-1.));
#2797=AXIS2_PLACEMENT_3D('',#2794,#2795,#2796);
#2798=CYLINDRICAL_SURFACE('',#2797,2.);
#2799=ORIENTED_EDGE('',*,*,#328,.F.);
#2800=CARTESIAN_POINT('',(-77.533116622,94.868951258,37.235531749));
#2801=VERTEX_POINT('',#2800);
#2802=CARTESIAN_POINT('',(-77.533116622,94.868951258,37.235531749));
#2803=DIRECTION('',(0.,-1.,0.));
#2804=VECTOR('',#2803,4.5);
#2805=LINE('',#2802,#2804);
#2806=EDGE_CURVE('',#2801,#314,#2805,.T.);
#2807=ORIENTED_EDGE('',*,*,#2806,.F.);
#2808=CARTESIAN_POINT('',(-79.533116622,94.868951258,37.235531749));
#2809=DIRECTION('',(0.,1.,0.));
#2810=DIRECTION('',(0.,-0.,1.));
#2811=AXIS2_PLACEMENT_3D('',#2808,#2809,#2810);
#2812=CIRCLE('',#2811,2.);
#2813=EDGE_CURVE('',#2801,#2777,#2812,.T.);
#2814=ORIENTED_EDGE('',*,*,#2813,.T.);
#2815=ORIENTED_EDGE('',*,*,#2782,.T.);
#2816=EDGE_LOOP('',(#2799,#2807,#2814,#2815));
#2817=FACE_BOUND('',#2816,.T.);
#2818=ADVANCED_FACE('',(#2817),#2798,.F.);
#2819=CARTESIAN_POINT('',(-77.533116622,94.868951258,50.555283671));
#2820=DIRECTION('',(-1.,0.,0.));
#2821=DIRECTION('',(0.,0.,1.));
#2822=AXIS2_PLACEMENT_3D('',#2819,#2820,#2821);
#2823=PLANE('',#2822);
#2824=ORIENTED_EDGE('',*,*,#319,.F.);
#2825=CARTESIAN_POINT('',(-77.533116622,94.868951258,51.235531749));
#2826=VERTEX_POINT('',#2825);
#2827=CARTESIAN_POINT('',(-77.533116622,94.868951258,51.235531749));
#2828=DIRECTION('',(0.,-1.,0.));
#2829=VECTOR('',#2828,4.5);
#2830=LINE('',#2827,#2829);
#2831=EDGE_CURVE('',#2826,#305,#2830,.T.);
#2832=ORIENTED_EDGE('',*,*,#2831,.F.);
#2833=CARTESIAN_POINT('',(-77.533116622,94.868951258,51.235531749));
#2834=DIRECTION('',(0.,0.,-1.));
#2835=VECTOR('',#2834,14.);
#2836=LINE('',#2833,#2835);
#2837=EDGE_CURVE('',#2826,#2801,#2836,.T.);
#2838=ORIENTED_EDGE('',*,*,#2837,.T.);
#2839=ORIENTED_EDGE('',*,*,#2806,.T.);
#2840=EDGE_LOOP('',(#2824,#2832,#2838,#2839));
#2841=FACE_BOUND('',#2840,.T.);
#2842=ADVANCED_FACE('',(#2841),#2823,.T.);
#2843=CARTESIAN_POINT('',(-79.533116622,94.868951258,51.235531749));
#2844=DIRECTION('',(0.,-1.,0.));
#2845=DIRECTION('',(0.,0.,-1.));
#2846=AXIS2_PLACEMENT_3D('',#2843,#2844,#2845);
#2847=CYLINDRICAL_SURFACE('',#2846,2.);
#2848=ORIENTED_EDGE('',*,*,#311,.F.);
#2849=CARTESIAN_POINT('',(-79.533116622,94.868951258,53.235531749));
#2850=VERTEX_POINT('',#2849);
#2851=CARTESIAN_POINT('',(-79.533116622,94.868951258,53.235531749));
#2852=DIRECTION('',(0.,-1.,0.));
#2853=VECTOR('',#2852,4.5);
#2854=LINE('',#2851,#2853);
#2855=EDGE_CURVE('',#2850,#297,#2854,.T.);
#2856=ORIENTED_EDGE('',*,*,#2855,.F.);
#2857=CARTESIAN_POINT('',(-79.533116622,94.868951258,51.235531749));
#2858=DIRECTION('',(0.,1.,0.));
#2859=DIRECTION('',(0.,-0.,1.));
#2860=AXIS2_PLACEMENT_3D('',#2857,#2858,#2859);
#2861=CIRCLE('',#2860,2.);
#2862=EDGE_CURVE('',#2850,#2826,#2861,.T.);
#2863=ORIENTED_EDGE('',*,*,#2862,.T.);
#2864=ORIENTED_EDGE('',*,*,#2831,.T.);
#2865=EDGE_LOOP('',(#2848,#2856,#2863,#2864));
#2866=FACE_BOUND('',#2865,.T.);
#2867=ADVANCED_FACE('',(#2866),#2847,.F.);
#2868=CARTESIAN_POINT('',(-61.834525468,94.868951258,53.235531749));
#2869=DIRECTION('',(0.,0.,-1.));
#2870=DIRECTION('',(-1.,0.,0.));
#2871=AXIS2_PLACEMENT_3D('',#2868,#2869,#2870);
#2872=PLANE('',#2871);
#2873=ORIENTED_EDGE('',*,*,#302,.F.);
#2874=CARTESIAN_POINT('',(-88.533116622,94.868951258,53.235531749));
#2875=VERTEX_POINT('',#2874);
#2876=CARTESIAN_POINT('',(-88.533116622,94.868951258,53.235531749));
#2877=DIRECTION('',(0.,-1.,0.));
#2878=VECTOR('',#2877,4.5);
#2879=LINE('',#2876,#2878);
#2880=EDGE_CURVE('',#2875,#288,#2879,.T.);
#2881=ORIENTED_EDGE('',*,*,#2880,.F.);
#2882=CARTESIAN_POINT('',(-88.533116622,94.868951258,53.235531749));
#2883=DIRECTION('',(1.,0.,0.));
#2884=VECTOR('',#2883,9.);
#2885=LINE('',#2882,#2884);
#2886=EDGE_CURVE('',#2875,#2850,#2885,.T.);
#2887=ORIENTED_EDGE('',*,*,#2886,.T.);
#2888=ORIENTED_EDGE('',*,*,#2855,.T.);
#2889=EDGE_LOOP('',(#2873,#2881,#2887,#2888));
#2890=FACE_BOUND('',#2889,.T.);
#2891=ADVANCED_FACE('',(#2890),#2872,.T.);
#2892=CARTESIAN_POINT('',(-88.533116622,94.868951258,51.235531749));
#2893=DIRECTION('',(0.,-1.,0.));
#2894=DIRECTION('',(0.,0.,-1.));
#2895=AXIS2_PLACEMENT_3D('',#2892,#2893,#2894);
#2896=CYLINDRICAL_SURFACE('',#2895,2.);
#2897=ORIENTED_EDGE('',*,*,#294,.F.);
#2898=ORIENTED_EDGE('',*,*,#2740,.F.);
#2899=CARTESIAN_POINT('',(-88.533116622,94.868951258,51.235531749));
#2900=DIRECTION('',(0.,1.,0.));
#2901=DIRECTION('',(0.,-0.,1.));
#2902=AXIS2_PLACEMENT_3D('',#2899,#2900,#2901);
#2903=CIRCLE('',#2902,2.);
#2904=EDGE_CURVE('',#2729,#2875,#2903,.T.);
#2905=ORIENTED_EDGE('',*,*,#2904,.T.);
#2906=ORIENTED_EDGE('',*,*,#2880,.T.);
#2907=EDGE_LOOP('',(#2897,#2898,#2905,#2906));
#2908=FACE_BOUND('',#2907,.T.);
#2909=ADVANCED_FACE('',(#2908),#2896,.F.);
#2910=CARTESIAN_POINT('',(-1.203113023,94.868951258,53.800388914));
#2911=DIRECTION('',(0.,-1.,0.));
#2912=DIRECTION('',(1.,0.,0.));
#2913=AXIS2_PLACEMENT_3D('',#2910,#2911,#2912);
#2914=PLANE('',#2913);
#2915=ORIENTED_EDGE('',*,*,#2734,.F.);
#2916=ORIENTED_EDGE('',*,*,#2764,.F.);
#2917=ORIENTED_EDGE('',*,*,#2788,.F.);
#2918=ORIENTED_EDGE('',*,*,#2813,.F.);
#2919=ORIENTED_EDGE('',*,*,#2837,.F.);
#2920=ORIENTED_EDGE('',*,*,#2862,.F.);
#2921=ORIENTED_EDGE('',*,*,#2886,.F.);
#2922=ORIENTED_EDGE('',*,*,#2904,.F.);
#2923=EDGE_LOOP('',(#2915,#2916,#2917,#2918,#2919,#2920,#2921,#2922));
#2924=FACE_BOUND('',#2923,.T.);
#2925=ORIENTED_EDGE('',*,*,#1921,.T.);
#2926=ORIENTED_EDGE('',*,*,#1950,.T.);
#2927=ORIENTED_EDGE('',*,*,#1974,.T.);
#2928=ORIENTED_EDGE('',*,*,#1991,.T.);
#2929=EDGE_LOOP('',(#2925,#2926,#2927,#2928));
#2930=FACE_BOUND('',#2929,.T.);
#2931=ADVANCED_FACE('',(#2924,#2930),#2914,.T.);
#2932=CARTESIAN_POINT('',(80.584460494,96.068951258,48.936025699));
#2933=CARTESIAN_POINT('',(80.584460494,95.668951258,48.936025699));
#2934=CARTESIAN_POINT('',(80.584460494,95.268951258,48.936025699));
#2935=CARTESIAN_POINT('',(80.584460494,94.868951258,48.936025699));
#2936=CARTESIAN_POINT('',(80.298216765,96.068951258,48.885553207));
#2937=CARTESIAN_POINT('',(80.298216765,95.668951258,48.885553207));
#2938=CARTESIAN_POINT('',(80.298216765,95.268951258,48.885553207));
#2939=CARTESIAN_POINT('',(80.298216765,94.868951258,48.885553207));
#2940=CARTESIAN_POINT('',(79.99971587,96.068951258,48.864453629));
#2941=CARTESIAN_POINT('',(79.99971587,95.668951258,48.864453629));
#2942=CARTESIAN_POINT('',(79.99971587,95.268951258,48.864453629));
#2943=CARTESIAN_POINT('',(79.99971587,94.868951258,48.864453629));
#2944=CARTESIAN_POINT('',(79.698725539,96.068951258,48.876802987));
#2945=CARTESIAN_POINT('',(79.698725539,95.668951258,48.876802987));
#2946=CARTESIAN_POINT('',(79.698725539,95.268951258,48.876802987));
#2947=CARTESIAN_POINT('',(79.698725539,94.868951258,48.876802987));
#2948=CARTESIAN_POINT('',(79.397735207,96.068951258,48.889152345));
#2949=CARTESIAN_POINT('',(79.397735207,95.668951258,48.889152345));
#2950=CARTESIAN_POINT('',(79.397735207,95.268951258,48.889152345));
#2951=CARTESIAN_POINT('',(79.397735207,94.868951258,48.889152345));
#2952=CARTESIAN_POINT('',(79.094415462,96.068951258,48.935017416));
#2953=CARTESIAN_POINT('',(79.094415462,95.668951258,48.935017416));
#2954=CARTESIAN_POINT('',(79.094415462,95.268951258,48.935017416));
#2955=CARTESIAN_POINT('',(79.094415462,94.868951258,48.935017416));
#2956=CARTESIAN_POINT('',(78.799861224,96.068951258,49.013942986));
#2957=CARTESIAN_POINT('',(78.799861224,95.668951258,49.013942986));
#2958=CARTESIAN_POINT('',(78.799861224,95.268951258,49.013942986));
#2959=CARTESIAN_POINT('',(78.799861224,94.868951258,49.013942986));
#2960=CARTESIAN_POINT('',(78.505306987,96.068951258,49.092868556));
#2961=CARTESIAN_POINT('',(78.505306987,95.668951258,49.092868556));
#2962=CARTESIAN_POINT('',(78.505306987,95.268951258,49.092868556));
#2963=CARTESIAN_POINT('',(78.505306987,94.868951258,49.092868556));
#2964=CARTESIAN_POINT('',(78.219691846,96.068951258,49.204808112));
#2965=CARTESIAN_POINT('',(78.219691846,95.668951258,49.204808112));
#2966=CARTESIAN_POINT('',(78.219691846,95.268951258,49.204808112));
#2967=CARTESIAN_POINT('',(78.219691846,94.868951258,49.204808112));
#2968=CARTESIAN_POINT('',(77.952851894,96.068951258,49.34460842));
#2969=CARTESIAN_POINT('',(77.952851894,95.668951258,49.34460842));
#2970=CARTESIAN_POINT('',(77.952851894,95.268951258,49.34460842));
#2971=CARTESIAN_POINT('',(77.952851894,94.868951258,49.34460842));
#2972=CARTESIAN_POINT('',(77.686011941,96.068951258,49.484408728));
#2973=CARTESIAN_POINT('',(77.686011941,95.668951258,49.484408728));
#2974=CARTESIAN_POINT('',(77.686011941,95.268951258,49.484408728));
#2975=CARTESIAN_POINT('',(77.686011941,94.868951258,49.484408728));
#2976=CARTESIAN_POINT('',(77.438052373,96.068951258,49.651931946));
#2977=CARTESIAN_POINT('',(77.438052373,95.668951258,49.651931946));
#2978=CARTESIAN_POINT('',(77.438052373,95.268951258,49.651931946));
#2979=CARTESIAN_POINT('',(77.438052373,94.868951258,49.651931946));
#2980=CARTESIAN_POINT('',(77.215394278,96.068951258,49.838764271));
#2981=CARTESIAN_POINT('',(77.215394278,95.668951258,49.838764271));
#2982=CARTESIAN_POINT('',(77.215394278,95.268951258,49.838764271));
#2983=CARTESIAN_POINT('',(77.215394278,94.868951258,49.838764271));
#2984=CARTESIAN_POINT('',(76.992736182,96.068951258,50.025596597));
#2985=CARTESIAN_POINT('',(76.992736182,95.668951258,50.025596597));
#2986=CARTESIAN_POINT('',(76.992736182,95.268951258,50.025596597));
#2987=CARTESIAN_POINT('',(76.992736182,94.868951258,50.025596597));
#2988=CARTESIAN_POINT('',(76.784700292,96.068951258,50.240699001));
#2989=CARTESIAN_POINT('',(76.784700292,95.668951258,50.240699001));
#2990=CARTESIAN_POINT('',(76.784700292,95.268951258,50.240699001));
#2991=CARTESIAN_POINT('',(76.784700292,94.868951258,50.240699001));
#2992=CARTESIAN_POINT('',(76.600687593,96.068951258,50.479208986));
#2993=CARTESIAN_POINT('',(76.600687593,95.668951258,50.479208986));
#2994=CARTESIAN_POINT('',(76.600687593,95.268951258,50.479208986));
#2995=CARTESIAN_POINT('',(76.600687593,94.868951258,50.479208986));
#2996=CARTESIAN_POINT('',(76.416674894,96.068951258,50.717718971));
#2997=CARTESIAN_POINT('',(76.416674894,95.668951258,50.717718971));
#2998=CARTESIAN_POINT('',(76.416674894,95.268951258,50.717718971));
#2999=CARTESIAN_POINT('',(76.416674894,94.868951258,50.717718971));
#3000=CARTESIAN_POINT('',(76.256839403,96.068951258,50.979556877));
#3001=CARTESIAN_POINT('',(76.256839403,95.668951258,50.979556877));
#3002=CARTESIAN_POINT('',(76.256839403,95.268951258,50.979556877));
#3003=CARTESIAN_POINT('',(76.256839403,94.868951258,50.979556877));
#3004=CARTESIAN_POINT('',(76.127964083,96.068951258,51.255930892));
#3005=CARTESIAN_POINT('',(76.127964083,95.668951258,51.255930892));
#3006=CARTESIAN_POINT('',(76.127964083,95.268951258,51.255930892));
#3007=CARTESIAN_POINT('',(76.127964083,94.868951258,51.255930892));
#3008=CARTESIAN_POINT('',(75.999088763,96.068951258,51.532304907));
#3009=CARTESIAN_POINT('',(75.999088763,95.668951258,51.532304907));
#3010=CARTESIAN_POINT('',(75.999088763,95.268951258,51.532304907));
#3011=CARTESIAN_POINT('',(75.999088763,94.868951258,51.532304907));
#3012=CARTESIAN_POINT('',(75.901249565,96.068951258,51.823052158));
#3013=CARTESIAN_POINT('',(75.901249565,95.668951258,51.823052158));
#3014=CARTESIAN_POINT('',(75.901249565,95.268951258,51.823052158));
#3015=CARTESIAN_POINT('',(75.901249565,94.868951258,51.823052158));
#3016=CARTESIAN_POINT('',(75.836821398,96.068951258,52.117325327));
#3017=CARTESIAN_POINT('',(75.836821398,95.668951258,52.117325327));
#3018=CARTESIAN_POINT('',(75.836821398,95.268951258,52.117325327));
#3019=CARTESIAN_POINT('',(75.836821398,94.868951258,52.117325327));
#3020=CARTESIAN_POINT('',(75.772393232,96.068951258,52.411598495));
#3021=CARTESIAN_POINT('',(75.772393232,95.668951258,52.411598495));
#3022=CARTESIAN_POINT('',(75.772393232,95.268951258,52.411598495));
#3023=CARTESIAN_POINT('',(75.772393232,94.868951258,52.411598495));
#3024=CARTESIAN_POINT('',(75.741338124,96.068951258,52.709228394));
#3025=CARTESIAN_POINT('',(75.741338124,95.668951258,52.709228394));
#3026=CARTESIAN_POINT('',(75.741338124,95.268951258,52.709228394));
#3027=CARTESIAN_POINT('',(75.741338124,94.868951258,52.709228394));
#3028=CARTESIAN_POINT('',(75.741338124,96.068951258,52.999887894));
#3029=CARTESIAN_POINT('',(75.741338124,95.668951258,52.999887894));
#3030=CARTESIAN_POINT('',(75.741338124,95.268951258,52.999887894));
#3031=CARTESIAN_POINT('',(75.741338124,94.868951258,52.999887894));
#3032=B_SPLINE_SURFACE_WITH_KNOTS('',3,3,((#2932,#2933,#2934,#2935),(#2936,#2937,#2938,#2939),(#2940,#2941,#2942,#2943),(#2944,#2945,#2946,#2947),(#2948,#2949,#2950,#2951),(#2952,#2953,#2954,#2955),(#2956,#2957,#2958,#2959),(#2960,#2961,#2962,#2963),(#2964,#2965,#2966,#2967),(#2968,#2969,#2970,#2971),(#2972,#2973,#2974,#2975),(#2976,#2977,#2978,#2979),(#2980,#2981,#2982,#2983),(#2984,#2985,#2986,#2987),(#2988,#2989,#2990,#2991),(#2992,#2993,#2994,#2995),(#2996,#2997,#2998,#2999),(#3000,#3001,#3002,#3003),(#3004,#3005,#3006,#3007),(#3008,#3009,#3010,#3011),(#3012,#3013,#3014,#3015),(#3016,#3017,#3018,#3019),(#3020,#3021,#3022,#3023),(#3024,#3025,#3026,#3027),(#3028,#3029,#3030,#3031)),.UNSPECIFIED.,.F.,.F.,.U.,(4,3,3,3,3,3,3,3,4),(4,4),(350.,362.5,375.,387.5,400.,412.5,425.,437.5,450.),(0.328002796,0.387530551),.UNSPECIFIED.);
#3033=CARTESIAN_POINT('',(80.584460494,94.868951258,48.936025699));
#3034=CARTESIAN_POINT('',(80.286184933,94.868951258,48.88343167));
#3035=CARTESIAN_POINT('',(79.987713928,94.868951258,48.864255624));
#3036=CARTESIAN_POINT('',(79.689055003,94.868951258,48.877211121));
#3037=CARTESIAN_POINT('',(79.390396078,94.868951258,48.890166618));
#3038=CARTESIAN_POINT('',(79.08839671,94.868951258,48.936586838));
#3039=CARTESIAN_POINT('',(78.799303723,94.868951258,49.01409241));
#3040=CARTESIAN_POINT('',(78.510210737,94.868951258,49.091597982));
#3041=CARTESIAN_POINT('',(78.231615778,94.868951258,49.199601149));
#3042=CARTESIAN_POINT('',(77.963792635,94.868951258,49.338897284));
#3043=CARTESIAN_POINT('',(77.829881064,94.868951258,49.408545351));
#3044=CARTESIAN_POINT('',(77.699620639,94.868951258,49.485705823));
#3045=CARTESIAN_POINT('',(77.575100127,94.868951258,49.568918336));
#3046=CARTESIAN_POINT('',(77.450579615,94.868951258,49.652130848));
#3047=CARTESIAN_POINT('',(77.331116156,94.868951258,49.741741062));
#3048=CARTESIAN_POINT('',(77.21666789,94.868951258,49.83769602));
#3049=CARTESIAN_POINT('',(77.102219625,94.868951258,49.933650978));
#3050=CARTESIAN_POINT('',(76.992785989,94.868951258,50.035949966));
#3051=CARTESIAN_POINT('',(76.888505916,94.868951258,50.14476875));
#3052=CARTESIAN_POINT('',(76.784225843,94.868951258,50.253587534));
#3053=CARTESIAN_POINT('',(76.685408426,94.868951258,50.368782818));
#3054=CARTESIAN_POINT('',(76.594154128,94.868951258,50.487700174));
#3055=CARTESIAN_POINT('',(76.411645533,94.868951258,50.725534886));
#3056=CARTESIAN_POINT('',(76.256522188,94.868951258,50.98071237));
#3057=CARTESIAN_POINT('',(76.129123175,94.868951258,51.253447364));
#3058=CARTESIAN_POINT('',(76.065423669,94.868951258,51.389814861));
#3059=CARTESIAN_POINT('',(76.008753721,94.868951258,51.530870828));
#3060=CARTESIAN_POINT('',(75.960505943,94.868951258,51.672943635));
#3061=CARTESIAN_POINT('',(75.912258164,94.868951258,51.815016443));
#3062=CARTESIAN_POINT('',(75.871999759,94.868951258,51.958936064));
#3063=CARTESIAN_POINT('',(75.839611871,94.868951258,52.104675023));
#3064=CARTESIAN_POINT('',(75.807223984,94.868951258,52.250413982));
#3065=CARTESIAN_POINT('',(75.782706466,94.868951258,52.397972245));
#3066=CARTESIAN_POINT('',(75.766222782,94.868951258,52.547387599));
#3067=CARTESIAN_POINT('',(75.749739098,94.868951258,52.696802953));
#3068=CARTESIAN_POINT('',(75.741338124,94.868951258,52.848449423));
#3069=CARTESIAN_POINT('',(75.741338124,94.868951258,52.999887894));
#3070=B_SPLINE_CURVE_WITH_KNOTS('',3,(#3033,#3034,#3035,#3036,#3037,#3038,#3039,#3040,#3041,#3042,#3043,#3044,#3045,#3046,#3047,#3048,#3049,#3050,#3051,#3052,#3053,#3054,#3055,#3056,#3057,#3058,
#3059,#3060,#3061,#3062,#3063,#3064,#3065,#3066,#3067,#3068,#3069),.UNSPECIFIED.,.F.,.F.,(4,3,3,3,3,3,3,3,3,3,3,3,4),(0.,0.000895734,0.001791468,0.002687202,0.00313507,0.003582937,0.004030804,0.004478671,0.005374405,0.005822272,0.006270139,0.006718006,0.007165873),.UNSPECIFIED.);
#3071=EDGE_CURVE('',#945,#993,#3070,.T.);
#3072=ORIENTED_EDGE('',*,*,#3071,.F.);
#3073=ORIENTED_EDGE('',*,*,#950,.F.);
#3074=ORIENTED_EDGE('',*,*,#1897,.T.);
#3075=ORIENTED_EDGE('',*,*,#1006,.T.);
#3076=EDGE_LOOP('',(#3072,#3073,#3074,#3075));
#3077=FACE_BOUND('',#3076,.T.);
#3078=ADVANCED_FACE('',(#3077),#3032,.T.);
#3079=CARTESIAN_POINT('',(75.741338124,96.068951258,63.799887894));
#3080=CARTESIAN_POINT('',(75.741338124,95.668951258,63.799887894));
#3081=CARTESIAN_POINT('',(75.741338124,95.268951258,63.799887894));
#3082=CARTESIAN_POINT('',(75.741338124,94.868951258,63.799887894));
#3083=CARTESIAN_POINT('',(75.741338124,96.068951258,64.090547394));
#3084=CARTESIAN_POINT('',(75.741338124,95.668951258,64.090547394));
#3085=CARTESIAN_POINT('',(75.741338124,95.268951258,64.090547394));
#3086=CARTESIAN_POINT('',(75.741338124,94.868951258,64.090547394));
#3087=CARTESIAN_POINT('',(75.772393232,96.068951258,64.388177293));
#3088=CARTESIAN_POINT('',(75.772393232,95.668951258,64.388177293));
#3089=CARTESIAN_POINT('',(75.772393232,95.268951258,64.388177293));
#3090=CARTESIAN_POINT('',(75.772393232,94.868951258,64.388177293));
#3091=CARTESIAN_POINT('',(75.836821398,96.068951258,64.682450461));
#3092=CARTESIAN_POINT('',(75.836821398,95.668951258,64.682450461));
#3093=CARTESIAN_POINT('',(75.836821398,95.268951258,64.682450461));
#3094=CARTESIAN_POINT('',(75.836821398,94.868951258,64.682450461));
#3095=CARTESIAN_POINT('',(75.901249565,96.068951258,64.97672363));
#3096=CARTESIAN_POINT('',(75.901249565,95.668951258,64.97672363));
#3097=CARTESIAN_POINT('',(75.901249565,95.268951258,64.97672363));
#3098=CARTESIAN_POINT('',(75.901249565,94.868951258,64.97672363));
#3099=CARTESIAN_POINT('',(75.999088763,96.068951258,65.267470881));
#3100=CARTESIAN_POINT('',(75.999088763,95.668951258,65.267470881));
#3101=CARTESIAN_POINT('',(75.999088763,95.268951258,65.267470881));
#3102=CARTESIAN_POINT('',(75.999088763,94.868951258,65.267470881));
#3103=CARTESIAN_POINT('',(76.127964083,96.068951258,65.543844896));
#3104=CARTESIAN_POINT('',(76.127964083,95.668951258,65.543844896));
#3105=CARTESIAN_POINT('',(76.127964083,95.268951258,65.543844896));
#3106=CARTESIAN_POINT('',(76.127964083,94.868951258,65.543844896));
#3107=CARTESIAN_POINT('',(76.256839403,96.068951258,65.820218911));
#3108=CARTESIAN_POINT('',(76.256839403,95.668951258,65.820218911));
#3109=CARTESIAN_POINT('',(76.256839403,95.268951258,65.820218911));
#3110=CARTESIAN_POINT('',(76.256839403,94.868951258,65.820218911));
#3111=CARTESIAN_POINT('',(76.416674894,96.068951258,66.082056816));
#3112=CARTESIAN_POINT('',(76.416674894,95.668951258,66.082056816));
#3113=CARTESIAN_POINT('',(76.416674894,95.268951258,66.082056816));
#3114=CARTESIAN_POINT('',(76.416674894,94.868951258,66.082056816));
#3115=CARTESIAN_POINT('',(76.600687593,96.068951258,66.320566802));
#3116=CARTESIAN_POINT('',(76.600687593,95.668951258,66.320566802));
#3117=CARTESIAN_POINT('',(76.600687593,95.268951258,66.320566802));
#3118=CARTESIAN_POINT('',(76.600687593,94.868951258,66.320566802));
#3119=CARTESIAN_POINT('',(76.784700292,96.068951258,66.559076787));
#3120=CARTESIAN_POINT('',(76.784700292,95.668951258,66.559076787));
#3121=CARTESIAN_POINT('',(76.784700292,95.268951258,66.559076787));
#3122=CARTESIAN_POINT('',(76.784700292,94.868951258,66.559076787));
#3123=CARTESIAN_POINT('',(76.992736182,96.068951258,66.774179191));
#3124=CARTESIAN_POINT('',(76.992736182,95.668951258,66.774179191));
#3125=CARTESIAN_POINT('',(76.992736182,95.268951258,66.774179191));
#3126=CARTESIAN_POINT('',(76.992736182,94.868951258,66.774179191));
#3127=CARTESIAN_POINT('',(77.215394278,96.068951258,66.961011517));
#3128=CARTESIAN_POINT('',(77.215394278,95.668951258,66.961011517));
#3129=CARTESIAN_POINT('',(77.215394278,95.268951258,66.961011517));
#3130=CARTESIAN_POINT('',(77.215394278,94.868951258,66.961011517));
#3131=CARTESIAN_POINT('',(77.438052373,96.068951258,67.147843842));
#3132=CARTESIAN_POINT('',(77.438052373,95.668951258,67.147843842));
#3133=CARTESIAN_POINT('',(77.438052373,95.268951258,67.147843842));
#3134=CARTESIAN_POINT('',(77.438052373,94.868951258,67.147843842));
#3135=CARTESIAN_POINT('',(77.686011941,96.068951258,67.31536706));
#3136=CARTESIAN_POINT('',(77.686011941,95.668951258,67.31536706));
#3137=CARTESIAN_POINT('',(77.686011941,95.268951258,67.31536706));
#3138=CARTESIAN_POINT('',(77.686011941,94.868951258,67.31536706));
#3139=CARTESIAN_POINT('',(77.952851894,96.068951258,67.455167368));
#3140=CARTESIAN_POINT('',(77.952851894,95.668951258,67.455167368));
#3141=CARTESIAN_POINT('',(77.952851894,95.268951258,67.455167368));
#3142=CARTESIAN_POINT('',(77.952851894,94.868951258,67.455167368));
#3143=CARTESIAN_POINT('',(78.219691846,96.068951258,67.594967676));
#3144=CARTESIAN_POINT('',(78.219691846,95.668951258,67.594967676));
#3145=CARTESIAN_POINT('',(78.219691846,95.268951258,67.594967676));
#3146=CARTESIAN_POINT('',(78.219691846,94.868951258,67.594967676));
#3147=CARTESIAN_POINT('',(78.505306987,96.068951258,67.706907232));
#3148=CARTESIAN_POINT('',(78.505306987,95.668951258,67.706907232));
#3149=CARTESIAN_POINT('',(78.505306987,95.268951258,67.706907232));
#3150=CARTESIAN_POINT('',(78.505306987,94.868951258,67.706907232));
#3151=CARTESIAN_POINT('',(78.799861224,96.068951258,67.785832802));
#3152=CARTESIAN_POINT('',(78.799861224,95.668951258,67.785832802));
#3153=CARTESIAN_POINT('',(78.799861224,95.268951258,67.785832802));
#3154=CARTESIAN_POINT('',(78.799861224,94.868951258,67.785832802));
#3155=CARTESIAN_POINT('',(79.094415462,96.068951258,67.864758372));
#3156=CARTESIAN_POINT('',(79.094415462,95.668951258,67.864758372));
#3157=CARTESIAN_POINT('',(79.094415462,95.268951258,67.864758372));
#3158=CARTESIAN_POINT('',(79.094415462,94.868951258,67.864758372));
#3159=CARTESIAN_POINT('',(79.397735207,96.068951258,67.910623443));
#3160=CARTESIAN_POINT('',(79.397735207,95.668951258,67.910623443));
#3161=CARTESIAN_POINT('',(79.397735207,95.268951258,67.910623443));
#3162=CARTESIAN_POINT('',(79.397735207,94.868951258,67.910623443));
#3163=CARTESIAN_POINT('',(79.698725539,96.068951258,67.922972801));
#3164=CARTESIAN_POINT('',(79.698725539,95.668951258,67.922972801));
#3165=CARTESIAN_POINT('',(79.698725539,95.268951258,67.922972801));
#3166=CARTESIAN_POINT('',(79.698725539,94.868951258,67.922972801));
#3167=CARTESIAN_POINT('',(79.99971587,96.068951258,67.935322159));
#3168=CARTESIAN_POINT('',(79.99971587,95.668951258,67.935322159));
#3169=CARTESIAN_POINT('',(79.99971587,95.268951258,67.935322159));
#3170=CARTESIAN_POINT('',(79.99971587,94.868951258,67.935322159));
#3171=CARTESIAN_POINT('',(80.298216765,96.068951258,67.914222581));
#3172=CARTESIAN_POINT('',(80.298216765,95.668951258,67.914222581));
#3173=CARTESIAN_POINT('',(80.298216765,95.268951258,67.914222581));
#3174=CARTESIAN_POINT('',(80.298216765,94.868951258,67.914222581));
#3175=CARTESIAN_POINT('',(80.584460494,96.068951258,67.863750089));
#3176=CARTESIAN_POINT('',(80.584460494,95.668951258,67.863750089));
#3177=CARTESIAN_POINT('',(80.584460494,95.268951258,67.863750089));
#3178=CARTESIAN_POINT('',(80.584460494,94.868951258,67.863750089));
#3179=B_SPLINE_SURFACE_WITH_KNOTS('',3,3,((#3079,#3080,#3081,#3082),(#3083,#3084,#3085,#3086),(#3087,#3088,#3089,#3090),(#3091,#3092,#3093,#3094),(#3095,#3096,#3097,#3098),(#3099,#3100,#3101,#3102),(#3103,#3104,#3105,#3106),(#3107,#3108,#3109,#3110),(#3111,#3112,#3113,#3114),(#3115,#3116,#3117,#3118),(#3119,#3120,#3121,#3122),(#3123,#3124,#3125,#3126),(#3127,#3128,#3129,#3130),(#3131,#3132,#3133,#3134),(#3135,#3136,#3137,#3138),(#3139,#3140,#3141,#3142),(#3143,#3144,#3145,#3146),(#3147,#3148,#3149,#3150),(#3151,#3152,#3153,#3154),(#3155,#3156,#3157,#3158),(#3159,#3160,#3161,#3162),(#3163,#3164,#3165,#3166),(#3167,#3168,#3169,#3170),(#3171,#3172,#3173,#3174),(#3175,#3176,#3177,#3178)),.UNSPECIFIED.,.F.,.F.,.U.,(4,3,3,3,3,3,3,3,4),(4,4),(90.,102.5,115.,127.5,140.,152.5,165.,177.5,190.),(0.328002796,0.387530551),.UNSPECIFIED.);
#3180=CARTESIAN_POINT('',(75.741338124,94.868951258,63.799887894));
#3181=CARTESIAN_POINT('',(75.741338124,94.868951258,64.102764836));
#3182=CARTESIAN_POINT('',(75.774282351,94.868951258,64.400031281));
#3183=CARTESIAN_POINT('',(75.838902603,94.868951258,64.691903208));
#3184=CARTESIAN_POINT('',(75.903522855,94.868951258,64.983775135));
#3185=CARTESIAN_POINT('',(76.001679487,94.868951258,65.273125667));
#3186=CARTESIAN_POINT('',(76.128208046,94.868951258,65.54436798));
#3187=CARTESIAN_POINT('',(76.254736605,94.868951258,65.815610293));
#3188=CARTESIAN_POINT('',(76.409476468,94.868951258,66.071218215));
#3189=CARTESIAN_POINT('',(76.593163382,94.868951258,66.310784003));
#3190=CARTESIAN_POINT('',(76.685006839,94.868951258,66.430566897));
#3191=CARTESIAN_POINT('',(76.783614555,94.868951258,66.545449598));
#3192=CARTESIAN_POINT('',(76.887185643,94.868951258,66.653628662));
#3193=CARTESIAN_POINT('',(76.99075673,94.868951258,66.761807727));
#3194=CARTESIAN_POINT('',(77.099750176,94.868951258,66.863895617));
#3195=CARTESIAN_POINT('',(77.214121095,94.868951258,66.959942753));
#3196=CARTESIAN_POINT('',(77.328492014,94.868951258,67.055989888));
#3197=CARTESIAN_POINT('',(77.448239802,94.868951258,67.145996948));
#3198=CARTESIAN_POINT('',(77.573513429,94.868951258,67.229796589));
#3199=CARTESIAN_POINT('',(77.698787056,94.868951258,67.31359623));
#3200=CARTESIAN_POINT('',(77.829391729,94.868951258,67.390908938));
#3201=CARTESIAN_POINT('',(77.962348605,94.868951258,67.460127095));
#3202=CARTESIAN_POINT('',(78.228262359,94.868951258,67.598563411));
#3203=CARTESIAN_POINT('',(78.50650001,94.868951258,67.707018979));
#3204=CARTESIAN_POINT('',(78.797214153,94.868951258,67.785122579));
#3205=CARTESIAN_POINT('',(78.942571224,94.868951258,67.824174379));
#3206=CARTESIAN_POINT('',(79.091324867,94.868951258,67.855489272));
#3207=CARTESIAN_POINT('',(79.239617408,94.868951258,67.878333374));
#3208=CARTESIAN_POINT('',(79.387909949,94.868951258,67.901177476));
#3209=CARTESIAN_POINT('',(79.536633906,94.868951258,67.915832886));
#3210=CARTESIAN_POINT('',(79.685782861,94.868951258,67.922421424));
#3211=CARTESIAN_POINT('',(79.834931815,94.868951258,67.929009962));
#3212=CARTESIAN_POINT('',(79.984505759,94.868951258,67.92753178));
#3213=CARTESIAN_POINT('',(80.13451352,94.868951258,67.917819336));
#3214=CARTESIAN_POINT('',(80.28452128,94.868951258,67.908106891));
#3215=CARTESIAN_POINT('',(80.435322714,94.868951258,67.890047103));
#3216=CARTESIAN_POINT('',(80.584460494,94.868951258,67.863750089));
#3217=B_SPLINE_CURVE_WITH_KNOTS('',3,(#3180,#3181,#3182,#3183,#3184,#3185,#3186,#3187,#3188,#3189,#3190,#3191,#3192,#3193,#3194,#3195,#3196,#3197,#3198,#3199,#3200,#3201,#3202,#3203,#3204,#3205,
#3206,#3207,#3208,#3209,#3210,#3211,#3212,#3213,#3214,#3215,#3216),.UNSPECIFIED.,.F.,.F.,(4,3,3,3,3,3,3,3,3,3,3,3,4),(0.,0.000895734,0.001791468,0.002687202,0.00313507,0.003582937,0.004030804,0.004478671,0.005374405,0.005822272,0.006270139,0.006718006,0.007165873),.UNSPECIFIED.);
#3218=EDGE_CURVE('',#985,#1033,#3217,.T.);
#3219=ORIENTED_EDGE('',*,*,#3218,.F.);
#3220=ORIENTED_EDGE('',*,*,#990,.F.);
#3221=ORIENTED_EDGE('',*,*,#1856,.T.);
#3222=ORIENTED_EDGE('',*,*,#1046,.T.);
#3223=EDGE_LOOP('',(#3219,#3220,#3221,#3222));
#3224=FACE_BOUND('',#3223,.T.);
#3225=ADVANCED_FACE('',(#3224),#3179,.T.);
#3226=CARTESIAN_POINT('',(82.984460494,96.068951258,67.440565335));
#3227=CARTESIAN_POINT('',(82.984460494,95.668951258,67.440565335));
#3228=CARTESIAN_POINT('',(82.984460494,95.268951258,67.440565335));
#3229=CARTESIAN_POINT('',(82.984460494,94.868951258,67.440565335));
#3230=CARTESIAN_POINT('',(83.419827205,96.068951258,67.363798437));
#3231=CARTESIAN_POINT('',(83.419827205,95.668951258,67.363798437));
#3232=CARTESIAN_POINT('',(83.419827205,95.268951258,67.363798437));
#3233=CARTESIAN_POINT('',(83.419827205,94.868951258,67.363798437));
#3234=CARTESIAN_POINT('',(83.869556529,96.068951258,67.210494027));
#3235=CARTESIAN_POINT('',(83.869556529,95.668951258,67.210494027));
#3236=CARTESIAN_POINT('',(83.869556529,95.268951258,67.210494027));
#3237=CARTESIAN_POINT('',(83.869556529,94.868951258,67.210494027));
#3238=CARTESIAN_POINT('',(84.291862401,96.068951258,66.97281076));
#3239=CARTESIAN_POINT('',(84.291862401,95.668951258,66.97281076));
#3240=CARTESIAN_POINT('',(84.291862401,95.268951258,66.97281076));
#3241=CARTESIAN_POINT('',(84.291862401,94.868951258,66.97281076));
#3242=CARTESIAN_POINT('',(84.503015337,96.068951258,66.853969126));
#3243=CARTESIAN_POINT('',(84.503015337,95.668951258,66.853969126));
#3244=CARTESIAN_POINT('',(84.503015337,95.268951258,66.853969126));
#3245=CARTESIAN_POINT('',(84.503015337,94.868951258,66.853969126));
#3246=CARTESIAN_POINT('',(84.70705886,96.068951258,66.714449129));
#3247=CARTESIAN_POINT('',(84.70705886,95.668951258,66.714449129));
#3248=CARTESIAN_POINT('',(84.70705886,95.268951258,66.714449129));
#3249=CARTESIAN_POINT('',(84.70705886,94.868951258,66.714449129));
#3250=CARTESIAN_POINT('',(84.898348238,96.068951258,66.556191481));
#3251=CARTESIAN_POINT('',(84.898348238,95.668951258,66.556191481));
#3252=CARTESIAN_POINT('',(84.898348238,95.268951258,66.556191481));
#3253=CARTESIAN_POINT('',(84.898348238,94.868951258,66.556191481));
#3254=CARTESIAN_POINT('',(85.089637615,96.068951258,66.397933832));
#3255=CARTESIAN_POINT('',(85.089637615,95.668951258,66.397933832));
#3256=CARTESIAN_POINT('',(85.089637615,95.268951258,66.397933832));
#3257=CARTESIAN_POINT('',(85.089637615,94.868951258,66.397933832));
#3258=CARTESIAN_POINT('',(85.268110533,96.068951258,66.220959957));
#3259=CARTESIAN_POINT('',(85.268110533,95.668951258,66.220959957));
#3260=CARTESIAN_POINT('',(85.268110533,95.268951258,66.220959957));
#3261=CARTESIAN_POINT('',(85.268110533,94.868951258,66.220959957));
#3262=CARTESIAN_POINT('',(85.429015566,96.068951258,66.029200806));
#3263=CARTESIAN_POINT('',(85.429015566,95.668951258,66.029200806));
#3264=CARTESIAN_POINT('',(85.429015566,95.268951258,66.029200806));
#3265=CARTESIAN_POINT('',(85.429015566,94.868951258,66.029200806));
#3266=CARTESIAN_POINT('',(85.589920599,96.068951258,65.837441655));
#3267=CARTESIAN_POINT('',(85.589920599,95.668951258,65.837441655));
#3268=CARTESIAN_POINT('',(85.589920599,95.268951258,65.837441655));
#3269=CARTESIAN_POINT('',(85.589920599,94.868951258,65.837441655));
#3270=CARTESIAN_POINT('',(85.733214347,96.068951258,65.630948951));
#3271=CARTESIAN_POINT('',(85.733214347,95.668951258,65.630948951));
#3272=CARTESIAN_POINT('',(85.733214347,95.268951258,65.630948951));
#3273=CARTESIAN_POINT('',(85.733214347,94.868951258,65.630948951));
#3274=CARTESIAN_POINT('',(85.855850654,96.068951258,65.415084537));
#3275=CARTESIAN_POINT('',(85.855850654,95.668951258,65.415084537));
#3276=CARTESIAN_POINT('',(85.855850654,95.268951258,65.415084537));
#3277=CARTESIAN_POINT('',(85.855850654,94.868951258,65.415084537));
#3278=CARTESIAN_POINT('',(85.978486961,96.068951258,65.199220122));
#3279=CARTESIAN_POINT('',(85.978486961,95.668951258,65.199220122));
#3280=CARTESIAN_POINT('',(85.978486961,95.268951258,65.199220122));
#3281=CARTESIAN_POINT('',(85.978486961,94.868951258,65.199220122));
#3282=CARTESIAN_POINT('',(86.08045555,96.068951258,64.974049086));
#3283=CARTESIAN_POINT('',(86.08045555,95.668951258,64.974049086));
#3284=CARTESIAN_POINT('',(86.08045555,95.268951258,64.974049086));
#3285=CARTESIAN_POINT('',(86.08045555,94.868951258,64.974049086));
#3286=CARTESIAN_POINT('',(86.160825389,96.068951258,64.745467404));
#3287=CARTESIAN_POINT('',(86.160825389,95.668951258,64.745467404));
#3288=CARTESIAN_POINT('',(86.160825389,95.268951258,64.745467404));
#3289=CARTESIAN_POINT('',(86.160825389,94.868951258,64.745467404));
#3290=CARTESIAN_POINT('',(86.321565069,96.068951258,64.288304041));
#3291=CARTESIAN_POINT('',(86.321565069,95.668951258,64.288304041));
#3292=CARTESIAN_POINT('',(86.321565069,95.268951258,64.288304041));
#3293=CARTESIAN_POINT('',(86.321565069,94.868951258,64.288304041));
#3294=CARTESIAN_POINT('',(86.394445763,96.068951258,63.818786085));
#3295=CARTESIAN_POINT('',(86.394445763,95.668951258,63.818786085));
#3296=CARTESIAN_POINT('',(86.394445763,95.268951258,63.818786085));
#3297=CARTESIAN_POINT('',(86.394445763,94.868951258,63.818786085));
#3298=CARTESIAN_POINT('',(86.394445763,96.068951258,63.37670314));
#3299=CARTESIAN_POINT('',(86.394445763,95.668951258,63.37670314));
#3300=CARTESIAN_POINT('',(86.394445763,95.268951258,63.37670314));
#3301=CARTESIAN_POINT('',(86.394445763,94.868951258,63.37670314));
#3302=B_SPLINE_SURFACE_WITH_KNOTS('',3,3,((#3226,#3227,#3228,#3229),(#3230,#3231,#3232,#3233),(#3234,#3235,#3236,#3237),(#3238,#3239,#3240,#3241),(#3242,#3243,#3244,#3245),(#3246,#3247,#3248,#3249),(#3250,#3251,#3252,#3253),(#3254,#3255,#3256,#3257),(#3258,#3259,#3260,#3261),(#3262,#3263,#3264,#3265),(#3266,#3267,#3268,#3269),(#3270,#3271,#3272,#3273),(#3274,#3275,#3276,#3277),(#3278,#3279,#3280,#3281),(#3282,#3283,#3284,#3285),(#3286,#3287,#3288,#3289),(#3290,#3291,#3292,#3293),(#3294,#3295,#3296,#3297),(#3298,#3299,#3300,#3301)),.UNSPECIFIED.,.F.,.F.,.U.,(4,3,3,3,3,3,4),(4,4),(190.,210.,220.,230.,240.,250.,270.),(0.328002796,0.387530551),.UNSPECIFIED.);
#3303=CARTESIAN_POINT('',(82.984460494,94.868951258,67.440565335));
#3304=CARTESIAN_POINT('',(83.223080129,94.868951258,67.398490255));
#3305=CARTESIAN_POINT('',(83.454472012,94.868951258,67.336189824));
#3306=CARTESIAN_POINT('',(83.678938785,94.868951258,67.254510927));
#3307=CARTESIAN_POINT('',(83.903405559,94.868951258,67.172832031));
#3308=CARTESIAN_POINT('',(84.121698718,94.868951258,67.071338644));
#3309=CARTESIAN_POINT('',(84.331135863,94.868951258,66.950422624));
#3310=CARTESIAN_POINT('',(84.540573009,94.868951258,66.829506605));
#3311=CARTESIAN_POINT('',(84.736571407,94.868951258,66.691991996));
#3312=CARTESIAN_POINT('',(84.919615024,94.868951258,66.538476556));
#3313=CARTESIAN_POINT('',(85.011136832,94.868951258,66.461718836));
#3314=CARTESIAN_POINT('',(85.099400909,94.868951258,66.380937396));
#3315=CARTESIAN_POINT('',(85.184355019,94.868951258,66.29606772));
#3316=CARTESIAN_POINT('',(85.26930913,94.868951258,66.211198045));
#3317=CARTESIAN_POINT('',(85.351319073,94.868951258,66.121788355));
#3318=CARTESIAN_POINT('',(85.428909338,94.868951258,66.029327399));
#3319=CARTESIAN_POINT('',(85.584089867,94.868951258,65.844405486));
#3320=CARTESIAN_POINT('',(85.721190357,94.868951258,65.648327816));
#3321=CARTESIAN_POINT('',(85.840754826,94.868951258,65.441430058));
#3322=CARTESIAN_POINT('',(85.900537061,94.868951258,65.337981179));
#3323=CARTESIAN_POINT('',(85.955909851,94.868951258,65.231811581));
#3324=CARTESIAN_POINT('',(86.006788888,94.868951258,65.122869244));
#3325=CARTESIAN_POINT('',(86.057667925,94.868951258,65.013926908));
#3326=CARTESIAN_POINT('',(86.104230251,94.868951258,64.90165445));
#3327=CARTESIAN_POINT('',(86.145456019,94.868951258,64.788419564));
#3328=CARTESIAN_POINT('',(86.227907556,94.868951258,64.561949793));
#3329=CARTESIAN_POINT('',(86.2897056,94.868951258,64.330959602));
#3330=CARTESIAN_POINT('',(86.331350257,94.868951258,64.095558449));
#3331=CARTESIAN_POINT('',(86.372994915,94.868951258,63.860157295));
#3332=CARTESIAN_POINT('',(86.394445763,94.868951258,63.619003868));
#3333=CARTESIAN_POINT('',(86.394445763,94.868951258,63.37670314));
#3334=B_SPLINE_CURVE_WITH_KNOTS('',3,(#3303,#3304,#3305,#3306,#3307,#3308,#3309,#3310,#3311,#3312,#3313,#3314,#3315,#3316,#3317,#3318,#3319,#3320,#3321,#3322,#3323,#3324,#3325,#3326,#3327,#3328,
#3329,#3330,#3331,#3332,#3333),.UNSPECIFIED.,.F.,.F.,(4,3,3,3,3,3,3,3,3,3,4),(0.,0.000716585,0.00143317,0.002149755,0.002508047,0.00286634,0.003582924,0.003941217,0.004299509,0.005016094,0.005732679),.UNSPECIFIED.);
#3335=EDGE_CURVE('',#1025,#1073,#3334,.T.);
#3336=ORIENTED_EDGE('',*,*,#3335,.F.);
#3337=ORIENTED_EDGE('',*,*,#1030,.F.);
#3338=ORIENTED_EDGE('',*,*,#1815,.T.);
#3339=ORIENTED_EDGE('',*,*,#1086,.T.);
#3340=EDGE_LOOP('',(#3336,#3337,#3338,#3339));
#3341=FACE_BOUND('',#3340,.T.);
#3342=ADVANCED_FACE('',(#3341),#3302,.T.);
#3343=CARTESIAN_POINT('',(86.394445763,96.068951258,53.423072648));
#3344=CARTESIAN_POINT('',(86.394445763,95.668951258,53.423072648));
#3345=CARTESIAN_POINT('',(86.394445763,95.268951258,53.423072648));
#3346=CARTESIAN_POINT('',(86.394445763,94.868951258,53.423072648));
#3347=CARTESIAN_POINT('',(86.394445763,96.068951258,52.980989703));
#3348=CARTESIAN_POINT('',(86.394445763,95.668951258,52.980989703));
#3349=CARTESIAN_POINT('',(86.394445763,95.268951258,52.980989703));
#3350=CARTESIAN_POINT('',(86.394445763,94.868951258,52.980989703));
#3351=CARTESIAN_POINT('',(86.321565069,96.068951258,52.511471747));
#3352=CARTESIAN_POINT('',(86.321565069,95.668951258,52.511471747));
#3353=CARTESIAN_POINT('',(86.321565069,95.268951258,52.511471747));
#3354=CARTESIAN_POINT('',(86.321565069,94.868951258,52.511471747));
#3355=CARTESIAN_POINT('',(86.160825389,96.068951258,52.054308384));
#3356=CARTESIAN_POINT('',(86.160825389,95.668951258,52.054308384));
#3357=CARTESIAN_POINT('',(86.160825389,95.268951258,52.054308384));
#3358=CARTESIAN_POINT('',(86.160825389,94.868951258,52.054308384));
#3359=CARTESIAN_POINT('',(86.08045555,96.068951258,51.825726702));
#3360=CARTESIAN_POINT('',(86.08045555,95.668951258,51.825726702));
#3361=CARTESIAN_POINT('',(86.08045555,95.268951258,51.825726702));
#3362=CARTESIAN_POINT('',(86.08045555,94.868951258,51.825726702));
#3363=CARTESIAN_POINT('',(85.978486961,96.068951258,51.600555666));
#3364=CARTESIAN_POINT('',(85.978486961,95.668951258,51.600555666));
#3365=CARTESIAN_POINT('',(85.978486961,95.268951258,51.600555666));
#3366=CARTESIAN_POINT('',(85.978486961,94.868951258,51.600555666));
#3367=CARTESIAN_POINT('',(85.855850654,96.068951258,51.384691251));
#3368=CARTESIAN_POINT('',(85.855850654,95.668951258,51.384691251));
#3369=CARTESIAN_POINT('',(85.855850654,95.268951258,51.384691251));
#3370=CARTESIAN_POINT('',(85.855850654,94.868951258,51.384691251));
#3371=CARTESIAN_POINT('',(85.733214347,96.068951258,51.168826837));
#3372=CARTESIAN_POINT('',(85.733214347,95.668951258,51.168826837));
#3373=CARTESIAN_POINT('',(85.733214347,95.268951258,51.168826837));
#3374=CARTESIAN_POINT('',(85.733214347,94.868951258,51.168826837));
#3375=CARTESIAN_POINT('',(85.589920599,96.068951258,50.962334133));
#3376=CARTESIAN_POINT('',(85.589920599,95.668951258,50.962334133));
#3377=CARTESIAN_POINT('',(85.589920599,95.268951258,50.962334133));
#3378=CARTESIAN_POINT('',(85.589920599,94.868951258,50.962334133));
#3379=CARTESIAN_POINT('',(85.429015566,96.068951258,50.770574982));
#3380=CARTESIAN_POINT('',(85.429015566,95.668951258,50.770574982));
#3381=CARTESIAN_POINT('',(85.429015566,95.268951258,50.770574982));
#3382=CARTESIAN_POINT('',(85.429015566,94.868951258,50.770574982));
#3383=CARTESIAN_POINT('',(85.268110533,96.068951258,50.578815831));
#3384=CARTESIAN_POINT('',(85.268110533,95.668951258,50.578815831));
#3385=CARTESIAN_POINT('',(85.268110533,95.268951258,50.578815831));
#3386=CARTESIAN_POINT('',(85.268110533,94.868951258,50.578815831));
#3387=CARTESIAN_POINT('',(85.089637615,96.068951258,50.401841955));
#3388=CARTESIAN_POINT('',(85.089637615,95.668951258,50.401841955));
#3389=CARTESIAN_POINT('',(85.089637615,95.268951258,50.401841955));
#3390=CARTESIAN_POINT('',(85.089637615,94.868951258,50.401841955));
#3391=CARTESIAN_POINT('',(84.898348238,96.068951258,50.243584307));
#3392=CARTESIAN_POINT('',(84.898348238,95.668951258,50.243584307));
#3393=CARTESIAN_POINT('',(84.898348238,95.268951258,50.243584307));
#3394=CARTESIAN_POINT('',(84.898348238,94.868951258,50.243584307));
#3395=CARTESIAN_POINT('',(84.70705886,96.068951258,50.085326659));
#3396=CARTESIAN_POINT('',(84.70705886,95.668951258,50.085326659));
#3397=CARTESIAN_POINT('',(84.70705886,95.268951258,50.085326659));
#3398=CARTESIAN_POINT('',(84.70705886,94.868951258,50.085326659));
#3399=CARTESIAN_POINT('',(84.503015337,96.068951258,49.945806662));
#3400=CARTESIAN_POINT('',(84.503015337,95.668951258,49.945806662));
#3401=CARTESIAN_POINT('',(84.503015337,95.268951258,49.945806662));
#3402=CARTESIAN_POINT('',(84.503015337,94.868951258,49.945806662));
#3403=CARTESIAN_POINT('',(84.291862401,96.068951258,49.826965028));
#3404=CARTESIAN_POINT('',(84.291862401,95.668951258,49.826965028));
#3405=CARTESIAN_POINT('',(84.291862401,95.268951258,49.826965028));
#3406=CARTESIAN_POINT('',(84.291862401,94.868951258,49.826965028));
#3407=CARTESIAN_POINT('',(83.869556529,96.068951258,49.589281761));
#3408=CARTESIAN_POINT('',(83.869556529,95.668951258,49.589281761));
#3409=CARTESIAN_POINT('',(83.869556529,95.268951258,49.589281761));
#3410=CARTESIAN_POINT('',(83.869556529,94.868951258,49.589281761));
#3411=CARTESIAN_POINT('',(83.419827205,96.068951258,49.435977351));
#3412=CARTESIAN_POINT('',(83.419827205,95.668951258,49.435977351));
#3413=CARTESIAN_POINT('',(83.419827205,95.268951258,49.435977351));
#3414=CARTESIAN_POINT('',(83.419827205,94.868951258,49.435977351));
#3415=CARTESIAN_POINT('',(82.984460494,96.068951258,49.359210453));
#3416=CARTESIAN_POINT('',(82.984460494,95.668951258,49.359210453));
#3417=CARTESIAN_POINT('',(82.984460494,95.268951258,49.359210453));
#3418=CARTESIAN_POINT('',(82.984460494,94.868951258,49.359210453));
#3419=B_SPLINE_SURFACE_WITH_KNOTS('',3,3,((#3343,#3344,#3345,#3346),(#3347,#3348,#3349,#3350),(#3351,#3352,#3353,#3354),(#3355,#3356,#3357,#3358),(#3359,#3360,#3361,#3362),(#3363,#3364,#3365,#3366),(#3367,#3368,#3369,#3370),(#3371,#3372,#3373,#3374),(#3375,#3376,#3377,#3378),(#3379,#3380,#3381,#3382),(#3383,#3384,#3385,#3386),(#3387,#3388,#3389,#3390),(#3391,#3392,#3393,#3394),(#3395,#3396,#3397,#3398),(#3399,#3400,#3401,#3402),(#3403,#3404,#3405,#3406),(#3407,#3408,#3409,#3410),(#3411,#3412,#3413,#3414),(#3415,#3416,#3417,#3418)),.UNSPECIFIED.,.F.,.F.,.U.,(4,3,3,3,3,3,4),(4,4),(270.,290.,300.,310.,320.,330.,350.),(0.328002796,0.387530551),.UNSPECIFIED.);
#3420=CARTESIAN_POINT('',(86.394445763,94.868951258,53.423072648));
#3421=CARTESIAN_POINT('',(86.394445763,94.868951258,53.18077192));
#3422=CARTESIAN_POINT('',(86.373272594,94.868951258,52.942077044));
#3423=CARTESIAN_POINT('',(86.33181283,94.868951258,52.706837034));
#3424=CARTESIAN_POINT('',(86.290353066,94.868951258,52.471597023));
#3425=CARTESIAN_POINT('',(86.2283078,94.868951258,52.238996086));
#3426=CARTESIAN_POINT('',(86.145597145,94.868951258,52.011743915));
#3427=CARTESIAN_POINT('',(86.06288649,94.868951258,51.784491744));
#3428=CARTESIAN_POINT('',(85.961495802,94.868951258,51.56759184));
#3429=CARTESIAN_POINT('',(85.842097797,94.868951258,51.360671391));
#3430=CARTESIAN_POINT('',(85.782398794,94.868951258,51.257211167));
#3431=CARTESIAN_POINT('',(85.718171502,94.868951258,51.15626047));
#3432=CARTESIAN_POINT('',(85.649343314,94.868951258,51.057859538));
#3433=CARTESIAN_POINT('',(85.580515126,94.868951258,50.959458607));
#3434=CARTESIAN_POINT('',(85.506704648,94.868951258,50.863168749));
#3435=CARTESIAN_POINT('',(85.429121789,94.868951258,50.770701579));
#3436=CARTESIAN_POINT('',(85.273956072,94.868951258,50.585767238));
#3437=CARTESIAN_POINT('',(85.104664512,94.868951258,50.416701082));
#3438=CARTESIAN_POINT('',(84.921672148,94.868951258,50.263025647));
#3439=CARTESIAN_POINT('',(84.830175966,94.868951258,50.186187929));
#3440=CARTESIAN_POINT('',(84.735234707,94.868951258,50.113220219));
#3441=CARTESIAN_POINT('',(84.636782501,94.868951258,50.044196511));
#3442=CARTESIAN_POINT('',(84.538330296,94.868951258,49.975172803));
#3443=CARTESIAN_POINT('',(84.435848972,94.868951258,49.909821955));
#3444=CARTESIAN_POINT('',(84.331493158,94.868951258,49.849559467));
#3445=CARTESIAN_POINT('',(84.122781531,94.868951258,49.729034492));
#3446=CARTESIAN_POINT('',(83.906031718,94.868951258,49.628064273));
#3447=CARTESIAN_POINT('',(83.681438356,94.868951258,49.54617531));
#3448=CARTESIAN_POINT('',(83.456844993,94.868951258,49.464286348));
#3449=CARTESIAN_POINT('',(83.223080129,94.868951258,49.401285533));
#3450=CARTESIAN_POINT('',(82.984460494,94.868951258,49.359210453));
#3451=B_SPLINE_CURVE_WITH_KNOTS('',3,(#3420,#3421,#3422,#3423,#3424,#3425,#3426,#3427,#3428,#3429,#3430,#3431,#3432,#3433,#3434,#3435,#3436,#3437,#3438,#3439,#3440,#3441,#3442,#3443,#3444,#3445,
#3446,#3447,#3448,#3449,#3450),.UNSPECIFIED.,.F.,.F.,(4,3,3,3,3,3,3,3,3,3,4),(0.,0.000716585,0.00143317,0.002149755,0.002508047,0.00286634,0.003582924,0.003941217,0.004299509,0.005016094,0.005732679),.UNSPECIFIED.);
#3452=EDGE_CURVE('',#1065,#953,#3451,.T.);
#3453=ORIENTED_EDGE('',*,*,#3452,.F.);
#3454=ORIENTED_EDGE('',*,*,#1070,.F.);
#3455=ORIENTED_EDGE('',*,*,#1780,.T.);
#3456=ORIENTED_EDGE('',*,*,#966,.T.);
#3457=EDGE_LOOP('',(#3453,#3454,#3455,#3456));
#3458=FACE_BOUND('',#3457,.T.);
#3459=ADVANCED_FACE('',(#3458),#3419,.T.);
#3460=CARTESIAN_POINT('',(73.567891943,94.868951258,42.399887894));
#3461=DIRECTION('',(0.,0.,-1.));
#3462=DIRECTION('',(-1.,0.,0.));
#3463=AXIS2_PLACEMENT_3D('',#3460,#3461,#3462);
#3464=PLANE('',#3463);
#3465=ORIENTED_EDGE('',*,*,#188,.T.);
#3466=CARTESIAN_POINT('',(88.567891943,94.868951258,42.399887894));
#3467=VERTEX_POINT('',#3466);
#3468=CARTESIAN_POINT('',(88.567891943,94.868951258,42.399887894));
#3469=DIRECTION('',(0.,-1.,0.));
#3470=VECTOR('',#3469,4.5);
#3471=LINE('',#3468,#3470);
#3472=EDGE_CURVE('',#3467,#175,#3471,.T.);
#3473=ORIENTED_EDGE('',*,*,#3472,.F.);
#3474=CARTESIAN_POINT('',(73.567891943,94.868951258,42.399887894));
#3475=VERTEX_POINT('',#3474);
#3476=CARTESIAN_POINT('',(73.567891943,94.868951258,42.399887894));
#3477=DIRECTION('',(1.,0.,0.));
#3478=VECTOR('',#3477,15.);
#3479=LINE('',#3476,#3478);
#3480=EDGE_CURVE('',#3475,#3467,#3479,.T.);
#3481=ORIENTED_EDGE('',*,*,#3480,.F.);
#3482=CARTESIAN_POINT('',(73.567891943,94.868951258,42.399887894));
#3483=DIRECTION('',(0.,-1.,0.));
#3484=VECTOR('',#3483,4.5);
#3485=LINE('',#3482,#3484);
#3486=EDGE_CURVE('',#3475,#183,#3485,.T.);
#3487=ORIENTED_EDGE('',*,*,#3486,.T.);
#3488=EDGE_LOOP('',(#3465,#3473,#3481,#3487));
#3489=FACE_BOUND('',#3488,.T.);
#3490=ADVANCED_FACE('',(#3489),#3464,.F.);
#3491=CARTESIAN_POINT('',(88.567891943,94.868951258,42.399887894));
#3492=DIRECTION('',(1.,0.,0.));
#3493=DIRECTION('',(0.,0.,-1.));
#3494=AXIS2_PLACEMENT_3D('',#3491,#3492,#3493);
#3495=PLANE('',#3494);
#3496=ORIENTED_EDGE('',*,*,#180,.T.);
#3497=CARTESIAN_POINT('',(88.567891943,94.868951258,74.399887894));
#3498=VERTEX_POINT('',#3497);
#3499=CARTESIAN_POINT('',(88.567891943,94.868951258,74.399887894));
#3500=DIRECTION('',(0.,-1.,0.));
#3501=VECTOR('',#3500,4.5);
#3502=LINE('',#3499,#3501);
#3503=EDGE_CURVE('',#3498,#165,#3502,.T.);
#3504=ORIENTED_EDGE('',*,*,#3503,.F.);
#3505=CARTESIAN_POINT('',(88.567891943,94.868951258,42.399887894));
#3506=DIRECTION('',(-0.,-0.,1.));
#3507=VECTOR('',#3506,32.);
#3508=LINE('',#3505,#3507);
#3509=EDGE_CURVE('',#3467,#3498,#3508,.T.);
#3510=ORIENTED_EDGE('',*,*,#3509,.F.);
#3511=ORIENTED_EDGE('',*,*,#3472,.T.);
#3512=EDGE_LOOP('',(#3496,#3504,#3510,#3511));
#3513=FACE_BOUND('',#3512,.T.);
#3514=ADVANCED_FACE('',(#3513),#3495,.F.);
#3515=CARTESIAN_POINT('',(88.567891943,94.868951258,74.399887894));
#3516=DIRECTION('',(0.,0.,1.));
#3517=DIRECTION('',(1.,0.,0.));
#3518=AXIS2_PLACEMENT_3D('',#3515,#3516,#3517);
#3519=PLANE('',#3518);
#3520=ORIENTED_EDGE('',*,*,#172,.T.);
#3521=CARTESIAN_POINT('',(73.567891943,94.868951258,74.399887894));
#3522=VERTEX_POINT('',#3521);
#3523=CARTESIAN_POINT('',(73.567891943,94.868951258,74.399887894));
#3524=DIRECTION('',(0.,-1.,0.));
#3525=VECTOR('',#3524,4.5);
#3526=LINE('',#3523,#3525);
#3527=EDGE_CURVE('',#3522,#167,#3526,.T.);
#3528=ORIENTED_EDGE('',*,*,#3527,.F.);
#3529=CARTESIAN_POINT('',(88.567891943,94.868951258,74.399887894));
#3530=DIRECTION('',(-1.,-0.,0.));
#3531=VECTOR('',#3530,15.);
#3532=LINE('',#3529,#3531);
#3533=EDGE_CURVE('',#3498,#3522,#3532,.T.);
#3534=ORIENTED_EDGE('',*,*,#3533,.F.);
#3535=ORIENTED_EDGE('',*,*,#3503,.T.);
#3536=EDGE_LOOP('',(#3520,#3528,#3534,#3535));
#3537=FACE_BOUND('',#3536,.T.);
#3538=ADVANCED_FACE('',(#3537),#3519,.F.);
#3539=CARTESIAN_POINT('',(73.567891943,94.868951258,74.399887894));
#3540=DIRECTION('',(-1.,0.,0.));
#3541=DIRECTION('',(0.,0.,1.));
#3542=AXIS2_PLACEMENT_3D('',#3539,#3540,#3541);
#3543=PLANE('',#3542);
#3544=ORIENTED_EDGE('',*,*,#194,.T.);
#3545=ORIENTED_EDGE('',*,*,#3486,.F.);
#3546=CARTESIAN_POINT('',(73.567891943,94.868951258,74.399887894));
#3547=DIRECTION('',(0.,0.,-1.));
#3548=VECTOR('',#3547,32.);
#3549=LINE('',#3546,#3548);
#3550=EDGE_CURVE('',#3522,#3475,#3549,.T.);
#3551=ORIENTED_EDGE('',*,*,#3550,.F.);
#3552=ORIENTED_EDGE('',*,*,#3527,.T.);
#3553=EDGE_LOOP('',(#3544,#3545,#3551,#3552));
#3554=FACE_BOUND('',#3553,.T.);
#3555=ADVANCED_FACE('',(#3554),#3543,.F.);
#3556=CARTESIAN_POINT('',(-1.203113023,94.868951258,53.800388914));
#3557=DIRECTION('',(0.,-1.,0.));
#3558=DIRECTION('',(1.,0.,0.));
#3559=AXIS2_PLACEMENT_3D('',#3556,#3557,#3558);
#3560=PLANE('',#3559);
#3561=ORIENTED_EDGE('',*,*,#3218,.T.);
#3562=ORIENTED_EDGE('',*,*,#1038,.T.);
#3563=ORIENTED_EDGE('',*,*,#3335,.T.);
#3564=ORIENTED_EDGE('',*,*,#1078,.T.);
#3565=ORIENTED_EDGE('',*,*,#3452,.T.);
#3566=ORIENTED_EDGE('',*,*,#958,.T.);
#3567=ORIENTED_EDGE('',*,*,#3071,.T.);
#3568=ORIENTED_EDGE('',*,*,#998,.T.);
#3569=EDGE_LOOP('',(#3561,#3562,#3563,#3564,#3565,#3566,#3567,#3568));
#3570=FACE_BOUND('',#3569,.T.);
#3571=ORIENTED_EDGE('',*,*,#874,.F.);
#3572=ORIENTED_EDGE('',*,*,#881,.F.);
#3573=EDGE_LOOP('',(#3571,#3572));
#3574=FACE_BOUND('',#3573,.T.);
#3575=ORIENTED_EDGE('',*,*,#925,.F.);
#3576=ORIENTED_EDGE('',*,*,#932,.F.);
#3577=EDGE_LOOP('',(#3575,#3576));
#3578=FACE_BOUND('',#3577,.T.);
#3579=ORIENTED_EDGE('',*,*,#3480,.T.);
#3580=ORIENTED_EDGE('',*,*,#3509,.T.);
#3581=ORIENTED_EDGE('',*,*,#3533,.T.);
#3582=ORIENTED_EDGE('',*,*,#3550,.T.);
#3583=EDGE_LOOP('',(#3579,#3580,#3581,#3582));
#3584=FACE_BOUND('',#3583,.T.);
#3585=ADVANCED_FACE('',(#3570,#3574,#3578,#3584),#3560,.T.);
#3586=CARTESIAN_POINT('',(-89.868116622,95.517004067,11.190531749));
#3587=DIRECTION('',(0.,-1.,0.));
#3588=DIRECTION('',(1.,0.,0.));
#3589=AXIS2_PLACEMENT_3D('',#3586,#3587,#3588);
#3590=CYLINDRICAL_SURFACE('',#3589,2.);
#3591=ORIENTED_EDGE('',*,*,#1421,.F.);
#3592=ORIENTED_EDGE('',*,*,#799,.F.);
#3593=ORIENTED_EDGE('',*,*,#704,.F.);
#3594=ORIENTED_EDGE('',*,*,#2170,.F.);
#3595=EDGE_LOOP('',(#3591,#3592,#3593,#3594));
#3596=FACE_BOUND('',#3595,.T.);
#3597=ADVANCED_FACE('',(#3596),#3590,.T.);
#3598=CARTESIAN_POINT('',(91.981883378,96.068951258,11.190531749));
#3599=DIRECTION('',(0.,-1.,0.));
#3600=DIRECTION('',(1.,0.,0.));
#3601=AXIS2_PLACEMENT_3D('',#3598,#3599,#3600);
#3602=CYLINDRICAL_SURFACE('',#3601,2.);
#3603=ORIENTED_EDGE('',*,*,#1411,.F.);
#3604=ORIENTED_EDGE('',*,*,#830,.F.);
#3605=ORIENTED_EDGE('',*,*,#721,.F.);
#3606=ORIENTED_EDGE('',*,*,#792,.F.);
#3607=EDGE_LOOP('',(#3603,#3604,#3605,#3606));
#3608=FACE_BOUND('',#3607,.T.);
#3609=ADVANCED_FACE('',(#3608),#3602,.T.);
#3610=CARTESIAN_POINT('',(101.781883378,96.068951258,21.540531749));
#3611=DIRECTION('',(0.,0.,-1.));
#3612=DIRECTION('',(-1.,0.,0.));
#3613=AXIS2_PLACEMENT_3D('',#3610,#3611,#3612);
#3614=PLANE('',#3613);
#3615=ORIENTED_EDGE('',*,*,#823,.F.);
#3616=ORIENTED_EDGE('',*,*,#1403,.F.);
#3617=CARTESIAN_POINT('',(101.781883378,76.068951258,21.540531749));
#3618=VERTEX_POINT('',#3617);
#3619=CARTESIAN_POINT('',(101.781883378,96.068951258,21.540531749));
#3620=DIRECTION('',(0.,-1.,0.));
#3621=VECTOR('',#3620,20.);
#3622=LINE('',#3619,#3621);
#3623=EDGE_CURVE('',#1392,#3618,#3622,.T.);
#3624=ORIENTED_EDGE('',*,*,#3623,.T.);
#3625=CARTESIAN_POINT('',(94.454130736,76.068951258,21.540531749));
#3626=VERTEX_POINT('',#3625);
#3627=CARTESIAN_POINT('',(94.454130736,76.068951258,21.540531749));
#3628=DIRECTION('',(1.,0.,-0.));
#3629=VECTOR('',#3628,7.327752641);
#3630=LINE('',#3627,#3629);
#3631=EDGE_CURVE('',#3626,#3618,#3630,.T.);
#3632=ORIENTED_EDGE('',*,*,#3631,.F.);
#3633=CARTESIAN_POINT('',(94.454130736,90.368951258,21.540531749));
#3634=DIRECTION('',(0.,-1.,0.));
#3635=VECTOR('',#3634,14.3);
#3636=LINE('',#3633,#3635);
#3637=EDGE_CURVE('',#732,#3626,#3636,.T.);
#3638=ORIENTED_EDGE('',*,*,#3637,.F.);
#3639=ORIENTED_EDGE('',*,*,#737,.T.);
#3640=EDGE_LOOP('',(#3615,#3616,#3624,#3632,#3638,#3639));
#3641=FACE_BOUND('',#3640,.T.);
#3642=CARTESIAN_POINT('',(99.771032681,81.892476944,21.540531749));
#3643=VERTEX_POINT('',#3642);
#3644=CARTESIAN_POINT('',(97.004130736,80.568951258,21.540531749));
#3645=VERTEX_POINT('',#3644);
#3646=CARTESIAN_POINT('',(98.704130736,80.568951258,21.540531749));
#3647=DIRECTION('',(0.,-0.,1.));
#3648=DIRECTION('',(0.627589379,0.778544521,0.));
#3649=AXIS2_PLACEMENT_3D('',#3646,#3647,#3648);
#3650=CIRCLE('',#3649,1.7);
#3651=EDGE_CURVE('',#3643,#3645,#3650,.T.);
#3652=ORIENTED_EDGE('',*,*,#3651,.T.);
#3653=CARTESIAN_POINT('',(98.704130736,80.568951258,21.540531749));
#3654=DIRECTION('',(0.,-0.,1.));
#3655=DIRECTION('',(0.627589379,0.778544521,0.));
#3656=AXIS2_PLACEMENT_3D('',#3653,#3654,#3655);
#3657=CIRCLE('',#3656,1.7);
#3658=EDGE_CURVE('',#3645,#3643,#3657,.T.);
#3659=ORIENTED_EDGE('',*,*,#3658,.T.);
#3660=EDGE_LOOP('',(#3652,#3659));
#3661=FACE_BOUND('',#3660,.T.);
#3662=ADVANCED_FACE('',(#3641,#3661),#3614,.T.);
#3663=CARTESIAN_POINT('',(101.781883378,93.218951258,56.615531749));
#3664=DIRECTION('',(1.,0.,0.));
#3665=DIRECTION('',(-0.,1.,0.));
#3666=AXIS2_PLACEMENT_3D('',#3663,#3664,#3665);
#3667=PLANE('',#3666);
#3668=ORIENTED_EDGE('',*,*,#1397,.T.);
#3669=CARTESIAN_POINT('',(101.781883378,96.068951258,98.740531749));
#3670=DIRECTION('',(0.,-1.,0.));
#3671=VECTOR('',#3670,5.7);
#3672=LINE('',#3669,#3671);
#3673=EDGE_CURVE('',#1383,#756,#3672,.T.);
#3674=ORIENTED_EDGE('',*,*,#3673,.T.);
#3675=ORIENTED_EDGE('',*,*,#761,.T.);
#3676=CARTESIAN_POINT('',(101.781883378,85.268951258,28.540531749));
#3677=VERTEX_POINT('',#3676);
#3678=CARTESIAN_POINT('',(101.781883378,90.368951258,45.540531749));
#3679=DIRECTION('',(0.,-0.287347886,-0.957826285));
#3680=VECTOR('',#3679,17.748521065);
#3681=LINE('',#3678,#3680);
#3682=EDGE_CURVE('',#748,#3677,#3681,.T.);
#3683=ORIENTED_EDGE('',*,*,#3682,.T.);
#3684=CARTESIAN_POINT('',(101.781883378,76.068951258,28.540531749));
#3685=VERTEX_POINT('',#3684);
#3686=CARTESIAN_POINT('',(101.781883378,76.068951258,28.540531749));
#3687=DIRECTION('',(-0.,1.,0.));
#3688=VECTOR('',#3687,9.2);
#3689=LINE('',#3686,#3688);
#3690=EDGE_CURVE('',#3685,#3677,#3689,.T.);
#3691=ORIENTED_EDGE('',*,*,#3690,.F.);
#3692=CARTESIAN_POINT('',(101.781883378,76.068951258,28.540531749));
#3693=DIRECTION('',(0.,0.,-1.));
#3694=VECTOR('',#3693,7.);
#3695=LINE('',#3692,#3694);
#3696=EDGE_CURVE('',#3685,#3618,#3695,.T.);
#3697=ORIENTED_EDGE('',*,*,#3696,.T.);
#3698=ORIENTED_EDGE('',*,*,#3623,.F.);
#3699=EDGE_LOOP('',(#3668,#3674,#3675,#3683,#3691,#3697,#3698));
#3700=FACE_BOUND('',#3699,.T.);
#3701=ADVANCED_FACE('',(#3700),#3667,.T.);
#3702=CARTESIAN_POINT('',(-99.668116622,90.368951258,21.540531749));
#3703=DIRECTION('',(0.,0.,-1.));
#3704=DIRECTION('',(-1.,0.,0.));
#3705=AXIS2_PLACEMENT_3D('',#3702,#3703,#3704);
#3706=PLANE('',#3705);
#3707=ORIENTED_EDGE('',*,*,#2163,.F.);
#3708=ORIENTED_EDGE('',*,*,#687,.F.);
#3709=CARTESIAN_POINT('',(-92.340363981,76.068951258,21.540531749));
#3710=VERTEX_POINT('',#3709);
#3711=CARTESIAN_POINT('',(-92.340363981,90.368951258,21.540531749));
#3712=DIRECTION('',(0.,-1.,0.));
#3713=VECTOR('',#3712,14.3);
#3714=LINE('',#3711,#3713);
#3715=EDGE_CURVE('',#674,#3710,#3714,.T.);
#3716=ORIENTED_EDGE('',*,*,#3715,.T.);
#3717=CARTESIAN_POINT('',(-99.668116622,76.068951258,21.540531749));
#3718=VERTEX_POINT('',#3717);
#3719=CARTESIAN_POINT('',(-92.340363981,76.068951258,21.540531749));
#3720=DIRECTION('',(-1.,0.,0.));
#3721=VECTOR('',#3720,7.327752641);
#3722=LINE('',#3719,#3721);
#3723=EDGE_CURVE('',#3710,#3718,#3722,.T.);
#3724=ORIENTED_EDGE('',*,*,#3723,.T.);
#3725=CARTESIAN_POINT('',(-99.668116622,76.068951258,21.540531749));
#3726=DIRECTION('',(-0.,1.,0.));
#3727=VECTOR('',#3726,20.);
#3728=LINE('',#3725,#3727);
#3729=EDGE_CURVE('',#3718,#1432,#3728,.T.);
#3730=ORIENTED_EDGE('',*,*,#3729,.T.);
#3731=ORIENTED_EDGE('',*,*,#1437,.T.);
#3732=EDGE_LOOP('',(#3707,#3708,#3716,#3724,#3730,#3731));
#3733=FACE_BOUND('',#3732,.T.);
#3734=CARTESIAN_POINT('',(-95.342166574,81.723075702,21.540531749));
#3735=VERTEX_POINT('',#3734);
#3736=CARTESIAN_POINT('',(-98.290363981,80.568951258,21.540531749));
#3737=VERTEX_POINT('',#3736);
#3738=CARTESIAN_POINT('',(-96.590363981,80.568951258,21.540531749));
#3739=DIRECTION('',(0.,-0.,1.));
#3740=DIRECTION('',(0.734233769,0.678896732,0.));
#3741=AXIS2_PLACEMENT_3D('',#3738,#3739,#3740);
#3742=CIRCLE('',#3741,1.7);
#3743=EDGE_CURVE('',#3735,#3737,#3742,.T.);
#3744=ORIENTED_EDGE('',*,*,#3743,.T.);
#3745=CARTESIAN_POINT('',(-96.590363981,80.568951258,21.540531749));
#3746=DIRECTION('',(0.,-0.,1.));
#3747=DIRECTION('',(0.734233769,0.678896732,0.));
#3748=AXIS2_PLACEMENT_3D('',#3745,#3746,#3747);
#3749=CIRCLE('',#3748,1.7);
#3750=EDGE_CURVE('',#3737,#3735,#3749,.T.);
#3751=ORIENTED_EDGE('',*,*,#3750,.T.);
#3752=EDGE_LOOP('',(#3744,#3751));
#3753=FACE_BOUND('',#3752,.T.);
#3754=ADVANCED_FACE('',(#3733,#3753),#3706,.T.);
#3755=CARTESIAN_POINT('',(-99.668116622,93.218951258,56.615531749));
#3756=DIRECTION('',(-1.,-0.,0.));
#3757=DIRECTION('',(0.,-1.,0.));
#3758=AXIS2_PLACEMENT_3D('',#3755,#3756,#3757);
#3759=PLANE('',#3758);
#3760=ORIENTED_EDGE('',*,*,#663,.F.);
#3761=CARTESIAN_POINT('',(-99.668116622,90.368951258,98.740531749));
#3762=DIRECTION('',(-0.,1.,-0.));
#3763=VECTOR('',#3762,5.7);
#3764=LINE('',#3761,#3763);
#3765=EDGE_CURVE('',#649,#1440,#3764,.T.);
#3766=ORIENTED_EDGE('',*,*,#3765,.T.);
#3767=ORIENTED_EDGE('',*,*,#1445,.F.);
#3768=ORIENTED_EDGE('',*,*,#3729,.F.);
#3769=CARTESIAN_POINT('',(-99.668116622,76.068951258,28.540531749));
#3770=VERTEX_POINT('',#3769);
#3771=CARTESIAN_POINT('',(-99.668116622,76.068951258,28.540531749));
#3772=DIRECTION('',(0.,0.,-1.));
#3773=VECTOR('',#3772,7.);
#3774=LINE('',#3771,#3773);
#3775=EDGE_CURVE('',#3770,#3718,#3774,.T.);
#3776=ORIENTED_EDGE('',*,*,#3775,.F.);
#3777=CARTESIAN_POINT('',(-99.668116622,85.268951258,28.540531749));
#3778=VERTEX_POINT('',#3777);
#3779=CARTESIAN_POINT('',(-99.668116622,76.068951258,28.540531749));
#3780=DIRECTION('',(-0.,1.,0.));
#3781=VECTOR('',#3780,9.2);
#3782=LINE('',#3779,#3781);
#3783=EDGE_CURVE('',#3770,#3778,#3782,.T.);
#3784=ORIENTED_EDGE('',*,*,#3783,.T.);
#3785=CARTESIAN_POINT('',(-99.668116622,85.268951258,28.540531749));
#3786=DIRECTION('',(-0.,0.287347886,0.957826285));
#3787=VECTOR('',#3786,17.748521065);
#3788=LINE('',#3785,#3787);
#3789=EDGE_CURVE('',#3778,#658,#3788,.T.);
#3790=ORIENTED_EDGE('',*,*,#3789,.T.);
#3791=EDGE_LOOP('',(#3760,#3766,#3767,#3768,#3776,#3784,#3790));
#3792=FACE_BOUND('',#3791,.T.);
#3793=ADVANCED_FACE('',(#3792),#3759,.T.);
#3794=CARTESIAN_POINT('',(94.454130736,90.368951258,25.540531749));
#3795=DIRECTION('',(1.,0.,0.));
#3796=DIRECTION('',(0.,0.,-1.));
#3797=AXIS2_PLACEMENT_3D('',#3794,#3795,#3796);
#3798=PLANE('',#3797);
#3799=ORIENTED_EDGE('',*,*,#3637,.T.);
#3800=CARTESIAN_POINT('',(94.454130736,76.068951258,28.540531749));
#3801=VERTEX_POINT('',#3800);
#3802=CARTESIAN_POINT('',(94.454130736,76.068951258,28.540531749));
#3803=DIRECTION('',(0.,0.,-1.));
#3804=VECTOR('',#3803,7.);
#3805=LINE('',#3802,#3804);
#3806=EDGE_CURVE('',#3801,#3626,#3805,.T.);
#3807=ORIENTED_EDGE('',*,*,#3806,.F.);
#3808=CARTESIAN_POINT('',(94.454130736,85.268951258,28.540531749));
#3809=VERTEX_POINT('',#3808);
#3810=CARTESIAN_POINT('',(94.454130736,85.268951258,28.540531749));
#3811=DIRECTION('',(0.,-1.,0.));
#3812=VECTOR('',#3811,9.2);
#3813=LINE('',#3810,#3812);
#3814=EDGE_CURVE('',#3809,#3801,#3813,.T.);
#3815=ORIENTED_EDGE('',*,*,#3814,.F.);
#3816=CARTESIAN_POINT('',(94.454130736,85.268951258,28.540531749));
#3817=DIRECTION('',(-0.,0.287347886,0.957826285));
#3818=VECTOR('',#3817,17.748521065);
#3819=LINE('',#3816,#3818);
#3820=EDGE_CURVE('',#3809,#740,#3819,.T.);
#3821=ORIENTED_EDGE('',*,*,#3820,.T.);
#3822=ORIENTED_EDGE('',*,*,#745,.T.);
#3823=EDGE_LOOP('',(#3799,#3807,#3815,#3821,#3822));
#3824=FACE_BOUND('',#3823,.T.);
#3825=ADVANCED_FACE('',(#3824),#3798,.F.);
#3826=CARTESIAN_POINT('',(94.454130736,76.068951258,25.540531749));
#3827=DIRECTION('',(0.,1.,0.));
#3828=DIRECTION('',(0.,0.,1.));
#3829=AXIS2_PLACEMENT_3D('',#3826,#3827,#3828);
#3830=PLANE('',#3829);
#3831=ORIENTED_EDGE('',*,*,#3631,.T.);
#3832=ORIENTED_EDGE('',*,*,#3696,.F.);
#3833=CARTESIAN_POINT('',(94.454130736,76.068951258,28.540531749));
#3834=DIRECTION('',(1.,0.,-0.));
#3835=VECTOR('',#3834,7.327752641);
#3836=LINE('',#3833,#3835);
#3837=EDGE_CURVE('',#3801,#3685,#3836,.T.);
#3838=ORIENTED_EDGE('',*,*,#3837,.F.);
#3839=ORIENTED_EDGE('',*,*,#3806,.T.);
#3840=EDGE_LOOP('',(#3831,#3832,#3838,#3839));
#3841=FACE_BOUND('',#3840,.T.);
#3842=ADVANCED_FACE('',(#3841),#3830,.F.);
#3843=CARTESIAN_POINT('',(98.704130736,80.568951258,25.540531749));
#3844=DIRECTION('',(0.,0.,-1.));
#3845=DIRECTION('',(-1.,0.,0.));
#3846=AXIS2_PLACEMENT_3D('',#3843,#3844,#3845);
#3847=CYLINDRICAL_SURFACE('',#3846,1.7);
#3848=CARTESIAN_POINT('',(97.004130736,80.568951258,28.540531749));
#3849=VERTEX_POINT('',#3848);
#3850=CARTESIAN_POINT('',(97.004130736,80.568951258,21.540531749));
#3851=DIRECTION('',(-0.,-0.,1.));
#3852=VECTOR('',#3851,7.);
#3853=LINE('',#3850,#3852);
#3854=EDGE_CURVE('',#3645,#3849,#3853,.T.);
#3855=ORIENTED_EDGE('',*,*,#3854,.F.);
#3856=ORIENTED_EDGE('',*,*,#3651,.F.);
#3857=ORIENTED_EDGE('',*,*,#3658,.F.);
#3858=ORIENTED_EDGE('',*,*,#3854,.T.);
#3859=CARTESIAN_POINT('',(100.404130736,80.568951258,28.540531749));
#3860=VERTEX_POINT('',#3859);
#3861=CARTESIAN_POINT('',(98.704130736,80.568951258,28.540531749));
#3862=DIRECTION('',(0.,0.,1.));
#3863=DIRECTION('',(1.,0.,-0.));
#3864=AXIS2_PLACEMENT_3D('',#3861,#3862,#3863);
#3865=CIRCLE('',#3864,1.7);
#3866=EDGE_CURVE('',#3849,#3860,#3865,.T.);
#3867=ORIENTED_EDGE('',*,*,#3866,.T.);
#3868=CARTESIAN_POINT('',(98.704130736,80.568951258,28.540531749));
#3869=DIRECTION('',(0.,0.,1.));
#3870=DIRECTION('',(1.,0.,-0.));
#3871=AXIS2_PLACEMENT_3D('',#3868,#3869,#3870);
#3872=CIRCLE('',#3871,1.7);
#3873=EDGE_CURVE('',#3860,#3849,#3872,.T.);
#3874=ORIENTED_EDGE('',*,*,#3873,.T.);
#3875=EDGE_LOOP('',(#3855,#3856,#3857,#3858,#3867,#3874));
#3876=FACE_BOUND('',#3875,.T.);
#3877=ADVANCED_FACE('',(#3876),#3847,.F.);
#3878=CARTESIAN_POINT('',(-96.590363981,80.568951258,28.540531749));
#3879=DIRECTION('',(0.,0.,1.));
#3880=DIRECTION('',(1.,0.,0.));
#3881=AXIS2_PLACEMENT_3D('',#3878,#3879,#3880);
#3882=PLANE('',#3881);
#3883=ORIENTED_EDGE('',*,*,#3866,.F.);
#3884=ORIENTED_EDGE('',*,*,#3873,.F.);
#3885=EDGE_LOOP('',(#3883,#3884));
#3886=FACE_BOUND('',#3885,.T.);
#3887=ORIENTED_EDGE('',*,*,#3690,.T.);
#3888=CARTESIAN_POINT('',(101.781883378,85.268951258,28.540531749));
#3889=DIRECTION('',(-1.,-0.,-0.));
#3890=VECTOR('',#3889,7.327752641);
#3891=LINE('',#3888,#3890);
#3892=EDGE_CURVE('',#3677,#3809,#3891,.T.);
#3893=ORIENTED_EDGE('',*,*,#3892,.T.);
#3894=ORIENTED_EDGE('',*,*,#3814,.T.);
#3895=ORIENTED_EDGE('',*,*,#3837,.T.);
#3896=EDGE_LOOP('',(#3887,#3893,#3894,#3895));
#3897=FACE_BOUND('',#3896,.T.);
#3898=ADVANCED_FACE('',(#3886,#3897),#3882,.T.);
#3899=CARTESIAN_POINT('',(-92.340363981,76.068951258,25.540531749));
#3900=DIRECTION('',(0.,-1.,0.));
#3901=DIRECTION('',(0.,0.,-1.));
#3902=AXIS2_PLACEMENT_3D('',#3899,#3900,#3901);
#3903=PLANE('',#3902);
#3904=ORIENTED_EDGE('',*,*,#3723,.F.);
#3905=CARTESIAN_POINT('',(-92.340363981,76.068951258,28.540531749));
#3906=VERTEX_POINT('',#3905);
#3907=CARTESIAN_POINT('',(-92.340363981,76.068951258,28.540531749));
#3908=DIRECTION('',(0.,0.,-1.));
#3909=VECTOR('',#3908,7.);
#3910=LINE('',#3907,#3909);
#3911=EDGE_CURVE('',#3906,#3710,#3910,.T.);
#3912=ORIENTED_EDGE('',*,*,#3911,.F.);
#3913=CARTESIAN_POINT('',(-92.340363981,76.068951258,28.540531749));
#3914=DIRECTION('',(-1.,0.,0.));
#3915=VECTOR('',#3914,7.327752641);
#3916=LINE('',#3913,#3915);
#3917=EDGE_CURVE('',#3906,#3770,#3916,.T.);
#3918=ORIENTED_EDGE('',*,*,#3917,.T.);
#3919=ORIENTED_EDGE('',*,*,#3775,.T.);
#3920=EDGE_LOOP('',(#3904,#3912,#3918,#3919));
#3921=FACE_BOUND('',#3920,.T.);
#3922=ADVANCED_FACE('',(#3921),#3903,.T.);
#3923=CARTESIAN_POINT('',(-92.340363981,90.368951258,25.540531749));
#3924=DIRECTION('',(1.,0.,0.));
#3925=DIRECTION('',(0.,0.,-1.));
#3926=AXIS2_PLACEMENT_3D('',#3923,#3924,#3925);
#3927=PLANE('',#3926);
#3928=ORIENTED_EDGE('',*,*,#3715,.F.);
#3929=ORIENTED_EDGE('',*,*,#679,.F.);
#3930=CARTESIAN_POINT('',(-92.340363981,85.268951258,28.540531749));
#3931=VERTEX_POINT('',#3930);
#3932=CARTESIAN_POINT('',(-92.340363981,90.368951258,45.540531749));
#3933=DIRECTION('',(-0.,-0.287347886,-0.957826285));
#3934=VECTOR('',#3933,17.748521065);
#3935=LINE('',#3932,#3934);
#3936=EDGE_CURVE('',#666,#3931,#3935,.T.);
#3937=ORIENTED_EDGE('',*,*,#3936,.T.);
#3938=CARTESIAN_POINT('',(-92.340363981,85.268951258,28.540531749));
#3939=DIRECTION('',(0.,-1.,0.));
#3940=VECTOR('',#3939,9.2);
#3941=LINE('',#3938,#3940);
#3942=EDGE_CURVE('',#3931,#3906,#3941,.T.);
#3943=ORIENTED_EDGE('',*,*,#3942,.T.);
#3944=ORIENTED_EDGE('',*,*,#3911,.T.);
#3945=EDGE_LOOP('',(#3928,#3929,#3937,#3943,#3944));
#3946=FACE_BOUND('',#3945,.T.);
#3947=ADVANCED_FACE('',(#3946),#3927,.T.);
#3948=CARTESIAN_POINT('',(-96.590363981,80.568951258,25.540531749));
#3949=DIRECTION('',(0.,0.,-1.));
#3950=DIRECTION('',(-1.,0.,0.));
#3951=AXIS2_PLACEMENT_3D('',#3948,#3949,#3950);
#3952=CYLINDRICAL_SURFACE('',#3951,1.7);
#3953=CARTESIAN_POINT('',(-98.290363981,80.568951258,28.540531749));
#3954=VERTEX_POINT('',#3953);
#3955=CARTESIAN_POINT('',(-98.290363981,80.568951258,21.540531749));
#3956=DIRECTION('',(-0.,-0.,1.));
#3957=VECTOR('',#3956,7.);
#3958=LINE('',#3955,#3957);
#3959=EDGE_CURVE('',#3737,#3954,#3958,.T.);
#3960=ORIENTED_EDGE('',*,*,#3959,.F.);
#3961=ORIENTED_EDGE('',*,*,#3743,.F.);
#3962=ORIENTED_EDGE('',*,*,#3750,.F.);
#3963=ORIENTED_EDGE('',*,*,#3959,.T.);
#3964=CARTESIAN_POINT('',(-94.890363981,80.568951258,28.540531749));
#3965=VERTEX_POINT('',#3964);
#3966=CARTESIAN_POINT('',(-96.590363981,80.568951258,28.540531749));
#3967=DIRECTION('',(0.,0.,1.));
#3968=DIRECTION('',(1.,0.,-0.));
#3969=AXIS2_PLACEMENT_3D('',#3966,#3967,#3968);
#3970=CIRCLE('',#3969,1.7);
#3971=EDGE_CURVE('',#3954,#3965,#3970,.T.);
#3972=ORIENTED_EDGE('',*,*,#3971,.T.);
#3973=CARTESIAN_POINT('',(-96.590363981,80.568951258,28.540531749));
#3974=DIRECTION('',(0.,0.,1.));
#3975=DIRECTION('',(1.,0.,-0.));
#3976=AXIS2_PLACEMENT_3D('',#3973,#3974,#3975);
#3977=CIRCLE('',#3976,1.7);
#3978=EDGE_CURVE('',#3965,#3954,#3977,.T.);
#3979=ORIENTED_EDGE('',*,*,#3978,.T.);
#3980=EDGE_LOOP('',(#3960,#3961,#3962,#3963,#3972,#3979));
#3981=FACE_BOUND('',#3980,.T.);
#3982=ADVANCED_FACE('',(#3981),#3952,.F.);
#3983=CARTESIAN_POINT('',(-96.590363981,80.568951258,28.540531749));
#3984=DIRECTION('',(0.,0.,1.));
#3985=DIRECTION('',(1.,0.,0.));
#3986=AXIS2_PLACEMENT_3D('',#3983,#3984,#3985);
#3987=PLANE('',#3986);
#3988=ORIENTED_EDGE('',*,*,#3971,.F.);
#3989=ORIENTED_EDGE('',*,*,#3978,.F.);
#3990=EDGE_LOOP('',(#3988,#3989));
#3991=FACE_BOUND('',#3990,.T.);
#3992=ORIENTED_EDGE('',*,*,#3942,.F.);
#3993=CARTESIAN_POINT('',(-92.340363981,85.268951258,28.540531749));
#3994=DIRECTION('',(-1.,-0.,-0.));
#3995=VECTOR('',#3994,7.327752641);
#3996=LINE('',#3993,#3995);
#3997=EDGE_CURVE('',#3931,#3778,#3996,.T.);
#3998=ORIENTED_EDGE('',*,*,#3997,.T.);
#3999=ORIENTED_EDGE('',*,*,#3783,.F.);
#4000=ORIENTED_EDGE('',*,*,#3917,.F.);
#4001=EDGE_LOOP('',(#3992,#3998,#3999,#4000));
#4002=FACE_BOUND('',#4001,.T.);
#4003=ADVANCED_FACE('',(#3991,#4002),#3987,.T.);
#4004=CARTESIAN_POINT('',(-61.834525468,90.368951258,45.540531749));
#4005=DIRECTION('',(0.,-0.957826285,0.287347886));
#4006=DIRECTION('',(-1.,-0.,0.));
#4007=AXIS2_PLACEMENT_3D('',#4004,#4005,#4006);
#4008=PLANE('',#4007);
#4009=ORIENTED_EDGE('',*,*,#3789,.F.);
#4010=ORIENTED_EDGE('',*,*,#3997,.F.);
#4011=ORIENTED_EDGE('',*,*,#3936,.F.);
#4012=ORIENTED_EDGE('',*,*,#671,.F.);
#4013=EDGE_LOOP('',(#4009,#4010,#4011,#4012));
#4014=FACE_BOUND('',#4013,.T.);
#4015=ADVANCED_FACE('',(#4014),#4008,.T.);
#4016=CARTESIAN_POINT('',(-96.590363981,84.368951258,25.540531749));
#4017=DIRECTION('',(0.,-0.957826285,0.287347886));
#4018=DIRECTION('',(1.,0.,0.));
#4019=AXIS2_PLACEMENT_3D('',#4016,#4017,#4018);
#4020=PLANE('',#4019);
#4021=ORIENTED_EDGE('',*,*,#3682,.F.);
#4022=ORIENTED_EDGE('',*,*,#753,.F.);
#4023=ORIENTED_EDGE('',*,*,#3820,.F.);
#4024=ORIENTED_EDGE('',*,*,#3892,.F.);
#4025=EDGE_LOOP('',(#4021,#4022,#4023,#4024));
#4026=FACE_BOUND('',#4025,.T.);
#4027=ADVANCED_FACE('',(#4026),#4020,.T.);
#4028=CARTESIAN_POINT('',(-90.033116622,85.553052092,27.035531749));
#4029=DIRECTION('',(0.,0.,1.));
#4030=DIRECTION('',(1.,0.,0.));
#4031=AXIS2_PLACEMENT_3D('',#4028,#4029,#4030);
#4032=PLANE('',#4031);
#4033=CARTESIAN_POINT('',(-88.162133879,94.568951258,27.035531749));
#4034=VERTEX_POINT('',#4033);
#4035=CARTESIAN_POINT('',(-88.162133879,90.368951258,27.035531749));
#4036=DIRECTION('',(0.,1.,0.));
#4037=VECTOR('',#4036,4.2);
#4038=LINE('',#4035,#4037);
#4039=EDGE_CURVE('',#97,#4034,#4038,.T.);
#4040=ORIENTED_EDGE('',*,*,#4039,.T.);
#4041=CARTESIAN_POINT('',(-79.904099366,94.568951258,27.035531749));
#4042=VERTEX_POINT('',#4041);
#4043=CARTESIAN_POINT('',(-88.162133879,94.568951258,27.035531749));
#4044=DIRECTION('',(1.,0.,0.));
#4045=VECTOR('',#4044,8.258034513);
#4046=LINE('',#4043,#4045);
#4047=EDGE_CURVE('',#4034,#4042,#4046,.T.);
#4048=ORIENTED_EDGE('',*,*,#4047,.T.);
#4049=CARTESIAN_POINT('',(-79.904099366,94.568951258,27.035531749));
#4050=DIRECTION('',(-0.,-1.,-0.));
#4051=VECTOR('',#4050,4.2);
#4052=LINE('',#4049,#4051);
#4053=EDGE_CURVE('',#4042,#95,#4052,.T.);
#4054=ORIENTED_EDGE('',*,*,#4053,.T.);
#4055=ORIENTED_EDGE('',*,*,#102,.T.);
#4056=EDGE_LOOP('',(#4040,#4048,#4054,#4055));
#4057=FACE_BOUND('',#4056,.T.);
#4058=ADVANCED_FACE('',(#4057),#4032,.F.);
#4059=CARTESIAN_POINT('',(-78.033116622,85.553052092,27.035531749));
#4060=DIRECTION('',(1.,0.,0.));
#4061=DIRECTION('',(0.,0.,-1.));
#4062=AXIS2_PLACEMENT_3D('',#4059,#4060,#4061);
#4063=PLANE('',#4062);
#4064=CARTESIAN_POINT('',(-78.033116622,94.568951258,25.164549006));
#4065=VERTEX_POINT('',#4064);
#4066=CARTESIAN_POINT('',(-78.033116622,90.368951258,25.164549006));
#4067=DIRECTION('',(0.,1.,0.));
#4068=VECTOR('',#4067,4.2);
#4069=LINE('',#4066,#4068);
#4070=EDGE_CURVE('',#105,#4065,#4069,.T.);
#4071=ORIENTED_EDGE('',*,*,#4070,.T.);
#4072=CARTESIAN_POINT('',(-78.033116622,94.568951258,16.906514492));
#4073=VERTEX_POINT('',#4072);
#4074=CARTESIAN_POINT('',(-78.033116622,94.568951258,25.164549006));
#4075=DIRECTION('',(0.,0.,-1.));
#4076=VECTOR('',#4075,8.258034513);
#4077=LINE('',#4074,#4076);
#4078=EDGE_CURVE('',#4065,#4073,#4077,.T.);
#4079=ORIENTED_EDGE('',*,*,#4078,.T.);
#4080=CARTESIAN_POINT('',(-78.033116622,94.568951258,16.906514492));
#4081=DIRECTION('',(-0.,-1.,-0.));
#4082=VECTOR('',#4081,4.2);
#4083=LINE('',#4080,#4082);
#4084=EDGE_CURVE('',#4073,#114,#4083,.T.);
#4085=ORIENTED_EDGE('',*,*,#4084,.T.);
#4086=ORIENTED_EDGE('',*,*,#119,.T.);
#4087=EDGE_LOOP('',(#4071,#4079,#4085,#4086));
#4088=FACE_BOUND('',#4087,.T.);
#4089=ADVANCED_FACE('',(#4088),#4063,.F.);
#4090=CARTESIAN_POINT('',(-78.033116622,85.553052092,15.035531749));
#4091=DIRECTION('',(0.,0.,-1.));
#4092=DIRECTION('',(-1.,0.,0.));
#4093=AXIS2_PLACEMENT_3D('',#4090,#4091,#4092);
#4094=PLANE('',#4093);
#4095=CARTESIAN_POINT('',(-79.904099366,94.568951258,15.035531749));
#4096=VERTEX_POINT('',#4095);
#4097=CARTESIAN_POINT('',(-79.904099366,90.368951258,15.035531749));
#4098=DIRECTION('',(0.,1.,0.));
#4099=VECTOR('',#4098,4.2);
#4100=LINE('',#4097,#4099);
#4101=EDGE_CURVE('',#122,#4096,#4100,.T.);
#4102=ORIENTED_EDGE('',*,*,#4101,.T.);
#4103=CARTESIAN_POINT('',(-88.162133879,94.568951258,15.035531749));
#4104=VERTEX_POINT('',#4103);
#4105=CARTESIAN_POINT('',(-79.904099366,94.568951258,15.035531749));
#4106=DIRECTION('',(-1.,-0.,0.));
#4107=VECTOR('',#4106,8.258034513);
#4108=LINE('',#4105,#4107);
#4109=EDGE_CURVE('',#4096,#4104,#4108,.T.);
#4110=ORIENTED_EDGE('',*,*,#4109,.T.);
#4111=CARTESIAN_POINT('',(-88.162133879,94.568951258,15.035531749));
#4112=DIRECTION('',(-0.,-1.,-0.));
#4113=VECTOR('',#4112,4.2);
#4114=LINE('',#4111,#4113);
#4115=EDGE_CURVE('',#4104,#131,#4114,.T.);
#4116=ORIENTED_EDGE('',*,*,#4115,.T.);
#4117=ORIENTED_EDGE('',*,*,#136,.T.);
#4118=EDGE_LOOP('',(#4102,#4110,#4116,#4117));
#4119=FACE_BOUND('',#4118,.T.);
#4120=ADVANCED_FACE('',(#4119),#4094,.F.);
#4121=CARTESIAN_POINT('',(-90.033116622,85.553052092,15.035531749));
#4122=DIRECTION('',(-1.,0.,-0.));
#4123=DIRECTION('',(-0.,0.,1.));
#4124=AXIS2_PLACEMENT_3D('',#4121,#4122,#4123);
#4125=PLANE('',#4124);
#4126=CARTESIAN_POINT('',(-90.033116622,94.568951258,16.906514492));
#4127=VERTEX_POINT('',#4126);
#4128=CARTESIAN_POINT('',(-90.033116622,90.368951258,16.906514492));
#4129=DIRECTION('',(0.,1.,0.));
#4130=VECTOR('',#4129,4.2);
#4131=LINE('',#4128,#4130);
#4132=EDGE_CURVE('',#139,#4127,#4131,.T.);
#4133=ORIENTED_EDGE('',*,*,#4132,.T.);
#4134=CARTESIAN_POINT('',(-90.033116622,94.568951258,25.164549006));
#4135=VERTEX_POINT('',#4134);
#4136=CARTESIAN_POINT('',(-90.033116622,94.568951258,16.906514492));
#4137=DIRECTION('',(-0.,-0.,1.));
#4138=VECTOR('',#4137,8.258034513);
#4139=LINE('',#4136,#4138);
#4140=EDGE_CURVE('',#4127,#4135,#4139,.T.);
#4141=ORIENTED_EDGE('',*,*,#4140,.T.);
#4142=CARTESIAN_POINT('',(-90.033116622,94.568951258,25.164549006));
#4143=DIRECTION('',(-0.,-1.,-0.));
#4144=VECTOR('',#4143,4.2);
#4145=LINE('',#4142,#4144);
#4146=EDGE_CURVE('',#4135,#148,#4145,.T.);
#4147=ORIENTED_EDGE('',*,*,#4146,.T.);
#4148=ORIENTED_EDGE('',*,*,#153,.T.);
#4149=EDGE_LOOP('',(#4133,#4141,#4147,#4148));
#4150=FACE_BOUND('',#4149,.T.);
#4151=ADVANCED_FACE('',(#4150),#4125,.F.);
#4152=CARTESIAN_POINT('',(-79.904099366,85.553052092,25.164549006));
#4153=DIRECTION('',(0.,-1.,0.));
#4154=DIRECTION('',(0.,0.,-1.));
#4155=AXIS2_PLACEMENT_3D('',#4152,#4153,#4154);
#4156=CYLINDRICAL_SURFACE('',#4155,1.870982743);
#4157=ORIENTED_EDGE('',*,*,#4053,.F.);
#4158=CARTESIAN_POINT('',(-79.904099366,94.568951258,25.164549006));
#4159=DIRECTION('',(-0.,1.,-0.));
#4160=DIRECTION('',(0.,0.,-1.));
#4161=AXIS2_PLACEMENT_3D('',#4158,#4159,#4160);
#4162=CIRCLE('',#4161,1.870982743);
#4163=EDGE_CURVE('',#4042,#4065,#4162,.T.);
#4164=ORIENTED_EDGE('',*,*,#4163,.T.);
#4165=ORIENTED_EDGE('',*,*,#4070,.F.);
#4166=ORIENTED_EDGE('',*,*,#111,.F.);
#4167=EDGE_LOOP('',(#4157,#4164,#4165,#4166));
#4168=FACE_BOUND('',#4167,.T.);
#4169=ADVANCED_FACE('',(#4168),#4156,.F.);
#4170=CARTESIAN_POINT('',(-88.162133879,85.553052092,25.164549006));
#4171=DIRECTION('',(0.,-1.,0.));
#4172=DIRECTION('',(0.,0.,-1.));
#4173=AXIS2_PLACEMENT_3D('',#4170,#4171,#4172);
#4174=CYLINDRICAL_SURFACE('',#4173,1.870982743);
#4175=ORIENTED_EDGE('',*,*,#4146,.F.);
#4176=CARTESIAN_POINT('',(-88.162133879,94.568951258,25.164549006));
#4177=DIRECTION('',(-0.,1.,-0.));
#4178=DIRECTION('',(0.,0.,-1.));
#4179=AXIS2_PLACEMENT_3D('',#4176,#4177,#4178);
#4180=CIRCLE('',#4179,1.870982743);
#4181=EDGE_CURVE('',#4135,#4034,#4180,.T.);
#4182=ORIENTED_EDGE('',*,*,#4181,.T.);
#4183=ORIENTED_EDGE('',*,*,#4039,.F.);
#4184=ORIENTED_EDGE('',*,*,#160,.F.);
#4185=EDGE_LOOP('',(#4175,#4182,#4183,#4184));
#4186=FACE_BOUND('',#4185,.T.);
#4187=ADVANCED_FACE('',(#4186),#4174,.F.);
#4188=CARTESIAN_POINT('',(-88.162133879,85.553052092,16.906514492));
#4189=DIRECTION('',(0.,-1.,0.));
#4190=DIRECTION('',(0.,0.,-1.));
#4191=AXIS2_PLACEMENT_3D('',#4188,#4189,#4190);
#4192=CYLINDRICAL_SURFACE('',#4191,1.870982743);
#4193=ORIENTED_EDGE('',*,*,#4115,.F.);
#4194=CARTESIAN_POINT('',(-88.162133879,94.568951258,16.906514492));
#4195=DIRECTION('',(-0.,1.,-0.));
#4196=DIRECTION('',(0.,0.,-1.));
#4197=AXIS2_PLACEMENT_3D('',#4194,#4195,#4196);
#4198=CIRCLE('',#4197,1.870982743);
#4199=EDGE_CURVE('',#4104,#4127,#4198,.T.);
#4200=ORIENTED_EDGE('',*,*,#4199,.T.);
#4201=ORIENTED_EDGE('',*,*,#4132,.F.);
#4202=ORIENTED_EDGE('',*,*,#145,.F.);
#4203=EDGE_LOOP('',(#4193,#4200,#4201,#4202));
#4204=FACE_BOUND('',#4203,.T.);
#4205=ADVANCED_FACE('',(#4204),#4192,.F.);
#4206=CARTESIAN_POINT('',(-79.904099366,85.553052092,16.906514492));
#4207=DIRECTION('',(0.,-1.,0.));
#4208=DIRECTION('',(0.,0.,-1.));
#4209=AXIS2_PLACEMENT_3D('',#4206,#4207,#4208);
#4210=CYLINDRICAL_SURFACE('',#4209,1.870982743);
#4211=ORIENTED_EDGE('',*,*,#4084,.F.);
#4212=CARTESIAN_POINT('',(-79.904099366,94.568951258,16.906514492));
#4213=DIRECTION('',(-0.,1.,-0.));
#4214=DIRECTION('',(0.,0.,-1.));
#4215=AXIS2_PLACEMENT_3D('',#4212,#4213,#4214);
#4216=CIRCLE('',#4215,1.870982743);
#4217=EDGE_CURVE('',#4073,#4096,#4216,.T.);
#4218=ORIENTED_EDGE('',*,*,#4217,.T.);
#4219=ORIENTED_EDGE('',*,*,#4101,.F.);
#4220=ORIENTED_EDGE('',*,*,#128,.F.);
#4221=EDGE_LOOP('',(#4211,#4218,#4219,#4220));
#4222=FACE_BOUND('',#4221,.T.);
#4223=ADVANCED_FACE('',(#4222),#4210,.F.);
#4224=CARTESIAN_POINT('',(74.066883378,94.568082587,23.392670097));
#4225=DIRECTION('',(0.70731144,0.706902063,0.));
#4226=DIRECTION('',(0.,0.,-1.));
#4227=AXIS2_PLACEMENT_3D('',#4224,#4225,#4226);
#4228=PLANE('',#4227);
#4229=CARTESIAN_POINT('',(72.566883378,96.068951258,23.392670097));
#4230=DIRECTION('',(0.706902063,-0.70731144,0.));
#4231=VECTOR('',#4230,2.121934676);
#4232=LINE('',#4229,#4231);
#4233=EDGE_CURVE('',#1297,#2471,#4232,.T.);
#4234=ORIENTED_EDGE('',*,*,#4233,.F.);
#4235=ORIENTED_EDGE('',*,*,#1302,.F.);
#4236=CARTESIAN_POINT('',(74.066883378,94.568082587,28.392670097));
#4237=DIRECTION('',(-0.706902063,0.70731144,-0.));
#4238=VECTOR('',#4237,2.121934676);
#4239=LINE('',#4236,#4238);
#4240=EDGE_CURVE('',#2479,#1288,#4239,.T.);
#4241=ORIENTED_EDGE('',*,*,#4240,.F.);
#4242=ORIENTED_EDGE('',*,*,#2484,.F.);
#4243=EDGE_LOOP('',(#4234,#4235,#4241,#4242));
#4244=FACE_BOUND('',#4243,.T.);
#4245=ADVANCED_FACE('',(#4244),#4228,.T.);
#4246=CARTESIAN_POINT('',(75.566883378,96.068951258,28.392670097));
#4247=DIRECTION('',(0.,1.,0.));
#4248=DIRECTION('',(0.,-0.,1.));
#4249=AXIS2_PLACEMENT_3D('',#4246,#4247,#4248);
#4250=CONICAL_SURFACE('',#4249,3.,44.983414402);
#4251=ORIENTED_EDGE('',*,*,#4240,.T.);
#4252=ORIENTED_EDGE('',*,*,#1294,.F.);
#4253=CARTESIAN_POINT('',(75.566883378,94.568082587,29.892670097));
#4254=DIRECTION('',(0.,0.70731144,0.706902063));
#4255=VECTOR('',#4254,2.121934676);
#4256=LINE('',#4253,#4255);
#4257=EDGE_CURVE('',#2378,#1280,#4256,.T.);
#4258=ORIENTED_EDGE('',*,*,#4257,.F.);
#4259=ORIENTED_EDGE('',*,*,#2525,.F.);
#4260=EDGE_LOOP('',(#4251,#4252,#4258,#4259));
#4261=FACE_BOUND('',#4260,.T.);
#4262=ADVANCED_FACE('',(#4261),#4250,.F.);
#4263=CARTESIAN_POINT('',(75.566883378,96.068951258,23.392670097));
#4264=DIRECTION('',(0.,1.,0.));
#4265=DIRECTION('',(0.,-0.,1.));
#4266=AXIS2_PLACEMENT_3D('',#4263,#4264,#4265);
#4267=CONICAL_SURFACE('',#4266,3.,44.983414402);
#4268=ORIENTED_EDGE('',*,*,#4233,.T.);
#4269=ORIENTED_EDGE('',*,*,#2543,.F.);
#4270=CARTESIAN_POINT('',(75.566883378,96.068951258,20.392670097));
#4271=DIRECTION('',(0.,-0.70731144,0.706902063));
#4272=VECTOR('',#4271,2.121934676);
#4273=LINE('',#4270,#4272);
#4274=EDGE_CURVE('',#1244,#2448,#4273,.T.);
#4275=ORIENTED_EDGE('',*,*,#4274,.F.);
#4276=ORIENTED_EDGE('',*,*,#1309,.F.);
#4277=EDGE_LOOP('',(#4268,#4269,#4275,#4276));
#4278=FACE_BOUND('',#4277,.T.);
#4279=ADVANCED_FACE('',(#4278),#4267,.F.);
#4280=CARTESIAN_POINT('',(76.066883378,94.568082587,29.892670097));
#4281=DIRECTION('',(-0.,0.706902063,-0.70731144));
#4282=DIRECTION('',(-1.,-0.,0.));
#4283=AXIS2_PLACEMENT_3D('',#4280,#4281,#4282);
#4284=PLANE('',#4283);
#4285=ORIENTED_EDGE('',*,*,#4257,.T.);
#4286=ORIENTED_EDGE('',*,*,#1285,.F.);
#4287=CARTESIAN_POINT('',(86.566883378,94.568082587,29.892670097));
#4288=DIRECTION('',(0.,0.70731144,0.706902063));
#4289=VECTOR('',#4288,2.121934676);
#4290=LINE('',#4287,#4289);
#4291=EDGE_CURVE('',#2386,#1271,#4290,.T.);
#4292=ORIENTED_EDGE('',*,*,#4291,.F.);
#4293=ORIENTED_EDGE('',*,*,#2391,.F.);
#4294=EDGE_LOOP('',(#4285,#4286,#4292,#4293));
#4295=FACE_BOUND('',#4294,.T.);
#4296=ADVANCED_FACE('',(#4295),#4284,.T.);
#4297=CARTESIAN_POINT('',(86.066883378,94.568082587,21.892670097));
#4298=DIRECTION('',(-0.,0.706902063,0.70731144));
#4299=DIRECTION('',(1.,0.,0.));
#4300=AXIS2_PLACEMENT_3D('',#4297,#4298,#4299);
#4301=PLANE('',#4300);
#4302=ORIENTED_EDGE('',*,*,#4274,.T.);
#4303=ORIENTED_EDGE('',*,*,#2453,.F.);
#4304=CARTESIAN_POINT('',(86.566883378,96.068951258,20.392670097));
#4305=DIRECTION('',(0.,-0.70731144,0.706902063));
#4306=VECTOR('',#4305,2.121934676);
#4307=LINE('',#4304,#4306);
#4308=EDGE_CURVE('',#1246,#2440,#4307,.T.);
#4309=ORIENTED_EDGE('',*,*,#4308,.F.);
#4310=ORIENTED_EDGE('',*,*,#1251,.F.);
#4311=EDGE_LOOP('',(#4302,#4303,#4309,#4310));
#4312=FACE_BOUND('',#4311,.T.);
#4313=ADVANCED_FACE('',(#4312),#4301,.T.);
#4314=CARTESIAN_POINT('',(86.566883378,96.068951258,28.392670097));
#4315=DIRECTION('',(0.,1.,0.));
#4316=DIRECTION('',(0.,-0.,1.));
#4317=AXIS2_PLACEMENT_3D('',#4314,#4315,#4316);
#4318=CONICAL_SURFACE('',#4317,3.,44.983414402);
#4319=ORIENTED_EDGE('',*,*,#4291,.T.);
#4320=ORIENTED_EDGE('',*,*,#1277,.F.);
#4321=CARTESIAN_POINT('',(88.066883378,94.568082587,28.392670097));
#4322=DIRECTION('',(0.706902063,0.70731144,0.));
#4323=VECTOR('',#4322,2.121934676);
#4324=LINE('',#4321,#4323);
#4325=EDGE_CURVE('',#2409,#1263,#4324,.T.);
#4326=ORIENTED_EDGE('',*,*,#4325,.F.);
#4327=ORIENTED_EDGE('',*,*,#2507,.F.);
#4328=EDGE_LOOP('',(#4319,#4320,#4326,#4327));
#4329=FACE_BOUND('',#4328,.T.);
#4330=ADVANCED_FACE('',(#4329),#4318,.F.);
#4331=CARTESIAN_POINT('',(86.566883378,96.068951258,23.392670097));
#4332=DIRECTION('',(0.,1.,0.));
#4333=DIRECTION('',(0.,-0.,1.));
#4334=AXIS2_PLACEMENT_3D('',#4331,#4332,#4333);
#4335=CONICAL_SURFACE('',#4334,3.,44.983414402);
#4336=ORIENTED_EDGE('',*,*,#4308,.T.);
#4337=ORIENTED_EDGE('',*,*,#2561,.F.);
#4338=CARTESIAN_POINT('',(89.566883378,96.068951258,23.392670097));
#4339=DIRECTION('',(-0.706902063,-0.70731144,0.));
#4340=VECTOR('',#4339,2.121934676);
#4341=LINE('',#4338,#4340);
#4342=EDGE_CURVE('',#1254,#2417,#4341,.T.);
#4343=ORIENTED_EDGE('',*,*,#4342,.F.);
#4344=ORIENTED_EDGE('',*,*,#1260,.F.);
#4345=EDGE_LOOP('',(#4336,#4337,#4343,#4344));
#4346=FACE_BOUND('',#4345,.T.);
#4347=ADVANCED_FACE('',(#4346),#4335,.F.);
#4348=CARTESIAN_POINT('',(88.066883378,94.568082587,28.392670097));
#4349=DIRECTION('',(-0.70731144,0.706902063,0.));
#4350=DIRECTION('',(0.,0.,1.));
#4351=AXIS2_PLACEMENT_3D('',#4348,#4349,#4350);
#4352=PLANE('',#4351);
#4353=ORIENTED_EDGE('',*,*,#4325,.T.);
#4354=ORIENTED_EDGE('',*,*,#1268,.F.);
#4355=ORIENTED_EDGE('',*,*,#4342,.T.);
#4356=ORIENTED_EDGE('',*,*,#2422,.F.);
#4357=EDGE_LOOP('',(#4353,#4354,#4355,#4356));
#4358=FACE_BOUND('',#4357,.T.);
#4359=ADVANCED_FACE('',(#4358),#4352,.T.);
#4360=CARTESIAN_POINT('',(-90.033116622,94.568951258,15.035531749));
#4361=DIRECTION('',(-0.707106781,-0.707106781,-0.));
#4362=DIRECTION('',(-0.,0.,1.));
#4363=AXIS2_PLACEMENT_3D('',#4360,#4361,#4362);
#4364=PLANE('',#4363);
#4365=CARTESIAN_POINT('',(-91.533116622,96.068951258,16.906514492));
#4366=DIRECTION('',(0.707106781,-0.707106781,0.));
#4367=VECTOR('',#4366,2.121320344);
#4368=LINE('',#4365,#4367);
#4369=EDGE_CURVE('',#1219,#4127,#4368,.T.);
#4370=ORIENTED_EDGE('',*,*,#4369,.F.);
#4371=ORIENTED_EDGE('',*,*,#1224,.F.);
#4372=CARTESIAN_POINT('',(-90.033116622,94.568951258,25.164549006));
#4373=DIRECTION('',(-0.707106781,0.707106781,-0.));
#4374=VECTOR('',#4373,2.121320344);
#4375=LINE('',#4372,#4374);
#4376=EDGE_CURVE('',#4135,#1210,#4375,.T.);
#4377=ORIENTED_EDGE('',*,*,#4376,.F.);
#4378=ORIENTED_EDGE('',*,*,#4140,.F.);
#4379=EDGE_LOOP('',(#4370,#4371,#4377,#4378));
#4380=FACE_BOUND('',#4379,.T.);
#4381=ADVANCED_FACE('',(#4380),#4364,.F.);
#4382=CARTESIAN_POINT('',(-88.162133879,96.068951258,25.164549006));
#4383=DIRECTION('',(0.,1.,0.));
#4384=DIRECTION('',(0.,-0.,1.));
#4385=AXIS2_PLACEMENT_3D('',#4382,#4383,#4384);
#4386=CONICAL_SURFACE('',#4385,3.370982743,45.);
#4387=ORIENTED_EDGE('',*,*,#4376,.T.);
#4388=ORIENTED_EDGE('',*,*,#1216,.F.);
#4389=CARTESIAN_POINT('',(-88.162133879,94.568951258,27.035531749));
#4390=DIRECTION('',(0.,0.707106781,0.707106781));
#4391=VECTOR('',#4390,2.121320344);
#4392=LINE('',#4389,#4391);
#4393=EDGE_CURVE('',#4034,#1202,#4392,.T.);
#4394=ORIENTED_EDGE('',*,*,#4393,.F.);
#4395=ORIENTED_EDGE('',*,*,#4181,.F.);
#4396=EDGE_LOOP('',(#4387,#4388,#4394,#4395));
#4397=FACE_BOUND('',#4396,.T.);
#4398=ADVANCED_FACE('',(#4397),#4386,.F.);
#4399=CARTESIAN_POINT('',(-88.162133879,96.068951258,16.906514492));
#4400=DIRECTION('',(0.,1.,0.));
#4401=DIRECTION('',(0.,-0.,1.));
#4402=AXIS2_PLACEMENT_3D('',#4399,#4400,#4401);
#4403=CONICAL_SURFACE('',#4402,3.370982743,45.);
#4404=ORIENTED_EDGE('',*,*,#4369,.T.);
#4405=ORIENTED_EDGE('',*,*,#4199,.F.);
#4406=CARTESIAN_POINT('',(-88.162133879,96.068951258,13.535531749));
#4407=DIRECTION('',(0.,-0.707106781,0.707106781));
#4408=VECTOR('',#4407,2.121320344);
#4409=LINE('',#4406,#4408);
#4410=EDGE_CURVE('',#1227,#4104,#4409,.T.);
#4411=ORIENTED_EDGE('',*,*,#4410,.F.);
#4412=ORIENTED_EDGE('',*,*,#1233,.F.);
#4413=EDGE_LOOP('',(#4404,#4405,#4411,#4412));
#4414=FACE_BOUND('',#4413,.T.);
#4415=ADVANCED_FACE('',(#4414),#4403,.F.);
#4416=CARTESIAN_POINT('',(-90.033116622,94.568951258,27.035531749));
#4417=DIRECTION('',(0.,-0.707106781,0.707106781));
#4418=DIRECTION('',(1.,0.,-0.));
#4419=AXIS2_PLACEMENT_3D('',#4416,#4417,#4418);
#4420=PLANE('',#4419);
#4421=ORIENTED_EDGE('',*,*,#4393,.T.);
#4422=ORIENTED_EDGE('',*,*,#1207,.F.);
#4423=CARTESIAN_POINT('',(-79.904099366,94.568951258,27.035531749));
#4424=DIRECTION('',(0.,0.707106781,0.707106781));
#4425=VECTOR('',#4424,2.121320344);
#4426=LINE('',#4423,#4425);
#4427=EDGE_CURVE('',#4042,#1193,#4426,.T.);
#4428=ORIENTED_EDGE('',*,*,#4427,.F.);
#4429=ORIENTED_EDGE('',*,*,#4047,.F.);
#4430=EDGE_LOOP('',(#4421,#4422,#4428,#4429));
#4431=FACE_BOUND('',#4430,.T.);
#4432=ADVANCED_FACE('',(#4431),#4420,.F.);
#4433=CARTESIAN_POINT('',(-78.033116622,94.568951258,15.035531749));
#4434=DIRECTION('',(0.,-0.707106781,-0.707106781));
#4435=DIRECTION('',(-1.,-0.,0.));
#4436=AXIS2_PLACEMENT_3D('',#4433,#4434,#4435);
#4437=PLANE('',#4436);
#4438=ORIENTED_EDGE('',*,*,#4410,.T.);
#4439=ORIENTED_EDGE('',*,*,#4109,.F.);
#4440=CARTESIAN_POINT('',(-79.904099366,96.068951258,13.535531749));
#4441=DIRECTION('',(0.,-0.707106781,0.707106781));
#4442=VECTOR('',#4441,2.121320344);
#4443=LINE('',#4440,#4442);
#4444=EDGE_CURVE('',#1174,#4096,#4443,.T.);
#4445=ORIENTED_EDGE('',*,*,#4444,.F.);
#4446=ORIENTED_EDGE('',*,*,#1239,.F.);
#4447=EDGE_LOOP('',(#4438,#4439,#4445,#4446));
#4448=FACE_BOUND('',#4447,.T.);
#4449=ADVANCED_FACE('',(#4448),#4437,.F.);
#4450=CARTESIAN_POINT('',(-79.904099366,96.068951258,25.164549006));
#4451=DIRECTION('',(0.,1.,0.));
#4452=DIRECTION('',(0.,-0.,1.));
#4453=AXIS2_PLACEMENT_3D('',#4450,#4451,#4452);
#4454=CONICAL_SURFACE('',#4453,3.370982743,45.);
#4455=ORIENTED_EDGE('',*,*,#4427,.T.);
#4456=ORIENTED_EDGE('',*,*,#1199,.F.);
#4457=CARTESIAN_POINT('',(-78.033116622,94.568951258,25.164549006));
#4458=DIRECTION('',(0.707106781,0.707106781,0.));
#4459=VECTOR('',#4458,2.121320344);
#4460=LINE('',#4457,#4459);
#4461=EDGE_CURVE('',#4065,#1185,#4460,.T.);
#4462=ORIENTED_EDGE('',*,*,#4461,.F.);
#4463=ORIENTED_EDGE('',*,*,#4163,.F.);
#4464=EDGE_LOOP('',(#4455,#4456,#4462,#4463));
#4465=FACE_BOUND('',#4464,.T.);
#4466=ADVANCED_FACE('',(#4465),#4454,.F.);
#4467=CARTESIAN_POINT('',(-79.904099366,96.068951258,16.906514492));
#4468=DIRECTION('',(0.,1.,0.));
#4469=DIRECTION('',(0.,-0.,1.));
#4470=AXIS2_PLACEMENT_3D('',#4467,#4468,#4469);
#4471=CONICAL_SURFACE('',#4470,3.370982743,45.);
#4472=ORIENTED_EDGE('',*,*,#4444,.T.);
#4473=ORIENTED_EDGE('',*,*,#4217,.F.);
#4474=CARTESIAN_POINT('',(-76.533116622,96.068951258,16.906514492));
#4475=DIRECTION('',(-0.707106781,-0.707106781,0.));
#4476=VECTOR('',#4475,2.121320344);
#4477=LINE('',#4474,#4476);
#4478=EDGE_CURVE('',#1176,#4073,#4477,.T.);
#4479=ORIENTED_EDGE('',*,*,#4478,.F.);
#4480=ORIENTED_EDGE('',*,*,#1182,.F.);
#4481=EDGE_LOOP('',(#4472,#4473,#4479,#4480));
#4482=FACE_BOUND('',#4481,.T.);
#4483=ADVANCED_FACE('',(#4482),#4471,.F.);
#4484=CARTESIAN_POINT('',(-78.033116622,94.568951258,27.035531749));
#4485=DIRECTION('',(0.707106781,-0.707106781,0.));
#4486=DIRECTION('',(0.,0.,-1.));
#4487=AXIS2_PLACEMENT_3D('',#4484,#4485,#4486);
#4488=PLANE('',#4487);
#4489=ORIENTED_EDGE('',*,*,#4461,.T.);
#4490=ORIENTED_EDGE('',*,*,#1190,.F.);
#4491=ORIENTED_EDGE('',*,*,#4478,.T.);
#4492=ORIENTED_EDGE('',*,*,#4078,.F.);
#4493=EDGE_LOOP('',(#4489,#4490,#4491,#4492));
#4494=FACE_BOUND('',#4493,.T.);
#4495=ADVANCED_FACE('',(#4494),#4488,.F.);
#4496=CARTESIAN_POINT('',(-96.668116622,94.068951258,96.540531749));
#4497=DIRECTION('',(-1.,0.,0.));
#4498=DIRECTION('',(0.,0.,1.));
#4499=AXIS2_PLACEMENT_3D('',#4496,#4497,#4498);
#4500=PLANE('',#4499);
#4501=ORIENTED_EDGE('',*,*,#1147,.T.);
#4502=CARTESIAN_POINT('',(-96.668116622,94.068951258,98.540531749));
#4503=VERTEX_POINT('',#4502);
#4504=CARTESIAN_POINT('',(-96.668116622,96.068951258,100.540531749));
#4505=DIRECTION('',(0.,-0.707106781,-0.707106781));
#4506=VECTOR('',#4505,2.828427125);
#4507=LINE('',#4504,#4506);
#4508=EDGE_CURVE('',#1142,#4503,#4507,.T.);
#4509=ORIENTED_EDGE('',*,*,#4508,.T.);
#4510=CARTESIAN_POINT('',(-96.668116622,94.068951258,98.540531749));
#4511=DIRECTION('',(0.,0.707106781,-0.707106781));
#4512=VECTOR('',#4511,2.828427125);
#4513=LINE('',#4510,#4512);
#4514=EDGE_CURVE('',#4503,#1140,#4513,.T.);
#4515=ORIENTED_EDGE('',*,*,#4514,.T.);
#4516=EDGE_LOOP('',(#4501,#4509,#4515));
#4517=FACE_BOUND('',#4516,.T.);
#4518=ADVANCED_FACE('',(#4517),#4500,.F.);
#4519=CARTESIAN_POINT('',(-74.668116622,94.068951258,100.540531749));
#4520=DIRECTION('',(1.,0.,0.));
#4521=DIRECTION('',(0.,0.,-1.));
#4522=AXIS2_PLACEMENT_3D('',#4519,#4520,#4521);
#4523=PLANE('',#4522);
#4524=CARTESIAN_POINT('',(-74.668116622,94.068951258,98.540531749));
#4525=VERTEX_POINT('',#4524);
#4526=CARTESIAN_POINT('',(-74.668116622,96.068951258,96.540531749));
#4527=DIRECTION('',(0.,-0.707106781,0.707106781));
#4528=VECTOR('',#4527,2.828427125);
#4529=LINE('',#4526,#4528);
#4530=EDGE_CURVE('',#1150,#4525,#4529,.T.);
#4531=ORIENTED_EDGE('',*,*,#4530,.T.);
#4532=CARTESIAN_POINT('',(-74.668116622,94.068951258,98.540531749));
#4533=DIRECTION('',(0.,0.707106781,0.707106781));
#4534=VECTOR('',#4533,2.828427125);
#4535=LINE('',#4532,#4534);
#4536=EDGE_CURVE('',#4525,#1158,#4535,.T.);
#4537=ORIENTED_EDGE('',*,*,#4536,.T.);
#4538=ORIENTED_EDGE('',*,*,#1163,.T.);
#4539=EDGE_LOOP('',(#4531,#4537,#4538));
#4540=FACE_BOUND('',#4539,.T.);
#4541=ADVANCED_FACE('',(#4540),#4523,.F.);
#4542=CARTESIAN_POINT('',(76.781883378,94.068951258,96.540531749));
#4543=DIRECTION('',(-1.,0.,0.));
#4544=DIRECTION('',(0.,0.,1.));
#4545=AXIS2_PLACEMENT_3D('',#4542,#4543,#4544);
#4546=PLANE('',#4545);
#4547=ORIENTED_EDGE('',*,*,#1113,.T.);
#4548=CARTESIAN_POINT('',(76.781883378,94.068951258,98.540531749));
#4549=VERTEX_POINT('',#4548);
#4550=CARTESIAN_POINT('',(76.781883378,96.068951258,100.540531749));
#4551=DIRECTION('',(0.,-0.707106781,-0.707106781));
#4552=VECTOR('',#4551,2.828427125);
#4553=LINE('',#4550,#4552);
#4554=EDGE_CURVE('',#1108,#4549,#4553,.T.);
#4555=ORIENTED_EDGE('',*,*,#4554,.T.);
#4556=CARTESIAN_POINT('',(76.781883378,94.068951258,98.540531749));
#4557=DIRECTION('',(0.,0.707106781,-0.707106781));
#4558=VECTOR('',#4557,2.828427125);
#4559=LINE('',#4556,#4558);
#4560=EDGE_CURVE('',#4549,#1106,#4559,.T.);
#4561=ORIENTED_EDGE('',*,*,#4560,.T.);
#4562=EDGE_LOOP('',(#4547,#4555,#4561));
#4563=FACE_BOUND('',#4562,.T.);
#4564=ADVANCED_FACE('',(#4563),#4546,.F.);
#4565=CARTESIAN_POINT('',(98.781883378,94.068951258,100.540531749));
#4566=DIRECTION('',(1.,0.,0.));
#4567=DIRECTION('',(0.,0.,-1.));
#4568=AXIS2_PLACEMENT_3D('',#4565,#4566,#4567);
#4569=PLANE('',#4568);
#4570=CARTESIAN_POINT('',(98.781883378,94.068951258,98.540531749));
#4571=VERTEX_POINT('',#4570);
#4572=CARTESIAN_POINT('',(98.781883378,96.068951258,96.540531749));
#4573=DIRECTION('',(0.,-0.707106781,0.707106781));
#4574=VECTOR('',#4573,2.828427125);
#4575=LINE('',#4572,#4574);
#4576=EDGE_CURVE('',#1116,#4571,#4575,.T.);
#4577=ORIENTED_EDGE('',*,*,#4576,.T.);
#4578=CARTESIAN_POINT('',(98.781883378,94.068951258,98.540531749));
#4579=DIRECTION('',(0.,0.707106781,0.707106781));
#4580=VECTOR('',#4579,2.828427125);
#4581=LINE('',#4578,#4580);
#4582=EDGE_CURVE('',#4571,#1124,#4581,.T.);
#4583=ORIENTED_EDGE('',*,*,#4582,.T.);
#4584=ORIENTED_EDGE('',*,*,#1129,.T.);
#4585=EDGE_LOOP('',(#4577,#4583,#4584));
#4586=FACE_BOUND('',#4585,.T.);
#4587=ADVANCED_FACE('',(#4586),#4569,.F.);
#4588=CARTESIAN_POINT('',(1.056883378,94.068951258,98.540531749));
#4589=DIRECTION('',(0.,-0.707106781,-0.707106781));
#4590=DIRECTION('',(-1.,-0.,0.));
#4591=AXIS2_PLACEMENT_3D('',#4588,#4589,#4590);
#4592=PLANE('',#4591);
#4593=ORIENTED_EDGE('',*,*,#1155,.T.);
#4594=ORIENTED_EDGE('',*,*,#4514,.F.);
#4595=CARTESIAN_POINT('',(-74.668116622,94.068951258,98.540531749));
#4596=DIRECTION('',(-1.,-0.,0.));
#4597=VECTOR('',#4596,22.);
#4598=LINE('',#4595,#4597);
#4599=EDGE_CURVE('',#4525,#4503,#4598,.T.);
#4600=ORIENTED_EDGE('',*,*,#4599,.F.);
#4601=ORIENTED_EDGE('',*,*,#4530,.F.);
#4602=EDGE_LOOP('',(#4593,#4594,#4600,#4601));
#4603=FACE_BOUND('',#4602,.T.);
#4604=ADVANCED_FACE('',(#4603),#4592,.F.);
#4605=CARTESIAN_POINT('',(1.056883378,94.068951258,98.540531749));
#4606=DIRECTION('',(0.,-0.707106781,0.707106781));
#4607=DIRECTION('',(1.,0.,0.));
#4608=AXIS2_PLACEMENT_3D('',#4605,#4606,#4607);
#4609=PLANE('',#4608);
#4610=ORIENTED_EDGE('',*,*,#4508,.F.);
#4611=ORIENTED_EDGE('',*,*,#1169,.T.);
#4612=ORIENTED_EDGE('',*,*,#4536,.F.);
#4613=ORIENTED_EDGE('',*,*,#4599,.T.);
#4614=EDGE_LOOP('',(#4610,#4611,#4612,#4613));
#4615=FACE_BOUND('',#4614,.T.);
#4616=ADVANCED_FACE('',(#4615),#4609,.F.);
#4617=CARTESIAN_POINT('',(1.056883378,94.068951258,98.540531749));
#4618=DIRECTION('',(0.,-0.707106781,-0.707106781));
#4619=DIRECTION('',(-1.,-0.,0.));
#4620=AXIS2_PLACEMENT_3D('',#4617,#4618,#4619);
#4621=PLANE('',#4620);
#4622=ORIENTED_EDGE('',*,*,#1121,.T.);
#4623=ORIENTED_EDGE('',*,*,#4560,.F.);
#4624=CARTESIAN_POINT('',(98.781883378,94.068951258,98.540531749));
#4625=DIRECTION('',(-1.,-0.,0.));
#4626=VECTOR('',#4625,22.);
#4627=LINE('',#4624,#4626);
#4628=EDGE_CURVE('',#4571,#4549,#4627,.T.);
#4629=ORIENTED_EDGE('',*,*,#4628,.F.);
#4630=ORIENTED_EDGE('',*,*,#4576,.F.);
#4631=EDGE_LOOP('',(#4622,#4623,#4629,#4630));
#4632=FACE_BOUND('',#4631,.T.);
#4633=ADVANCED_FACE('',(#4632),#4621,.F.);
#4634=CARTESIAN_POINT('',(1.056883378,94.068951258,98.540531749));
#4635=DIRECTION('',(0.,-0.707106781,0.707106781));
#4636=DIRECTION('',(1.,0.,0.));
#4637=AXIS2_PLACEMENT_3D('',#4634,#4635,#4636);
#4638=PLANE('',#4637);
#4639=ORIENTED_EDGE('',*,*,#4554,.F.);
#4640=ORIENTED_EDGE('',*,*,#1135,.T.);
#4641=ORIENTED_EDGE('',*,*,#4582,.F.);
#4642=ORIENTED_EDGE('',*,*,#4628,.T.);
#4643=EDGE_LOOP('',(#4639,#4640,#4641,#4642));
#4644=FACE_BOUND('',#4643,.T.);
#4645=ADVANCED_FACE('',(#4644),#4638,.F.);
#4646=CARTESIAN_POINT('',(96.981883378,93.218951258,98.740531749));
#4647=DIRECTION('',(-0.,1.,0.));
#4648=DIRECTION('',(-1.,-0.,0.));
#4649=AXIS2_PLACEMENT_3D('',#4646,#4647,#4648);
#4650=CYLINDRICAL_SURFACE('',#4649,4.8);
#4651=ORIENTED_EDGE('',*,*,#1389,.F.);
#4652=ORIENTED_EDGE('',*,*,#2015,.F.);
#4653=ORIENTED_EDGE('',*,*,#768,.F.);
#4654=ORIENTED_EDGE('',*,*,#3673,.F.);
#4655=EDGE_LOOP('',(#4651,#4652,#4653,#4654));
#4656=FACE_BOUND('',#4655,.T.);
#4657=ADVANCED_FACE('',(#4656),#4650,.T.);
#4658=CARTESIAN_POINT('',(-94.868116622,96.068951258,98.740531749));
#4659=DIRECTION('',(-0.,1.,0.));
#4660=DIRECTION('',(-1.,-0.,0.));
#4661=AXIS2_PLACEMENT_3D('',#4658,#4659,#4660);
#4662=CYLINDRICAL_SURFACE('',#4661,4.8);
#4663=ORIENTED_EDGE('',*,*,#1454,.F.);
#4664=ORIENTED_EDGE('',*,*,#3765,.F.);
#4665=ORIENTED_EDGE('',*,*,#655,.F.);
#4666=ORIENTED_EDGE('',*,*,#2148,.F.);
#4667=EDGE_LOOP('',(#4663,#4664,#4665,#4666));
#4668=FACE_BOUND('',#4667,.T.);
#4669=ADVANCED_FACE('',(#4668),#4662,.T.);
#4670=CARTESIAN_POINT('',(69.609000531,60.836941642,101.540531749));
#4671=DIRECTION('',(0.,-1.,0.));
#4672=DIRECTION('',(1.,0.,0.));
#4673=AXIS2_PLACEMENT_3D('',#4670,#4671,#4672);
#4674=CYLINDRICAL_SURFACE('',#4673,2.);
#4675=ORIENTED_EDGE('',*,*,#355,.F.);
#4676=ORIENTED_EDGE('',*,*,#2008,.F.);
#4677=ORIENTED_EDGE('',*,*,#1364,.F.);
#4678=ORIENTED_EDGE('',*,*,#2651,.F.);
#4679=EDGE_LOOP('',(#4675,#4676,#4677,#4678));
#4680=FACE_BOUND('',#4679,.T.);
#4681=ADVANCED_FACE('',(#4680),#4674,.T.);
#4682=CARTESIAN_POINT('',(34.959267235,96.068951258,101.540531749));
#4683=DIRECTION('',(0.,-1.,0.));
#4684=DIRECTION('',(1.,0.,0.));
#4685=AXIS2_PLACEMENT_3D('',#4682,#4683,#4684);
#4686=CYLINDRICAL_SURFACE('',#4685,2.);
#4687=ORIENTED_EDGE('',*,*,#458,.F.);
#4688=ORIENTED_EDGE('',*,*,#2634,.F.);
#4689=ORIENTED_EDGE('',*,*,#1651,.F.);
#4690=ORIENTED_EDGE('',*,*,#2185,.F.);
#4691=EDGE_LOOP('',(#4687,#4688,#4689,#4690));
#4692=FACE_BOUND('',#4691,.T.);
#4693=ADVANCED_FACE('',(#4692),#4686,.T.);
#4694=CARTESIAN_POINT('',(-51.17381716,96.068951258,101.540531749));
#4695=DIRECTION('',(0.,-1.,0.));
#4696=DIRECTION('',(1.,0.,0.));
#4697=AXIS2_PLACEMENT_3D('',#4694,#4695,#4696);
#4698=CYLINDRICAL_SURFACE('',#4697,2.);
#4699=ORIENTED_EDGE('',*,*,#1514,.F.);
#4700=ORIENTED_EDGE('',*,*,#2097,.F.);
#4701=ORIENTED_EDGE('',*,*,#595,.F.);
#4702=ORIENTED_EDGE('',*,*,#2075,.F.);
#4703=EDGE_LOOP('',(#4699,#4700,#4701,#4702));
#4704=FACE_BOUND('',#4703,.T.);
#4705=ADVANCED_FACE('',(#4704),#4698,.T.);
#4706=CARTESIAN_POINT('',(58.50851216,96.068951258,101.540531749));
#4707=DIRECTION('',(0.,-1.,0.));
#4708=DIRECTION('',(1.,0.,0.));
#4709=AXIS2_PLACEMENT_3D('',#4706,#4707,#4708);
#4710=CYLINDRICAL_SURFACE('',#4709,2.);
#4711=ORIENTED_EDGE('',*,*,#398,.F.);
#4712=ORIENTED_EDGE('',*,*,#2707,.F.);
#4713=ORIENTED_EDGE('',*,*,#1711,.F.);
#4714=ORIENTED_EDGE('',*,*,#2031,.F.);
#4715=EDGE_LOOP('',(#4711,#4712,#4713,#4714));
#4716=FACE_BOUND('',#4715,.T.);
#4717=ADVANCED_FACE('',(#4716),#4710,.T.);
#4718=CARTESIAN_POINT('',(-32.495233775,96.068951258,101.540531749));
#4719=DIRECTION('',(-0.,1.,0.));
#4720=DIRECTION('',(-1.,-0.,0.));
#4721=AXIS2_PLACEMENT_3D('',#4718,#4719,#4720);
#4722=CYLINDRICAL_SURFACE('',#4721,2.);
#4723=ORIENTED_EDGE('',*,*,#1531,.F.);
#4724=ORIENTED_EDGE('',*,*,#2082,.F.);
#4725=ORIENTED_EDGE('',*,*,#578,.F.);
#4726=ORIENTED_EDGE('',*,*,#2053,.F.);
#4727=EDGE_LOOP('',(#4723,#4724,#4725,#4726));
#4728=FACE_BOUND('',#4727,.T.);
#4729=ADVANCED_FACE('',(#4728),#4722,.T.);
#4730=CARTESIAN_POINT('',(48.142079798,63.266637331,101.540531749));
#4731=DIRECTION('',(0.,-1.,0.));
#4732=DIRECTION('',(1.,0.,0.));
#4733=AXIS2_PLACEMENT_3D('',#4730,#4731,#4732);
#4734=CYLINDRICAL_SURFACE('',#4733,2.);
#4735=ORIENTED_EDGE('',*,*,#415,.F.);
#4736=ORIENTED_EDGE('',*,*,#2038,.F.);
#4737=ORIENTED_EDGE('',*,*,#1694,.F.);
#4738=ORIENTED_EDGE('',*,*,#2578,.F.);
#4739=EDGE_LOOP('',(#4735,#4736,#4737,#4738));
#4740=FACE_BOUND('',#4739,.T.);
#4741=ADVANCED_FACE('',(#4740),#4734,.T.);
#4742=CARTESIAN_POINT('',(-70.495233775,96.068951258,101.540531749));
#4743=DIRECTION('',(-0.,1.,0.));
#4744=DIRECTION('',(-1.,-0.,0.));
#4745=AXIS2_PLACEMENT_3D('',#4742,#4743,#4744);
#4746=CYLINDRICAL_SURFACE('',#4745,2.);
#4747=ORIENTED_EDGE('',*,*,#1471,.F.);
#4748=ORIENTED_EDGE('',*,*,#2141,.F.);
#4749=ORIENTED_EDGE('',*,*,#638,.F.);
#4750=ORIENTED_EDGE('',*,*,#2119,.F.);
#4751=EDGE_LOOP('',(#4747,#4748,#4749,#4750));
#4752=FACE_BOUND('',#4751,.T.);
#4753=ADVANCED_FACE('',(#4752),#4746,.T.);
#4754=CARTESIAN_POINT('',(24.82618284,96.068951258,101.540531749));
#4755=DIRECTION('',(0.,-1.,0.));
#4756=DIRECTION('',(1.,0.,0.));
#4757=AXIS2_PLACEMENT_3D('',#4754,#4755,#4756);
#4758=CYLINDRICAL_SURFACE('',#4757,2.);
#4759=ORIENTED_EDGE('',*,*,#1634,.F.);
#4760=ORIENTED_EDGE('',*,*,#2207,.F.);
#4761=ORIENTED_EDGE('',*,*,#475,.F.);
#4762=ORIENTED_EDGE('',*,*,#2192,.F.);
#4763=EDGE_LOOP('',(#4759,#4760,#4761,#4762));
#4764=FACE_BOUND('',#4763,.T.);
#4765=ADVANCED_FACE('',(#4764),#4758,.T.);
#4766=CARTESIAN_POINT('',(5.504766225,96.068951258,101.540531749));
#4767=DIRECTION('',(-0.,1.,0.));
#4768=DIRECTION('',(-1.,-0.,0.));
#4769=AXIS2_PLACEMENT_3D('',#4766,#4767,#4768);
#4770=CYLINDRICAL_SURFACE('',#4769,2.);
#4771=ORIENTED_EDGE('',*,*,#1591,.F.);
#4772=ORIENTED_EDGE('',*,*,#2251,.F.);
#4773=ORIENTED_EDGE('',*,*,#518,.F.);
#4774=ORIENTED_EDGE('',*,*,#2229,.F.);
#4775=EDGE_LOOP('',(#4771,#4772,#4773,#4774));
#4776=FACE_BOUND('',#4775,.T.);
#4777=ADVANCED_FACE('',(#4776),#4770,.T.);
#4778=CARTESIAN_POINT('',(-13.17381716,96.068951258,101.540531749));
#4779=DIRECTION('',(0.,-1.,0.));
#4780=DIRECTION('',(1.,0.,0.));
#4781=AXIS2_PLACEMENT_3D('',#4778,#4779,#4780);
#4782=CYLINDRICAL_SURFACE('',#4781,2.);
#4783=ORIENTED_EDGE('',*,*,#1574,.F.);
#4784=ORIENTED_EDGE('',*,*,#2273,.F.);
#4785=ORIENTED_EDGE('',*,*,#535,.F.);
#4786=ORIENTED_EDGE('',*,*,#2258,.F.);
#4787=EDGE_LOOP('',(#4783,#4784,#4785,#4786));
#4788=FACE_BOUND('',#4787,.T.);
#4789=ADVANCED_FACE('',(#4788),#4782,.T.);
#4790=CARTESIAN_POINT('',(81.030631933,93.068951258,84.519992869));
#4791=DIRECTION('',(0.,-1.,-0.));
#4792=DIRECTION('',(0.,0.,-1.));
#4793=AXIS2_PLACEMENT_3D('',#4790,#4791,#4792);
#4794=PLANE('',#4793);
#4795=CARTESIAN_POINT('',(86.167298983,93.068951258,86.485864591));
#4796=VERTEX_POINT('',#4795);
#4797=CARTESIAN_POINT('',(81.030631933,93.068951258,79.019992869));
#4798=VERTEX_POINT('',#4797);
#4799=CARTESIAN_POINT('',(81.030631933,93.068951258,84.519992869));
#4800=DIRECTION('',(0.,-1.,-0.));
#4801=DIRECTION('',(0.933939463,-0.,0.357431222));
#4802=AXIS2_PLACEMENT_3D('',#4799,#4800,#4801);
#4803=CIRCLE('',#4802,5.5);
#4804=EDGE_CURVE('',#4796,#4798,#4803,.T.);
#4805=ORIENTED_EDGE('',*,*,#4804,.T.);
#4806=CARTESIAN_POINT('',(81.030631933,93.068951258,84.519992869));
#4807=DIRECTION('',(0.,-1.,-0.));
#4808=DIRECTION('',(0.933939463,-0.,0.357431222));
#4809=AXIS2_PLACEMENT_3D('',#4806,#4807,#4808);
#4810=CIRCLE('',#4809,5.5);
#4811=EDGE_CURVE('',#4798,#4796,#4810,.T.);
#4812=ORIENTED_EDGE('',*,*,#4811,.T.);
#4813=EDGE_LOOP('',(#4805,#4812));
#4814=FACE_BOUND('',#4813,.T.);
#4815=ORIENTED_EDGE('',*,*,#57,.T.);
#4816=ORIENTED_EDGE('',*,*,#64,.T.);
#4817=EDGE_LOOP('',(#4815,#4816));
#4818=FACE_BOUND('',#4817,.T.);
#4819=ADVANCED_FACE('',(#4814,#4818),#4794,.T.);
#4820=CARTESIAN_POINT('',(81.030631933,93.068951258,84.519992869));
#4821=DIRECTION('',(0.,-1.,0.));
#4822=DIRECTION('',(0.,0.,-1.));
#4823=AXIS2_PLACEMENT_3D('',#4820,#4821,#4822);
#4824=CYLINDRICAL_SURFACE('',#4823,5.5);
#4825=CARTESIAN_POINT('',(81.030631933,90.368951258,79.019992869));
#4826=DIRECTION('',(-0.,1.,-0.));
#4827=VECTOR('',#4826,2.7);
#4828=LINE('',#4825,#4827);
#4829=EDGE_CURVE('',#75,#4798,#4828,.T.);
#4830=ORIENTED_EDGE('',*,*,#4829,.F.);
#4831=ORIENTED_EDGE('',*,*,#83,.T.);
#4832=ORIENTED_EDGE('',*,*,#90,.T.);
#4833=ORIENTED_EDGE('',*,*,#4829,.T.);
#4834=ORIENTED_EDGE('',*,*,#4804,.F.);
#4835=ORIENTED_EDGE('',*,*,#4811,.F.);
#4836=EDGE_LOOP('',(#4830,#4831,#4832,#4833,#4834,#4835));
#4837=FACE_BOUND('',#4836,.T.);
#4838=ADVANCED_FACE('',(#4837),#4824,.F.);
#4839=CLOSED_SHELL('',(#68,#772,#803,#834,#885,#936,#976,#1016,#1056,#1096,#1901,#1932,#1956,#1980,#1997,#2020,#2042,#2064,#2086,#2108,#2130,#2152,#2174,#2196,#2218,#2240,
#2262,#2284,#2301,#2313,#2330,#2342,#2359,#2371,#2402,#2433,#2464,#2495,#2513,#2531,#2549,#2567,#2589,#2606,#2623,#2640,#2662,#2679,#2696,#2713,#2744,
#2769,#2793,#2818,#2842,#2867,#2891,#2909,#2931,#3078,#3225,#3342,#3459,#3490,#3514,#3538,#3555,#3585,#3597,#3609,#3662,#3701,#3754,#3793,#3825,#3842,
#3877,#3898,#3922,#3947,#3982,#4003,#4015,#4027,#4058,#4089,#4120,#4151,#4169,#4187,#4205,#4223,#4245,#4262,#4279,#4296,#4313,#4330,#4347,#4359,#4381,
#4398,#4415,#4432,#4449,#4466,#4483,#4495,#4518,#4541,#4564,#4587,#4604,#4616,#4633,#4645,#4657,#4669,#4681,#4693,#4705,#4717,#4729,#4741,#4753,#4765,
#4777,#4789,#4819,#4838));
#4840=MANIFOLD_SOLID_BREP('Back Plate with Reset Switch',#4839);
#4841=COLOUR_RGB('',0.960784316,0.929411769,0.721568644);
#4842=FILL_AREA_STYLE_COLOUR('',#4841);
#4843=FILL_AREA_STYLE('',(#4842));
#4844=SURFACE_STYLE_FILL_AREA(#4843);
#4845=SURFACE_SIDE_STYLE('',(#4844));
#4846=SURFACE_STYLE_USAGE(.BOTH.,#4845);
#4847=PRESENTATION_STYLE_ASSIGNMENT((#4846));
#26=STYLED_ITEM('',(#4847),#4840);
#16=SHAPE_REPRESENTATION('root',(#15),#10);
#17=ADVANCED_BREP_SHAPE_REPRESENTATION('root',(#4840),#10);
#4855=SHAPE_REPRESENTATION_RELATIONSHIP('','',#16,#17);
#4856=APPLICATION_CONTEXT('configuration controlled 3D design of mechanical parts and assemblies');
#4857=APPLICATION_PROTOCOL_DEFINITION('international standard','configuration_control_3d_design_ed2_mim',2004,#4856);
#4858=PRODUCT_CONTEXT('',#4856,'mechanical');
#4859=PRODUCT_DEFINITION_CONTEXT('part definition',#4856,'design');
#24=PRODUCT('root','root','',(#4858));
#4860=PRODUCT_RELATED_PRODUCT_CATEGORY('part','',(#24));
#4861=PRODUCT_DEFINITION_FORMATION_WITH_SPECIFIED_SOURCE('','',#24,.NOT_KNOWN.);
#25=PRODUCT_DEFINITION('design','',#4861,#4859);
#23=PRODUCT_DEFINITION_SHAPE('','',#25);
#4862=SHAPE_DEFINITION_REPRESENTATION(#23,#16);
#11=DRAUGHTING_MODEL('',(),#10);
#1=MECHANICAL_DESIGN_GEOMETRIC_PRESENTATION_REPRESENTATION('',(#26),#10);
ENDSEC;
END-ISO-10303-21;
