ISO-10303-21;
HEADER;

/* File generated by HOOPS Exchange Version 24.2.0 */

FILE_DESCRIPTION(('HOOPS Exchange Step'),'2;1');

FILE_NAME('/Users/simonboak/GIT/SB-mini-II/Enclosure/Lid Rev 1/Left Side - Rev 1.stp',
'2026-08-07T22:00:55+01:00',
('simonboak'),
('Unknown organisation'),
'HOOPS Exchange 2024.2',
'HOOPS Exchange',
'Unknown authorisation');

FILE_SCHEMA( ('AP203_CONFIGURATION_CONTROLLED_3D_DESIGN_OF_MECHANICAL_PARTS_AND_ASSEMBLIES_MIM_LF') );

ENDSEC;

DATA;
#3=(NAMED_UNIT(*)PLANE_ANGLE_UNIT()SI_UNIT($,.RADIAN.));
#4=PLANE_ANGLE_MEASURE_WITH_UNIT(PLANE_ANGLE_MEASURE(0.0174532925),#3);
#5=(CONVERSION_BASED_UNIT('DEGREE',#4)NAMED_UNIT(#6)PLANE_ANGLE_UNIT());
#6=DIMENSIONAL_EXPONENTS(0.,0.,0.,0.,0.,0.,0.);
#7=(NAMED_UNIT(*)SI_UNIT($,.STERADIAN.)SOLID_ANGLE_UNIT());
#8=(LENGTH_UNIT()NAMED_UNIT(*)SI_UNIT(.MILLI.,.METRE.));
#9=UNCERTAINTY_MEASURE_WITH_UNIT(LENGTH_MEASURE(1.000000E-05),#8,'DISTANCE_ACCURACY_VALUE','Maximum Tolerance applied to model');
#10=(GEOMETRIC_REPRESENTATION_CONTEXT(3)GLOBAL_UNCERTAINTY_ASSIGNED_CONTEXT((#9))GLOBAL_UNIT_ASSIGNED_CONTEXT((#8,#5,#7))REPRESENTATION_CONTEXT('','root'));
#12=CARTESIAN_POINT('',(0.,0.,0.));
#13=DIRECTION('',(0.,0.,1.));
#14=DIRECTION('',(1.,0.,0.));
#15=AXIS2_PLACEMENT_3D('',#12,#13,#14);
#27=CARTESIAN_POINT('',(-98.943116622,0.70569171,-428.852674659));
#28=DIRECTION('',(-1.,0.,0.));
#29=DIRECTION('',(0.,0.,1.));
#30=AXIS2_PLACEMENT_3D('',#27,#28,#29);
#31=PLANE('',#30);
#32=CARTESIAN_POINT('',(-98.943116622,93.068951258,107.679640309));
#33=VERTEX_POINT('',#32);
#34=CARTESIAN_POINT('',(-98.943116622,75.604339258,107.679640309));
#35=VERTEX_POINT('',#34);
#36=CARTESIAN_POINT('',(-98.943116622,93.068951258,107.679640309));
#37=DIRECTION('',(0.,-1.,0.));
#38=VECTOR('',#37,17.464612);
#39=LINE('',#36,#38);
#40=EDGE_CURVE('',#33,#35,#39,.T.);
#41=ORIENTED_EDGE('',*,*,#40,.T.);
#42=CARTESIAN_POINT('',(-98.943116622,75.604339258,103.679640309));
#43=VERTEX_POINT('',#42);
#44=CARTESIAN_POINT('',(-98.943116622,75.604339258,107.679640309));
#45=DIRECTION('',(0.,0.,-1.));
#46=VECTOR('',#45,4.);
#47=LINE('',#44,#46);
#48=EDGE_CURVE('',#35,#43,#47,.T.);
#49=ORIENTED_EDGE('',*,*,#48,.T.);
#50=CARTESIAN_POINT('',(-98.943116622,85.342432162,103.679640309));
#51=VERTEX_POINT('',#50);
#52=CARTESIAN_POINT('',(-98.943116622,85.342432162,103.679640309));
#53=DIRECTION('',(0.,-1.,0.));
#54=VECTOR('',#53,9.738092905);
#55=LINE('',#52,#54);
#56=EDGE_CURVE('',#51,#43,#55,.T.);
#57=ORIENTED_EDGE('',*,*,#56,.F.);
#58=CARTESIAN_POINT('',(-98.943116622,85.342432162,102.079640309));
#59=VERTEX_POINT('',#58);
#60=CARTESIAN_POINT('',(-98.943116622,85.342432162,102.079640309));
#61=DIRECTION('',(0.,0.,1.));
#62=VECTOR('',#61,1.6);
#63=LINE('',#60,#62);
#64=EDGE_CURVE('',#59,#51,#63,.T.);
#65=ORIENTED_EDGE('',*,*,#64,.F.);
#66=CARTESIAN_POINT('',(-98.943116622,75.604339258,102.079640309));
#67=VERTEX_POINT('',#66);
#68=CARTESIAN_POINT('',(-98.943116622,85.342432162,102.079640309));
#69=DIRECTION('',(0.,-1.,0.));
#70=VECTOR('',#69,9.738092905);
#71=LINE('',#68,#70);
#72=EDGE_CURVE('',#59,#67,#71,.T.);
#73=ORIENTED_EDGE('',*,*,#72,.T.);
#74=CARTESIAN_POINT('',(-98.943116622,75.604339258,102.02278606));
#75=VERTEX_POINT('',#74);
#76=CARTESIAN_POINT('',(-98.943116622,75.604339258,102.079640309));
#77=DIRECTION('',(0.,0.,-1.));
#78=VECTOR('',#77,0.056854249);
#79=LINE('',#76,#78);
#80=EDGE_CURVE('',#67,#75,#79,.T.);
#81=ORIENTED_EDGE('',*,*,#80,.T.);
#82=CARTESIAN_POINT('',(-98.943116622,97.068951258,102.02278606));
#83=VERTEX_POINT('',#82);
#84=CARTESIAN_POINT('',(-98.943116622,97.068951258,102.02278606));
#85=DIRECTION('',(-0.,-1.,-0.));
#86=VECTOR('',#85,21.464612);
#87=LINE('',#84,#86);
#88=EDGE_CURVE('',#83,#75,#87,.T.);
#89=ORIENTED_EDGE('',*,*,#88,.F.);
#90=CARTESIAN_POINT('',(-98.943116622,97.068951258,103.679640309));
#91=VERTEX_POINT('',#90);
#92=CARTESIAN_POINT('',(-98.943116622,97.068951258,102.02278606));
#93=DIRECTION('',(0.,0.,1.));
#94=VECTOR('',#93,1.656854249);
#95=LINE('',#92,#94);
#96=EDGE_CURVE('',#83,#91,#95,.T.);
#97=ORIENTED_EDGE('',*,*,#96,.T.);
#98=CARTESIAN_POINT('',(-98.943116622,93.068951258,103.679640309));
#99=DIRECTION('',(1.,-0.,-0.));
#100=DIRECTION('',(0.,0.,1.));
#101=AXIS2_PLACEMENT_3D('',#98,#99,#100);
#102=CIRCLE('',#101,4.);
#103=EDGE_CURVE('',#91,#33,#102,.T.);
#104=ORIENTED_EDGE('',*,*,#103,.T.);
#105=EDGE_LOOP('',(#41,#49,#57,#65,#73,#81,#89,#97,#104));
#106=FACE_BOUND('',#105,.T.);
#107=ADVANCED_FACE('',(#106),#31,.F.);
#108=CARTESIAN_POINT('',(-98.943116622,0.70569171,-428.852674659));
#109=DIRECTION('',(-1.,0.,0.));
#110=DIRECTION('',(0.,0.,1.));
#111=AXIS2_PLACEMENT_3D('',#108,#109,#110);
#112=PLANE('',#111);
#113=CARTESIAN_POINT('',(-98.943116622,71.104339258,102.02278606));
#114=VERTEX_POINT('',#113);
#115=CARTESIAN_POINT('',(-98.943116622,65.604339258,102.02278606));
#116=VERTEX_POINT('',#115);
#117=CARTESIAN_POINT('',(-98.943116622,71.104339258,102.02278606));
#118=DIRECTION('',(-0.,-1.,-0.));
#119=VECTOR('',#118,5.5);
#120=LINE('',#117,#119);
#121=EDGE_CURVE('',#114,#116,#120,.T.);
#122=ORIENTED_EDGE('',*,*,#121,.F.);
#123=CARTESIAN_POINT('',(-98.943116622,71.104339258,102.079640309));
#124=VERTEX_POINT('',#123);
#125=CARTESIAN_POINT('',(-98.943116622,71.104339258,102.02278606));
#126=DIRECTION('',(0.,0.,1.));
#127=VECTOR('',#126,0.056854249);
#128=LINE('',#125,#127);
#129=EDGE_CURVE('',#114,#124,#128,.T.);
#130=ORIENTED_EDGE('',*,*,#129,.T.);
#131=CARTESIAN_POINT('',(-98.943116622,65.604339258,102.079640309));
#132=VERTEX_POINT('',#131);
#133=CARTESIAN_POINT('',(-98.943116622,71.104339258,102.079640309));
#134=DIRECTION('',(0.,-1.,0.));
#135=VECTOR('',#134,5.5);
#136=LINE('',#133,#135);
#137=EDGE_CURVE('',#124,#132,#136,.T.);
#138=ORIENTED_EDGE('',*,*,#137,.T.);
#139=CARTESIAN_POINT('',(-98.943116622,65.604339258,102.079640309));
#140=DIRECTION('',(0.,0.,-1.));
#141=VECTOR('',#140,0.056854249);
#142=LINE('',#139,#141);
#143=EDGE_CURVE('',#132,#116,#142,.T.);
#144=ORIENTED_EDGE('',*,*,#143,.T.);
#145=EDGE_LOOP('',(#122,#130,#138,#144));
#146=FACE_BOUND('',#145,.T.);
#147=ADVANCED_FACE('',(#146),#112,.F.);
#148=CARTESIAN_POINT('',(-98.943116622,0.70569171,-428.852674659));
#149=DIRECTION('',(-1.,0.,0.));
#150=DIRECTION('',(0.,0.,1.));
#151=AXIS2_PLACEMENT_3D('',#148,#149,#150);
#152=PLANE('',#151);
#153=CARTESIAN_POINT('',(-98.943116622,71.104339258,103.679640309));
#154=VERTEX_POINT('',#153);
#155=CARTESIAN_POINT('',(-98.943116622,65.604339258,103.679640309));
#156=VERTEX_POINT('',#155);
#157=CARTESIAN_POINT('',(-98.943116622,71.104339258,103.679640309));
#158=DIRECTION('',(0.,-1.,0.));
#159=VECTOR('',#158,5.5);
#160=LINE('',#157,#159);
#161=EDGE_CURVE('',#154,#156,#160,.T.);
#162=ORIENTED_EDGE('',*,*,#161,.F.);
#163=CARTESIAN_POINT('',(-98.943116622,71.104339258,107.679640309));
#164=VERTEX_POINT('',#163);
#165=CARTESIAN_POINT('',(-98.943116622,71.104339258,103.679640309));
#166=DIRECTION('',(0.,0.,1.));
#167=VECTOR('',#166,4.);
#168=LINE('',#165,#167);
#169=EDGE_CURVE('',#154,#164,#168,.T.);
#170=ORIENTED_EDGE('',*,*,#169,.T.);
#171=CARTESIAN_POINT('',(-98.943116622,65.604339258,107.679640309));
#172=VERTEX_POINT('',#171);
#173=CARTESIAN_POINT('',(-98.943116622,71.104339258,107.679640309));
#174=DIRECTION('',(0.,-1.,0.));
#175=VECTOR('',#174,5.5);
#176=LINE('',#173,#175);
#177=EDGE_CURVE('',#164,#172,#176,.T.);
#178=ORIENTED_EDGE('',*,*,#177,.T.);
#179=CARTESIAN_POINT('',(-98.943116622,65.604339258,107.679640309));
#180=DIRECTION('',(0.,0.,-1.));
#181=VECTOR('',#180,4.);
#182=LINE('',#179,#181);
#183=EDGE_CURVE('',#172,#156,#182,.T.);
#184=ORIENTED_EDGE('',*,*,#183,.T.);
#185=EDGE_LOOP('',(#162,#170,#178,#184));
#186=FACE_BOUND('',#185,.T.);
#187=ADVANCED_FACE('',(#186),#152,.F.);
#188=CARTESIAN_POINT('',(-98.943116622,0.70569171,-428.852674659));
#189=DIRECTION('',(-1.,0.,0.));
#190=DIRECTION('',(0.,0.,1.));
#191=AXIS2_PLACEMENT_3D('',#188,#189,#190);
#192=PLANE('',#191);
#193=CARTESIAN_POINT('',(-98.943116622,61.104339258,102.02278606));
#194=VERTEX_POINT('',#193);
#195=CARTESIAN_POINT('',(-98.943116622,55.604339258,102.02278606));
#196=VERTEX_POINT('',#195);
#197=CARTESIAN_POINT('',(-98.943116622,61.104339258,102.02278606));
#198=DIRECTION('',(-0.,-1.,-0.));
#199=VECTOR('',#198,5.5);
#200=LINE('',#197,#199);
#201=EDGE_CURVE('',#194,#196,#200,.T.);
#202=ORIENTED_EDGE('',*,*,#201,.F.);
#203=CARTESIAN_POINT('',(-98.943116622,61.104339258,102.079640309));
#204=VERTEX_POINT('',#203);
#205=CARTESIAN_POINT('',(-98.943116622,61.104339258,102.02278606));
#206=DIRECTION('',(0.,0.,1.));
#207=VECTOR('',#206,0.056854249);
#208=LINE('',#205,#207);
#209=EDGE_CURVE('',#194,#204,#208,.T.);
#210=ORIENTED_EDGE('',*,*,#209,.T.);
#211=CARTESIAN_POINT('',(-98.943116622,55.604339258,102.079640309));
#212=VERTEX_POINT('',#211);
#213=CARTESIAN_POINT('',(-98.943116622,61.104339258,102.079640309));
#214=DIRECTION('',(0.,-1.,0.));
#215=VECTOR('',#214,5.5);
#216=LINE('',#213,#215);
#217=EDGE_CURVE('',#204,#212,#216,.T.);
#218=ORIENTED_EDGE('',*,*,#217,.T.);
#219=CARTESIAN_POINT('',(-98.943116622,55.604339258,102.079640309));
#220=DIRECTION('',(0.,0.,-1.));
#221=VECTOR('',#220,0.056854249);
#222=LINE('',#219,#221);
#223=EDGE_CURVE('',#212,#196,#222,.T.);
#224=ORIENTED_EDGE('',*,*,#223,.T.);
#225=EDGE_LOOP('',(#202,#210,#218,#224));
#226=FACE_BOUND('',#225,.T.);
#227=ADVANCED_FACE('',(#226),#192,.F.);
#228=CARTESIAN_POINT('',(-98.943116622,0.70569171,-428.852674659));
#229=DIRECTION('',(-1.,0.,0.));
#230=DIRECTION('',(0.,0.,1.));
#231=AXIS2_PLACEMENT_3D('',#228,#229,#230);
#232=PLANE('',#231);
#233=CARTESIAN_POINT('',(-98.943116622,61.104339258,103.679640309));
#234=VERTEX_POINT('',#233);
#235=CARTESIAN_POINT('',(-98.943116622,55.604339258,103.679640309));
#236=VERTEX_POINT('',#235);
#237=CARTESIAN_POINT('',(-98.943116622,61.104339258,103.679640309));
#238=DIRECTION('',(0.,-1.,0.));
#239=VECTOR('',#238,5.5);
#240=LINE('',#237,#239);
#241=EDGE_CURVE('',#234,#236,#240,.T.);
#242=ORIENTED_EDGE('',*,*,#241,.F.);
#243=CARTESIAN_POINT('',(-98.943116622,61.104339258,107.679640309));
#244=VERTEX_POINT('',#243);
#245=CARTESIAN_POINT('',(-98.943116622,61.104339258,103.679640309));
#246=DIRECTION('',(0.,0.,1.));
#247=VECTOR('',#246,4.);
#248=LINE('',#245,#247);
#249=EDGE_CURVE('',#234,#244,#248,.T.);
#250=ORIENTED_EDGE('',*,*,#249,.T.);
#251=CARTESIAN_POINT('',(-98.943116622,55.604339258,107.679640309));
#252=VERTEX_POINT('',#251);
#253=CARTESIAN_POINT('',(-98.943116622,61.104339258,107.679640309));
#254=DIRECTION('',(0.,-1.,0.));
#255=VECTOR('',#254,5.5);
#256=LINE('',#253,#255);
#257=EDGE_CURVE('',#244,#252,#256,.T.);
#258=ORIENTED_EDGE('',*,*,#257,.T.);
#259=CARTESIAN_POINT('',(-98.943116622,55.604339258,107.679640309));
#260=DIRECTION('',(0.,0.,-1.));
#261=VECTOR('',#260,4.);
#262=LINE('',#259,#261);
#263=EDGE_CURVE('',#252,#236,#262,.T.);
#264=ORIENTED_EDGE('',*,*,#263,.T.);
#265=EDGE_LOOP('',(#242,#250,#258,#264));
#266=FACE_BOUND('',#265,.T.);
#267=ADVANCED_FACE('',(#266),#232,.F.);
#268=CARTESIAN_POINT('',(-98.943116622,0.70569171,-428.852674659));
#269=DIRECTION('',(-1.,0.,0.));
#270=DIRECTION('',(0.,0.,1.));
#271=AXIS2_PLACEMENT_3D('',#268,#269,#270);
#272=PLANE('',#271);
#273=CARTESIAN_POINT('',(-98.943116622,51.104339258,102.02278606));
#274=VERTEX_POINT('',#273);
#275=CARTESIAN_POINT('',(-98.943116622,45.604339258,102.02278606));
#276=VERTEX_POINT('',#275);
#277=CARTESIAN_POINT('',(-98.943116622,51.104339258,102.02278606));
#278=DIRECTION('',(-0.,-1.,-0.));
#279=VECTOR('',#278,5.5);
#280=LINE('',#277,#279);
#281=EDGE_CURVE('',#274,#276,#280,.T.);
#282=ORIENTED_EDGE('',*,*,#281,.F.);
#283=CARTESIAN_POINT('',(-98.943116622,51.104339258,102.079640309));
#284=VERTEX_POINT('',#283);
#285=CARTESIAN_POINT('',(-98.943116622,51.104339258,102.02278606));
#286=DIRECTION('',(0.,0.,1.));
#287=VECTOR('',#286,0.056854249);
#288=LINE('',#285,#287);
#289=EDGE_CURVE('',#274,#284,#288,.T.);
#290=ORIENTED_EDGE('',*,*,#289,.T.);
#291=CARTESIAN_POINT('',(-98.943116622,45.604339258,102.079640309));
#292=VERTEX_POINT('',#291);
#293=CARTESIAN_POINT('',(-98.943116622,51.104339258,102.079640309));
#294=DIRECTION('',(0.,-1.,0.));
#295=VECTOR('',#294,5.5);
#296=LINE('',#293,#295);
#297=EDGE_CURVE('',#284,#292,#296,.T.);
#298=ORIENTED_EDGE('',*,*,#297,.T.);
#299=CARTESIAN_POINT('',(-98.943116622,45.604339258,102.079640309));
#300=DIRECTION('',(0.,0.,-1.));
#301=VECTOR('',#300,0.056854249);
#302=LINE('',#299,#301);
#303=EDGE_CURVE('',#292,#276,#302,.T.);
#304=ORIENTED_EDGE('',*,*,#303,.T.);
#305=EDGE_LOOP('',(#282,#290,#298,#304));
#306=FACE_BOUND('',#305,.T.);
#307=ADVANCED_FACE('',(#306),#272,.F.);
#308=CARTESIAN_POINT('',(-98.943116622,0.70569171,-428.852674659));
#309=DIRECTION('',(-1.,0.,0.));
#310=DIRECTION('',(0.,0.,1.));
#311=AXIS2_PLACEMENT_3D('',#308,#309,#310);
#312=PLANE('',#311);
#313=CARTESIAN_POINT('',(-98.943116622,51.104339258,103.679640309));
#314=VERTEX_POINT('',#313);
#315=CARTESIAN_POINT('',(-98.943116622,45.604339258,103.679640309));
#316=VERTEX_POINT('',#315);
#317=CARTESIAN_POINT('',(-98.943116622,51.104339258,103.679640309));
#318=DIRECTION('',(0.,-1.,0.));
#319=VECTOR('',#318,5.5);
#320=LINE('',#317,#319);
#321=EDGE_CURVE('',#314,#316,#320,.T.);
#322=ORIENTED_EDGE('',*,*,#321,.F.);
#323=CARTESIAN_POINT('',(-98.943116622,51.104339258,107.679640309));
#324=VERTEX_POINT('',#323);
#325=CARTESIAN_POINT('',(-98.943116622,51.104339258,103.679640309));
#326=DIRECTION('',(0.,0.,1.));
#327=VECTOR('',#326,4.);
#328=LINE('',#325,#327);
#329=EDGE_CURVE('',#314,#324,#328,.T.);
#330=ORIENTED_EDGE('',*,*,#329,.T.);
#331=CARTESIAN_POINT('',(-98.943116622,45.604339258,107.679640309));
#332=VERTEX_POINT('',#331);
#333=CARTESIAN_POINT('',(-98.943116622,51.104339258,107.679640309));
#334=DIRECTION('',(0.,-1.,0.));
#335=VECTOR('',#334,5.5);
#336=LINE('',#333,#335);
#337=EDGE_CURVE('',#324,#332,#336,.T.);
#338=ORIENTED_EDGE('',*,*,#337,.T.);
#339=CARTESIAN_POINT('',(-98.943116622,45.604339258,107.679640309));
#340=DIRECTION('',(0.,0.,-1.));
#341=VECTOR('',#340,4.);
#342=LINE('',#339,#341);
#343=EDGE_CURVE('',#332,#316,#342,.T.);
#344=ORIENTED_EDGE('',*,*,#343,.T.);
#345=EDGE_LOOP('',(#322,#330,#338,#344));
#346=FACE_BOUND('',#345,.T.);
#347=ADVANCED_FACE('',(#346),#312,.F.);
#348=CARTESIAN_POINT('',(-98.943116622,0.70569171,-428.852674659));
#349=DIRECTION('',(-1.,0.,0.));
#350=DIRECTION('',(0.,0.,1.));
#351=AXIS2_PLACEMENT_3D('',#348,#349,#350);
#352=PLANE('',#351);
#353=CARTESIAN_POINT('',(-98.943116622,41.104339258,102.02278606));
#354=VERTEX_POINT('',#353);
#355=CARTESIAN_POINT('',(-98.943116622,35.604339258,102.02278606));
#356=VERTEX_POINT('',#355);
#357=CARTESIAN_POINT('',(-98.943116622,41.104339258,102.02278606));
#358=DIRECTION('',(-0.,-1.,-0.));
#359=VECTOR('',#358,5.5);
#360=LINE('',#357,#359);
#361=EDGE_CURVE('',#354,#356,#360,.T.);
#362=ORIENTED_EDGE('',*,*,#361,.F.);
#363=CARTESIAN_POINT('',(-98.943116622,41.104339258,102.079640309));
#364=VERTEX_POINT('',#363);
#365=CARTESIAN_POINT('',(-98.943116622,41.104339258,102.02278606));
#366=DIRECTION('',(0.,0.,1.));
#367=VECTOR('',#366,0.056854249);
#368=LINE('',#365,#367);
#369=EDGE_CURVE('',#354,#364,#368,.T.);
#370=ORIENTED_EDGE('',*,*,#369,.T.);
#371=CARTESIAN_POINT('',(-98.943116622,35.604339258,102.079640309));
#372=VERTEX_POINT('',#371);
#373=CARTESIAN_POINT('',(-98.943116622,41.104339258,102.079640309));
#374=DIRECTION('',(0.,-1.,0.));
#375=VECTOR('',#374,5.5);
#376=LINE('',#373,#375);
#377=EDGE_CURVE('',#364,#372,#376,.T.);
#378=ORIENTED_EDGE('',*,*,#377,.T.);
#379=CARTESIAN_POINT('',(-98.943116622,35.604339258,102.079640309));
#380=DIRECTION('',(0.,0.,-1.));
#381=VECTOR('',#380,0.056854249);
#382=LINE('',#379,#381);
#383=EDGE_CURVE('',#372,#356,#382,.T.);
#384=ORIENTED_EDGE('',*,*,#383,.T.);
#385=EDGE_LOOP('',(#362,#370,#378,#384));
#386=FACE_BOUND('',#385,.T.);
#387=ADVANCED_FACE('',(#386),#352,.F.);
#388=CARTESIAN_POINT('',(-98.943116622,0.70569171,-428.852674659));
#389=DIRECTION('',(-1.,0.,0.));
#390=DIRECTION('',(0.,0.,1.));
#391=AXIS2_PLACEMENT_3D('',#388,#389,#390);
#392=PLANE('',#391);
#393=CARTESIAN_POINT('',(-98.943116622,41.104339258,103.679640309));
#394=VERTEX_POINT('',#393);
#395=CARTESIAN_POINT('',(-98.943116622,35.604339258,103.679640309));
#396=VERTEX_POINT('',#395);
#397=CARTESIAN_POINT('',(-98.943116622,41.104339258,103.679640309));
#398=DIRECTION('',(0.,-1.,0.));
#399=VECTOR('',#398,5.5);
#400=LINE('',#397,#399);
#401=EDGE_CURVE('',#394,#396,#400,.T.);
#402=ORIENTED_EDGE('',*,*,#401,.F.);
#403=CARTESIAN_POINT('',(-98.943116622,41.104339258,107.679640309));
#404=VERTEX_POINT('',#403);
#405=CARTESIAN_POINT('',(-98.943116622,41.104339258,103.679640309));
#406=DIRECTION('',(0.,0.,1.));
#407=VECTOR('',#406,4.);
#408=LINE('',#405,#407);
#409=EDGE_CURVE('',#394,#404,#408,.T.);
#410=ORIENTED_EDGE('',*,*,#409,.T.);
#411=CARTESIAN_POINT('',(-98.943116622,35.604339258,107.679640309));
#412=VERTEX_POINT('',#411);
#413=CARTESIAN_POINT('',(-98.943116622,41.104339258,107.679640309));
#414=DIRECTION('',(0.,-1.,0.));
#415=VECTOR('',#414,5.5);
#416=LINE('',#413,#415);
#417=EDGE_CURVE('',#404,#412,#416,.T.);
#418=ORIENTED_EDGE('',*,*,#417,.T.);
#419=CARTESIAN_POINT('',(-98.943116622,35.604339258,107.679640309));
#420=DIRECTION('',(0.,0.,-1.));
#421=VECTOR('',#420,4.);
#422=LINE('',#419,#421);
#423=EDGE_CURVE('',#412,#396,#422,.T.);
#424=ORIENTED_EDGE('',*,*,#423,.T.);
#425=EDGE_LOOP('',(#402,#410,#418,#424));
#426=FACE_BOUND('',#425,.T.);
#427=ADVANCED_FACE('',(#426),#392,.F.);
#428=CARTESIAN_POINT('',(-98.943116622,0.70569171,-428.852674659));
#429=DIRECTION('',(-1.,0.,0.));
#430=DIRECTION('',(0.,0.,1.));
#431=AXIS2_PLACEMENT_3D('',#428,#429,#430);
#432=PLANE('',#431);
#433=CARTESIAN_POINT('',(-98.943116622,31.104339258,102.02278606));
#434=VERTEX_POINT('',#433);
#435=CARTESIAN_POINT('',(-98.943116622,25.604339258,102.02278606));
#436=VERTEX_POINT('',#435);
#437=CARTESIAN_POINT('',(-98.943116622,31.104339258,102.02278606));
#438=DIRECTION('',(-0.,-1.,-0.));
#439=VECTOR('',#438,5.5);
#440=LINE('',#437,#439);
#441=EDGE_CURVE('',#434,#436,#440,.T.);
#442=ORIENTED_EDGE('',*,*,#441,.F.);
#443=CARTESIAN_POINT('',(-98.943116622,31.104339258,102.079640309));
#444=VERTEX_POINT('',#443);
#445=CARTESIAN_POINT('',(-98.943116622,31.104339258,102.02278606));
#446=DIRECTION('',(0.,0.,1.));
#447=VECTOR('',#446,0.056854249);
#448=LINE('',#445,#447);
#449=EDGE_CURVE('',#434,#444,#448,.T.);
#450=ORIENTED_EDGE('',*,*,#449,.T.);
#451=CARTESIAN_POINT('',(-98.943116622,25.604339258,102.079640309));
#452=VERTEX_POINT('',#451);
#453=CARTESIAN_POINT('',(-98.943116622,31.104339258,102.079640309));
#454=DIRECTION('',(0.,-1.,0.));
#455=VECTOR('',#454,5.5);
#456=LINE('',#453,#455);
#457=EDGE_CURVE('',#444,#452,#456,.T.);
#458=ORIENTED_EDGE('',*,*,#457,.T.);
#459=CARTESIAN_POINT('',(-98.943116622,25.604339258,102.079640309));
#460=DIRECTION('',(0.,0.,-1.));
#461=VECTOR('',#460,0.056854249);
#462=LINE('',#459,#461);
#463=EDGE_CURVE('',#452,#436,#462,.T.);
#464=ORIENTED_EDGE('',*,*,#463,.T.);
#465=EDGE_LOOP('',(#442,#450,#458,#464));
#466=FACE_BOUND('',#465,.T.);
#467=ADVANCED_FACE('',(#466),#432,.F.);
#468=CARTESIAN_POINT('',(-98.943116622,0.70569171,-428.852674659));
#469=DIRECTION('',(-1.,0.,0.));
#470=DIRECTION('',(0.,0.,1.));
#471=AXIS2_PLACEMENT_3D('',#468,#469,#470);
#472=PLANE('',#471);
#473=CARTESIAN_POINT('',(-98.943116622,31.104339258,103.679640309));
#474=VERTEX_POINT('',#473);
#475=CARTESIAN_POINT('',(-98.943116622,25.604339258,103.679640309));
#476=VERTEX_POINT('',#475);
#477=CARTESIAN_POINT('',(-98.943116622,31.104339258,103.679640309));
#478=DIRECTION('',(0.,-1.,0.));
#479=VECTOR('',#478,5.5);
#480=LINE('',#477,#479);
#481=EDGE_CURVE('',#474,#476,#480,.T.);
#482=ORIENTED_EDGE('',*,*,#481,.F.);
#483=CARTESIAN_POINT('',(-98.943116622,31.104339258,107.679640309));
#484=VERTEX_POINT('',#483);
#485=CARTESIAN_POINT('',(-98.943116622,31.104339258,103.679640309));
#486=DIRECTION('',(0.,0.,1.));
#487=VECTOR('',#486,4.);
#488=LINE('',#485,#487);
#489=EDGE_CURVE('',#474,#484,#488,.T.);
#490=ORIENTED_EDGE('',*,*,#489,.T.);
#491=CARTESIAN_POINT('',(-98.943116622,25.604339258,107.679640309));
#492=VERTEX_POINT('',#491);
#493=CARTESIAN_POINT('',(-98.943116622,31.104339258,107.679640309));
#494=DIRECTION('',(0.,-1.,0.));
#495=VECTOR('',#494,5.5);
#496=LINE('',#493,#495);
#497=EDGE_CURVE('',#484,#492,#496,.T.);
#498=ORIENTED_EDGE('',*,*,#497,.T.);
#499=CARTESIAN_POINT('',(-98.943116622,25.604339258,107.679640309));
#500=DIRECTION('',(0.,0.,-1.));
#501=VECTOR('',#500,4.);
#502=LINE('',#499,#501);
#503=EDGE_CURVE('',#492,#476,#502,.T.);
#504=ORIENTED_EDGE('',*,*,#503,.T.);
#505=EDGE_LOOP('',(#482,#490,#498,#504));
#506=FACE_BOUND('',#505,.T.);
#507=ADVANCED_FACE('',(#506),#472,.F.);
#508=CARTESIAN_POINT('',(-98.943116622,0.70569171,-428.852674659));
#509=DIRECTION('',(-1.,0.,0.));
#510=DIRECTION('',(0.,0.,1.));
#511=AXIS2_PLACEMENT_3D('',#508,#509,#510);
#512=PLANE('',#511);
#513=CARTESIAN_POINT('',(-98.943116622,21.104339258,102.02278606));
#514=VERTEX_POINT('',#513);
#515=CARTESIAN_POINT('',(-98.943116622,15.604339258,102.02278606));
#516=VERTEX_POINT('',#515);
#517=CARTESIAN_POINT('',(-98.943116622,21.104339258,102.02278606));
#518=DIRECTION('',(-0.,-1.,-0.));
#519=VECTOR('',#518,5.5);
#520=LINE('',#517,#519);
#521=EDGE_CURVE('',#514,#516,#520,.T.);
#522=ORIENTED_EDGE('',*,*,#521,.F.);
#523=CARTESIAN_POINT('',(-98.943116622,21.104339258,102.079640309));
#524=VERTEX_POINT('',#523);
#525=CARTESIAN_POINT('',(-98.943116622,21.104339258,102.02278606));
#526=DIRECTION('',(0.,0.,1.));
#527=VECTOR('',#526,0.056854249);
#528=LINE('',#525,#527);
#529=EDGE_CURVE('',#514,#524,#528,.T.);
#530=ORIENTED_EDGE('',*,*,#529,.T.);
#531=CARTESIAN_POINT('',(-98.943116622,15.604339258,102.079640309));
#532=VERTEX_POINT('',#531);
#533=CARTESIAN_POINT('',(-98.943116622,21.104339258,102.079640309));
#534=DIRECTION('',(0.,-1.,0.));
#535=VECTOR('',#534,5.5);
#536=LINE('',#533,#535);
#537=EDGE_CURVE('',#524,#532,#536,.T.);
#538=ORIENTED_EDGE('',*,*,#537,.T.);
#539=CARTESIAN_POINT('',(-98.943116622,15.604339258,102.079640309));
#540=DIRECTION('',(0.,0.,-1.));
#541=VECTOR('',#540,0.056854249);
#542=LINE('',#539,#541);
#543=EDGE_CURVE('',#532,#516,#542,.T.);
#544=ORIENTED_EDGE('',*,*,#543,.T.);
#545=EDGE_LOOP('',(#522,#530,#538,#544));
#546=FACE_BOUND('',#545,.T.);
#547=ADVANCED_FACE('',(#546),#512,.F.);
#548=CARTESIAN_POINT('',(-98.943116622,0.70569171,-428.852674659));
#549=DIRECTION('',(-1.,0.,0.));
#550=DIRECTION('',(0.,0.,1.));
#551=AXIS2_PLACEMENT_3D('',#548,#549,#550);
#552=PLANE('',#551);
#553=CARTESIAN_POINT('',(-98.943116622,21.104339258,103.679640309));
#554=VERTEX_POINT('',#553);
#555=CARTESIAN_POINT('',(-98.943116622,15.604339258,103.679640309));
#556=VERTEX_POINT('',#555);
#557=CARTESIAN_POINT('',(-98.943116622,21.104339258,103.679640309));
#558=DIRECTION('',(0.,-1.,0.));
#559=VECTOR('',#558,5.5);
#560=LINE('',#557,#559);
#561=EDGE_CURVE('',#554,#556,#560,.T.);
#562=ORIENTED_EDGE('',*,*,#561,.F.);
#563=CARTESIAN_POINT('',(-98.943116622,21.104339258,107.679640309));
#564=VERTEX_POINT('',#563);
#565=CARTESIAN_POINT('',(-98.943116622,21.104339258,103.679640309));
#566=DIRECTION('',(0.,0.,1.));
#567=VECTOR('',#566,4.);
#568=LINE('',#565,#567);
#569=EDGE_CURVE('',#554,#564,#568,.T.);
#570=ORIENTED_EDGE('',*,*,#569,.T.);
#571=CARTESIAN_POINT('',(-98.943116622,15.604339258,107.679640309));
#572=VERTEX_POINT('',#571);
#573=CARTESIAN_POINT('',(-98.943116622,21.104339258,107.679640309));
#574=DIRECTION('',(0.,-1.,0.));
#575=VECTOR('',#574,5.5);
#576=LINE('',#573,#575);
#577=EDGE_CURVE('',#564,#572,#576,.T.);
#578=ORIENTED_EDGE('',*,*,#577,.T.);
#579=CARTESIAN_POINT('',(-98.943116622,15.604339258,107.679640309));
#580=DIRECTION('',(0.,0.,-1.));
#581=VECTOR('',#580,4.);
#582=LINE('',#579,#581);
#583=EDGE_CURVE('',#572,#556,#582,.T.);
#584=ORIENTED_EDGE('',*,*,#583,.T.);
#585=EDGE_LOOP('',(#562,#570,#578,#584));
#586=FACE_BOUND('',#585,.T.);
#587=ADVANCED_FACE('',(#586),#552,.F.);
#588=CARTESIAN_POINT('',(-98.943116622,0.70569171,-428.852674659));
#589=DIRECTION('',(-1.,0.,0.));
#590=DIRECTION('',(0.,0.,1.));
#591=AXIS2_PLACEMENT_3D('',#588,#589,#590);
#592=PLANE('',#591);
#593=CARTESIAN_POINT('',(-98.943116622,11.104339258,102.02278606));
#594=VERTEX_POINT('',#593);
#595=CARTESIAN_POINT('',(-98.943116622,5.604339258,102.02278606));
#596=VERTEX_POINT('',#595);
#597=CARTESIAN_POINT('',(-98.943116622,11.104339258,102.02278606));
#598=DIRECTION('',(-0.,-1.,-0.));
#599=VECTOR('',#598,5.5);
#600=LINE('',#597,#599);
#601=EDGE_CURVE('',#594,#596,#600,.T.);
#602=ORIENTED_EDGE('',*,*,#601,.F.);
#603=CARTESIAN_POINT('',(-98.943116622,11.104339258,102.079640309));
#604=VERTEX_POINT('',#603);
#605=CARTESIAN_POINT('',(-98.943116622,11.104339258,102.02278606));
#606=DIRECTION('',(0.,0.,1.));
#607=VECTOR('',#606,0.056854249);
#608=LINE('',#605,#607);
#609=EDGE_CURVE('',#594,#604,#608,.T.);
#610=ORIENTED_EDGE('',*,*,#609,.T.);
#611=CARTESIAN_POINT('',(-98.943116622,5.604339258,102.079640309));
#612=VERTEX_POINT('',#611);
#613=CARTESIAN_POINT('',(-98.943116622,11.104339258,102.079640309));
#614=DIRECTION('',(0.,-1.,0.));
#615=VECTOR('',#614,5.5);
#616=LINE('',#613,#615);
#617=EDGE_CURVE('',#604,#612,#616,.T.);
#618=ORIENTED_EDGE('',*,*,#617,.T.);
#619=CARTESIAN_POINT('',(-98.943116622,5.604339258,102.079640309));
#620=DIRECTION('',(0.,0.,-1.));
#621=VECTOR('',#620,0.056854249);
#622=LINE('',#619,#621);
#623=EDGE_CURVE('',#612,#596,#622,.T.);
#624=ORIENTED_EDGE('',*,*,#623,.T.);
#625=EDGE_LOOP('',(#602,#610,#618,#624));
#626=FACE_BOUND('',#625,.T.);
#627=ADVANCED_FACE('',(#626),#592,.F.);
#628=CARTESIAN_POINT('',(-98.943116622,0.70569171,-428.852674659));
#629=DIRECTION('',(-1.,0.,0.));
#630=DIRECTION('',(0.,0.,1.));
#631=AXIS2_PLACEMENT_3D('',#628,#629,#630);
#632=PLANE('',#631);
#633=CARTESIAN_POINT('',(-98.943116622,11.104339258,103.679640309));
#634=VERTEX_POINT('',#633);
#635=CARTESIAN_POINT('',(-98.943116622,5.604339258,103.679640309));
#636=VERTEX_POINT('',#635);
#637=CARTESIAN_POINT('',(-98.943116622,11.104339258,103.679640309));
#638=DIRECTION('',(0.,-1.,0.));
#639=VECTOR('',#638,5.5);
#640=LINE('',#637,#639);
#641=EDGE_CURVE('',#634,#636,#640,.T.);
#642=ORIENTED_EDGE('',*,*,#641,.F.);
#643=CARTESIAN_POINT('',(-98.943116622,11.104339258,107.679640309));
#644=VERTEX_POINT('',#643);
#645=CARTESIAN_POINT('',(-98.943116622,11.104339258,103.679640309));
#646=DIRECTION('',(0.,0.,1.));
#647=VECTOR('',#646,4.);
#648=LINE('',#645,#647);
#649=EDGE_CURVE('',#634,#644,#648,.T.);
#650=ORIENTED_EDGE('',*,*,#649,.T.);
#651=CARTESIAN_POINT('',(-98.943116622,5.604339258,107.679640309));
#652=VERTEX_POINT('',#651);
#653=CARTESIAN_POINT('',(-98.943116622,11.104339258,107.679640309));
#654=DIRECTION('',(0.,-1.,0.));
#655=VECTOR('',#654,5.5);
#656=LINE('',#653,#655);
#657=EDGE_CURVE('',#644,#652,#656,.T.);
#658=ORIENTED_EDGE('',*,*,#657,.T.);
#659=CARTESIAN_POINT('',(-98.943116622,5.604339258,107.679640309));
#660=DIRECTION('',(0.,0.,-1.));
#661=VECTOR('',#660,4.);
#662=LINE('',#659,#661);
#663=EDGE_CURVE('',#652,#636,#662,.T.);
#664=ORIENTED_EDGE('',*,*,#663,.T.);
#665=EDGE_LOOP('',(#642,#650,#658,#664));
#666=FACE_BOUND('',#665,.T.);
#667=ADVANCED_FACE('',(#666),#632,.F.);
#668=CARTESIAN_POINT('',(-101.114689498,0.70569171,99.851213185));
#669=DIRECTION('',(0.707106781,0.,-0.707106781));
#670=DIRECTION('',(0.,1.,0.));
#671=AXIS2_PLACEMENT_3D('',#668,#669,#670);
#672=PLANE('',#671);
#673=ORIENTED_EDGE('',*,*,#88,.T.);
#674=CARTESIAN_POINT('',(-99.943116622,75.604339258,101.02278606));
#675=VERTEX_POINT('',#674);
#676=CARTESIAN_POINT('',(-98.943116622,75.604339258,102.02278606));
#677=DIRECTION('',(-0.707106781,-0.,-0.707106781));
#678=VECTOR('',#677,1.414213562);
#679=LINE('',#676,#678);
#680=EDGE_CURVE('',#75,#675,#679,.T.);
#681=ORIENTED_EDGE('',*,*,#680,.T.);
#682=CARTESIAN_POINT('',(-99.943116622,97.068951258,101.02278606));
#683=VERTEX_POINT('',#682);
#684=CARTESIAN_POINT('',(-99.943116622,75.604339258,101.02278606));
#685=DIRECTION('',(-0.,1.,-0.));
#686=VECTOR('',#685,21.464612);
#687=LINE('',#684,#686);
#688=EDGE_CURVE('',#675,#683,#687,.T.);
#689=ORIENTED_EDGE('',*,*,#688,.T.);
#690=CARTESIAN_POINT('',(-99.943116622,97.068951258,101.02278606));
#691=DIRECTION('',(0.707106781,-0.,0.707106781));
#692=VECTOR('',#691,1.414213562);
#693=LINE('',#690,#692);
#694=EDGE_CURVE('',#683,#83,#693,.T.);
#695=ORIENTED_EDGE('',*,*,#694,.T.);
#696=EDGE_LOOP('',(#673,#681,#689,#695));
#697=FACE_BOUND('',#696,.T.);
#698=ADVANCED_FACE('',(#697),#672,.T.);
#699=CARTESIAN_POINT('',(-101.114689498,0.70569171,99.851213185));
#700=DIRECTION('',(0.707106781,0.,-0.707106781));
#701=DIRECTION('',(0.,1.,0.));
#702=AXIS2_PLACEMENT_3D('',#699,#700,#701);
#703=PLANE('',#702);
#704=CARTESIAN_POINT('',(-99.943116622,65.604339258,101.02278606));
#705=VERTEX_POINT('',#704);
#706=CARTESIAN_POINT('',(-99.943116622,71.104339258,101.02278606));
#707=VERTEX_POINT('',#706);
#708=CARTESIAN_POINT('',(-99.943116622,65.604339258,101.02278606));
#709=DIRECTION('',(-0.,1.,-0.));
#710=VECTOR('',#709,5.5);
#711=LINE('',#708,#710);
#712=EDGE_CURVE('',#705,#707,#711,.T.);
#713=ORIENTED_EDGE('',*,*,#712,.T.);
#714=CARTESIAN_POINT('',(-99.943116622,71.104339258,101.02278606));
#715=DIRECTION('',(0.707106781,-0.,0.707106781));
#716=VECTOR('',#715,1.414213562);
#717=LINE('',#714,#716);
#718=EDGE_CURVE('',#707,#114,#717,.T.);
#719=ORIENTED_EDGE('',*,*,#718,.T.);
#720=ORIENTED_EDGE('',*,*,#121,.T.);
#721=CARTESIAN_POINT('',(-98.943116622,65.604339258,102.02278606));
#722=DIRECTION('',(-0.707106781,-0.,-0.707106781));
#723=VECTOR('',#722,1.414213562);
#724=LINE('',#721,#723);
#725=EDGE_CURVE('',#116,#705,#724,.T.);
#726=ORIENTED_EDGE('',*,*,#725,.T.);
#727=EDGE_LOOP('',(#713,#719,#720,#726));
#728=FACE_BOUND('',#727,.T.);
#729=ADVANCED_FACE('',(#728),#703,.T.);
#730=CARTESIAN_POINT('',(-101.114689498,0.70569171,99.851213185));
#731=DIRECTION('',(0.707106781,0.,-0.707106781));
#732=DIRECTION('',(0.,1.,0.));
#733=AXIS2_PLACEMENT_3D('',#730,#731,#732);
#734=PLANE('',#733);
#735=CARTESIAN_POINT('',(-99.943116622,55.604339258,101.02278606));
#736=VERTEX_POINT('',#735);
#737=CARTESIAN_POINT('',(-99.943116622,61.104339258,101.02278606));
#738=VERTEX_POINT('',#737);
#739=CARTESIAN_POINT('',(-99.943116622,55.604339258,101.02278606));
#740=DIRECTION('',(-0.,1.,-0.));
#741=VECTOR('',#740,5.5);
#742=LINE('',#739,#741);
#743=EDGE_CURVE('',#736,#738,#742,.T.);
#744=ORIENTED_EDGE('',*,*,#743,.T.);
#745=CARTESIAN_POINT('',(-99.943116622,61.104339258,101.02278606));
#746=DIRECTION('',(0.707106781,-0.,0.707106781));
#747=VECTOR('',#746,1.414213562);
#748=LINE('',#745,#747);
#749=EDGE_CURVE('',#738,#194,#748,.T.);
#750=ORIENTED_EDGE('',*,*,#749,.T.);
#751=ORIENTED_EDGE('',*,*,#201,.T.);
#752=CARTESIAN_POINT('',(-98.943116622,55.604339258,102.02278606));
#753=DIRECTION('',(-0.707106781,-0.,-0.707106781));
#754=VECTOR('',#753,1.414213562);
#755=LINE('',#752,#754);
#756=EDGE_CURVE('',#196,#736,#755,.T.);
#757=ORIENTED_EDGE('',*,*,#756,.T.);
#758=EDGE_LOOP('',(#744,#750,#751,#757));
#759=FACE_BOUND('',#758,.T.);
#760=ADVANCED_FACE('',(#759),#734,.T.);
#761=CARTESIAN_POINT('',(-101.114689498,0.70569171,99.851213185));
#762=DIRECTION('',(0.707106781,0.,-0.707106781));
#763=DIRECTION('',(0.,1.,0.));
#764=AXIS2_PLACEMENT_3D('',#761,#762,#763);
#765=PLANE('',#764);
#766=CARTESIAN_POINT('',(-99.943116622,45.604339258,101.02278606));
#767=VERTEX_POINT('',#766);
#768=CARTESIAN_POINT('',(-99.943116622,51.104339258,101.02278606));
#769=VERTEX_POINT('',#768);
#770=CARTESIAN_POINT('',(-99.943116622,45.604339258,101.02278606));
#771=DIRECTION('',(-0.,1.,-0.));
#772=VECTOR('',#771,5.5);
#773=LINE('',#770,#772);
#774=EDGE_CURVE('',#767,#769,#773,.T.);
#775=ORIENTED_EDGE('',*,*,#774,.T.);
#776=CARTESIAN_POINT('',(-99.943116622,51.104339258,101.02278606));
#777=DIRECTION('',(0.707106781,-0.,0.707106781));
#778=VECTOR('',#777,1.414213562);
#779=LINE('',#776,#778);
#780=EDGE_CURVE('',#769,#274,#779,.T.);
#781=ORIENTED_EDGE('',*,*,#780,.T.);
#782=ORIENTED_EDGE('',*,*,#281,.T.);
#783=CARTESIAN_POINT('',(-98.943116622,45.604339258,102.02278606));
#784=DIRECTION('',(-0.707106781,-0.,-0.707106781));
#785=VECTOR('',#784,1.414213562);
#786=LINE('',#783,#785);
#787=EDGE_CURVE('',#276,#767,#786,.T.);
#788=ORIENTED_EDGE('',*,*,#787,.T.);
#789=EDGE_LOOP('',(#775,#781,#782,#788));
#790=FACE_BOUND('',#789,.T.);
#791=ADVANCED_FACE('',(#790),#765,.T.);
#792=CARTESIAN_POINT('',(-101.114689498,0.70569171,99.851213185));
#793=DIRECTION('',(0.707106781,0.,-0.707106781));
#794=DIRECTION('',(0.,1.,0.));
#795=AXIS2_PLACEMENT_3D('',#792,#793,#794);
#796=PLANE('',#795);
#797=CARTESIAN_POINT('',(-99.943116622,35.604339258,101.02278606));
#798=VERTEX_POINT('',#797);
#799=CARTESIAN_POINT('',(-99.943116622,41.104339258,101.02278606));
#800=VERTEX_POINT('',#799);
#801=CARTESIAN_POINT('',(-99.943116622,35.604339258,101.02278606));
#802=DIRECTION('',(-0.,1.,-0.));
#803=VECTOR('',#802,5.5);
#804=LINE('',#801,#803);
#805=EDGE_CURVE('',#798,#800,#804,.T.);
#806=ORIENTED_EDGE('',*,*,#805,.T.);
#807=CARTESIAN_POINT('',(-99.943116622,41.104339258,101.02278606));
#808=DIRECTION('',(0.707106781,-0.,0.707106781));
#809=VECTOR('',#808,1.414213562);
#810=LINE('',#807,#809);
#811=EDGE_CURVE('',#800,#354,#810,.T.);
#812=ORIENTED_EDGE('',*,*,#811,.T.);
#813=ORIENTED_EDGE('',*,*,#361,.T.);
#814=CARTESIAN_POINT('',(-98.943116622,35.604339258,102.02278606));
#815=DIRECTION('',(-0.707106781,-0.,-0.707106781));
#816=VECTOR('',#815,1.414213562);
#817=LINE('',#814,#816);
#818=EDGE_CURVE('',#356,#798,#817,.T.);
#819=ORIENTED_EDGE('',*,*,#818,.T.);
#820=EDGE_LOOP('',(#806,#812,#813,#819));
#821=FACE_BOUND('',#820,.T.);
#822=ADVANCED_FACE('',(#821),#796,.T.);
#823=CARTESIAN_POINT('',(-101.114689498,0.70569171,99.851213185));
#824=DIRECTION('',(0.707106781,0.,-0.707106781));
#825=DIRECTION('',(0.,1.,0.));
#826=AXIS2_PLACEMENT_3D('',#823,#824,#825);
#827=PLANE('',#826);
#828=CARTESIAN_POINT('',(-99.943116622,25.604339258,101.02278606));
#829=VERTEX_POINT('',#828);
#830=CARTESIAN_POINT('',(-99.943116622,31.104339258,101.02278606));
#831=VERTEX_POINT('',#830);
#832=CARTESIAN_POINT('',(-99.943116622,25.604339258,101.02278606));
#833=DIRECTION('',(-0.,1.,-0.));
#834=VECTOR('',#833,5.5);
#835=LINE('',#832,#834);
#836=EDGE_CURVE('',#829,#831,#835,.T.);
#837=ORIENTED_EDGE('',*,*,#836,.T.);
#838=CARTESIAN_POINT('',(-99.943116622,31.104339258,101.02278606));
#839=DIRECTION('',(0.707106781,-0.,0.707106781));
#840=VECTOR('',#839,1.414213562);
#841=LINE('',#838,#840);
#842=EDGE_CURVE('',#831,#434,#841,.T.);
#843=ORIENTED_EDGE('',*,*,#842,.T.);
#844=ORIENTED_EDGE('',*,*,#441,.T.);
#845=CARTESIAN_POINT('',(-98.943116622,25.604339258,102.02278606));
#846=DIRECTION('',(-0.707106781,-0.,-0.707106781));
#847=VECTOR('',#846,1.414213562);
#848=LINE('',#845,#847);
#849=EDGE_CURVE('',#436,#829,#848,.T.);
#850=ORIENTED_EDGE('',*,*,#849,.T.);
#851=EDGE_LOOP('',(#837,#843,#844,#850));
#852=FACE_BOUND('',#851,.T.);
#853=ADVANCED_FACE('',(#852),#827,.T.);
#854=CARTESIAN_POINT('',(-101.114689498,0.70569171,99.851213185));
#855=DIRECTION('',(0.707106781,0.,-0.707106781));
#856=DIRECTION('',(0.,1.,0.));
#857=AXIS2_PLACEMENT_3D('',#854,#855,#856);
#858=PLANE('',#857);
#859=CARTESIAN_POINT('',(-99.943116622,15.604339258,101.02278606));
#860=VERTEX_POINT('',#859);
#861=CARTESIAN_POINT('',(-99.943116622,21.104339258,101.02278606));
#862=VERTEX_POINT('',#861);
#863=CARTESIAN_POINT('',(-99.943116622,15.604339258,101.02278606));
#864=DIRECTION('',(-0.,1.,-0.));
#865=VECTOR('',#864,5.5);
#866=LINE('',#863,#865);
#867=EDGE_CURVE('',#860,#862,#866,.T.);
#868=ORIENTED_EDGE('',*,*,#867,.T.);
#869=CARTESIAN_POINT('',(-99.943116622,21.104339258,101.02278606));
#870=DIRECTION('',(0.707106781,-0.,0.707106781));
#871=VECTOR('',#870,1.414213562);
#872=LINE('',#869,#871);
#873=EDGE_CURVE('',#862,#514,#872,.T.);
#874=ORIENTED_EDGE('',*,*,#873,.T.);
#875=ORIENTED_EDGE('',*,*,#521,.T.);
#876=CARTESIAN_POINT('',(-98.943116622,15.604339258,102.02278606));
#877=DIRECTION('',(-0.707106781,-0.,-0.707106781));
#878=VECTOR('',#877,1.414213562);
#879=LINE('',#876,#878);
#880=EDGE_CURVE('',#516,#860,#879,.T.);
#881=ORIENTED_EDGE('',*,*,#880,.T.);
#882=EDGE_LOOP('',(#868,#874,#875,#881));
#883=FACE_BOUND('',#882,.T.);
#884=ADVANCED_FACE('',(#883),#858,.T.);
#885=CARTESIAN_POINT('',(-101.114689498,0.70569171,99.851213185));
#886=DIRECTION('',(0.707106781,0.,-0.707106781));
#887=DIRECTION('',(0.,1.,0.));
#888=AXIS2_PLACEMENT_3D('',#885,#886,#887);
#889=PLANE('',#888);
#890=CARTESIAN_POINT('',(-99.943116622,5.604339258,101.02278606));
#891=VERTEX_POINT('',#890);
#892=CARTESIAN_POINT('',(-99.943116622,11.104339258,101.02278606));
#893=VERTEX_POINT('',#892);
#894=CARTESIAN_POINT('',(-99.943116622,5.604339258,101.02278606));
#895=DIRECTION('',(-0.,1.,-0.));
#896=VECTOR('',#895,5.5);
#897=LINE('',#894,#896);
#898=EDGE_CURVE('',#891,#893,#897,.T.);
#899=ORIENTED_EDGE('',*,*,#898,.T.);
#900=CARTESIAN_POINT('',(-99.943116622,11.104339258,101.02278606));
#901=DIRECTION('',(0.707106781,-0.,0.707106781));
#902=VECTOR('',#901,1.414213562);
#903=LINE('',#900,#902);
#904=EDGE_CURVE('',#893,#594,#903,.T.);
#905=ORIENTED_EDGE('',*,*,#904,.T.);
#906=ORIENTED_EDGE('',*,*,#601,.T.);
#907=CARTESIAN_POINT('',(-98.943116622,5.604339258,102.02278606));
#908=DIRECTION('',(-0.707106781,-0.,-0.707106781));
#909=VECTOR('',#908,1.414213562);
#910=LINE('',#907,#909);
#911=EDGE_CURVE('',#596,#891,#910,.T.);
#912=ORIENTED_EDGE('',*,*,#911,.T.);
#913=EDGE_LOOP('',(#899,#905,#906,#912));
#914=FACE_BOUND('',#913,.T.);
#915=ADVANCED_FACE('',(#914),#889,.T.);
#916=CARTESIAN_POINT('',(-103.943116622,0.70569171,102.679640309));
#917=DIRECTION('',(0.707106781,0.,-0.707106781));
#918=DIRECTION('',(0.,1.,0.));
#919=AXIS2_PLACEMENT_3D('',#916,#917,#918);
#920=PLANE('',#919);
#921=CARTESIAN_POINT('',(-103.943116622,75.604339258,102.679640309));
#922=VERTEX_POINT('',#921);
#923=CARTESIAN_POINT('',(-98.943116622,75.604339258,107.679640309));
#924=DIRECTION('',(-0.707106781,-0.,-0.707106781));
#925=VECTOR('',#924,7.071067812);
#926=LINE('',#923,#925);
#927=EDGE_CURVE('',#35,#922,#926,.T.);
#928=ORIENTED_EDGE('',*,*,#927,.F.);
#929=ORIENTED_EDGE('',*,*,#40,.F.);
#930=CARTESIAN_POINT('',(-102.943116622,97.068951258,103.679640309));
#931=VERTEX_POINT('',#930);
#932=CARTESIAN_POINT('',(-102.943116622,93.068951258,103.679640309));
#933=DIRECTION('',(-0.707106781,-0.,0.707106781));
#934=DIRECTION('',(0.707106781,0.,0.707106781));
#935=AXIS2_PLACEMENT_3D('',#932,#933,#934);
#936=ELLIPSE('',#935,5.656854249,4.);
#937=EDGE_CURVE('',#33,#931,#936,.T.);
#938=ORIENTED_EDGE('',*,*,#937,.T.);
#939=CARTESIAN_POINT('',(-103.943116622,97.068951258,102.679640309));
#940=VERTEX_POINT('',#939);
#941=CARTESIAN_POINT('',(-103.943116622,97.068951258,102.679640309));
#942=DIRECTION('',(0.707106781,-0.,0.707106781));
#943=VECTOR('',#942,1.414213562);
#944=LINE('',#941,#943);
#945=EDGE_CURVE('',#940,#931,#944,.T.);
#946=ORIENTED_EDGE('',*,*,#945,.F.);
#947=CARTESIAN_POINT('',(-103.943116622,75.604339258,102.679640309));
#948=DIRECTION('',(0.,1.,0.));
#949=VECTOR('',#948,21.464612);
#950=LINE('',#947,#949);
#951=EDGE_CURVE('',#922,#940,#950,.T.);
#952=ORIENTED_EDGE('',*,*,#951,.F.);
#953=EDGE_LOOP('',(#928,#929,#938,#946,#952));
#954=FACE_BOUND('',#953,.T.);
#955=ADVANCED_FACE('',(#954),#920,.F.);
#956=CARTESIAN_POINT('',(-103.943116622,0.70569171,102.679640309));
#957=DIRECTION('',(0.707106781,0.,-0.707106781));
#958=DIRECTION('',(0.,1.,0.));
#959=AXIS2_PLACEMENT_3D('',#956,#957,#958);
#960=PLANE('',#959);
#961=CARTESIAN_POINT('',(-103.943116622,71.104339258,102.679640309));
#962=VERTEX_POINT('',#961);
#963=CARTESIAN_POINT('',(-103.943116622,71.104339258,102.679640309));
#964=DIRECTION('',(0.707106781,-0.,0.707106781));
#965=VECTOR('',#964,7.071067812);
#966=LINE('',#963,#965);
#967=EDGE_CURVE('',#962,#164,#966,.T.);
#968=ORIENTED_EDGE('',*,*,#967,.F.);
#969=CARTESIAN_POINT('',(-103.943116622,65.604339258,102.679640309));
#970=VERTEX_POINT('',#969);
#971=CARTESIAN_POINT('',(-103.943116622,65.604339258,102.679640309));
#972=DIRECTION('',(0.,1.,0.));
#973=VECTOR('',#972,5.5);
#974=LINE('',#971,#973);
#975=EDGE_CURVE('',#970,#962,#974,.T.);
#976=ORIENTED_EDGE('',*,*,#975,.F.);
#977=CARTESIAN_POINT('',(-98.943116622,65.604339258,107.679640309));
#978=DIRECTION('',(-0.707106781,-0.,-0.707106781));
#979=VECTOR('',#978,7.071067812);
#980=LINE('',#977,#979);
#981=EDGE_CURVE('',#172,#970,#980,.T.);
#982=ORIENTED_EDGE('',*,*,#981,.F.);
#983=ORIENTED_EDGE('',*,*,#177,.F.);
#984=EDGE_LOOP('',(#968,#976,#982,#983));
#985=FACE_BOUND('',#984,.T.);
#986=ADVANCED_FACE('',(#985),#960,.F.);
#987=CARTESIAN_POINT('',(-103.943116622,0.70569171,102.679640309));
#988=DIRECTION('',(0.707106781,0.,-0.707106781));
#989=DIRECTION('',(0.,1.,0.));
#990=AXIS2_PLACEMENT_3D('',#987,#988,#989);
#991=PLANE('',#990);
#992=CARTESIAN_POINT('',(-103.943116622,61.104339258,102.679640309));
#993=VERTEX_POINT('',#992);
#994=CARTESIAN_POINT('',(-103.943116622,61.104339258,102.679640309));
#995=DIRECTION('',(0.707106781,-0.,0.707106781));
#996=VECTOR('',#995,7.071067812);
#997=LINE('',#994,#996);
#998=EDGE_CURVE('',#993,#244,#997,.T.);
#999=ORIENTED_EDGE('',*,*,#998,.F.);
#1000=CARTESIAN_POINT('',(-103.943116622,55.604339258,102.679640309));
#1001=VERTEX_POINT('',#1000);
#1002=CARTESIAN_POINT('',(-103.943116622,55.604339258,102.679640309));
#1003=DIRECTION('',(0.,1.,0.));
#1004=VECTOR('',#1003,5.5);
#1005=LINE('',#1002,#1004);
#1006=EDGE_CURVE('',#1001,#993,#1005,.T.);
#1007=ORIENTED_EDGE('',*,*,#1006,.F.);
#1008=CARTESIAN_POINT('',(-98.943116622,55.604339258,107.679640309));
#1009=DIRECTION('',(-0.707106781,-0.,-0.707106781));
#1010=VECTOR('',#1009,7.071067812);
#1011=LINE('',#1008,#1010);
#1012=EDGE_CURVE('',#252,#1001,#1011,.T.);
#1013=ORIENTED_EDGE('',*,*,#1012,.F.);
#1014=ORIENTED_EDGE('',*,*,#257,.F.);
#1015=EDGE_LOOP('',(#999,#1007,#1013,#1014));
#1016=FACE_BOUND('',#1015,.T.);
#1017=ADVANCED_FACE('',(#1016),#991,.F.);
#1018=CARTESIAN_POINT('',(-103.943116622,0.70569171,102.679640309));
#1019=DIRECTION('',(0.707106781,0.,-0.707106781));
#1020=DIRECTION('',(0.,1.,0.));
#1021=AXIS2_PLACEMENT_3D('',#1018,#1019,#1020);
#1022=PLANE('',#1021);
#1023=CARTESIAN_POINT('',(-103.943116622,51.104339258,102.679640309));
#1024=VERTEX_POINT('',#1023);
#1025=CARTESIAN_POINT('',(-103.943116622,51.104339258,102.679640309));
#1026=DIRECTION('',(0.707106781,-0.,0.707106781));
#1027=VECTOR('',#1026,7.071067812);
#1028=LINE('',#1025,#1027);
#1029=EDGE_CURVE('',#1024,#324,#1028,.T.);
#1030=ORIENTED_EDGE('',*,*,#1029,.F.);
#1031=CARTESIAN_POINT('',(-103.943116622,45.604339258,102.679640309));
#1032=VERTEX_POINT('',#1031);
#1033=CARTESIAN_POINT('',(-103.943116622,45.604339258,102.679640309));
#1034=DIRECTION('',(0.,1.,0.));
#1035=VECTOR('',#1034,5.5);
#1036=LINE('',#1033,#1035);
#1037=EDGE_CURVE('',#1032,#1024,#1036,.T.);
#1038=ORIENTED_EDGE('',*,*,#1037,.F.);
#1039=CARTESIAN_POINT('',(-98.943116622,45.604339258,107.679640309));
#1040=DIRECTION('',(-0.707106781,-0.,-0.707106781));
#1041=VECTOR('',#1040,7.071067812);
#1042=LINE('',#1039,#1041);
#1043=EDGE_CURVE('',#332,#1032,#1042,.T.);
#1044=ORIENTED_EDGE('',*,*,#1043,.F.);
#1045=ORIENTED_EDGE('',*,*,#337,.F.);
#1046=EDGE_LOOP('',(#1030,#1038,#1044,#1045));
#1047=FACE_BOUND('',#1046,.T.);
#1048=ADVANCED_FACE('',(#1047),#1022,.F.);
#1049=CARTESIAN_POINT('',(-103.943116622,0.70569171,102.679640309));
#1050=DIRECTION('',(0.707106781,0.,-0.707106781));
#1051=DIRECTION('',(0.,1.,0.));
#1052=AXIS2_PLACEMENT_3D('',#1049,#1050,#1051);
#1053=PLANE('',#1052);
#1054=CARTESIAN_POINT('',(-103.943116622,41.104339258,102.679640309));
#1055=VERTEX_POINT('',#1054);
#1056=CARTESIAN_POINT('',(-103.943116622,41.104339258,102.679640309));
#1057=DIRECTION('',(0.707106781,-0.,0.707106781));
#1058=VECTOR('',#1057,7.071067812);
#1059=LINE('',#1056,#1058);
#1060=EDGE_CURVE('',#1055,#404,#1059,.T.);
#1061=ORIENTED_EDGE('',*,*,#1060,.F.);
#1062=CARTESIAN_POINT('',(-103.943116622,35.604339258,102.679640309));
#1063=VERTEX_POINT('',#1062);
#1064=CARTESIAN_POINT('',(-103.943116622,35.604339258,102.679640309));
#1065=DIRECTION('',(0.,1.,0.));
#1066=VECTOR('',#1065,5.5);
#1067=LINE('',#1064,#1066);
#1068=EDGE_CURVE('',#1063,#1055,#1067,.T.);
#1069=ORIENTED_EDGE('',*,*,#1068,.F.);
#1070=CARTESIAN_POINT('',(-98.943116622,35.604339258,107.679640309));
#1071=DIRECTION('',(-0.707106781,-0.,-0.707106781));
#1072=VECTOR('',#1071,7.071067812);
#1073=LINE('',#1070,#1072);
#1074=EDGE_CURVE('',#412,#1063,#1073,.T.);
#1075=ORIENTED_EDGE('',*,*,#1074,.F.);
#1076=ORIENTED_EDGE('',*,*,#417,.F.);
#1077=EDGE_LOOP('',(#1061,#1069,#1075,#1076));
#1078=FACE_BOUND('',#1077,.T.);
#1079=ADVANCED_FACE('',(#1078),#1053,.F.);
#1080=CARTESIAN_POINT('',(-103.943116622,0.70569171,102.679640309));
#1081=DIRECTION('',(0.707106781,0.,-0.707106781));
#1082=DIRECTION('',(0.,1.,0.));
#1083=AXIS2_PLACEMENT_3D('',#1080,#1081,#1082);
#1084=PLANE('',#1083);
#1085=CARTESIAN_POINT('',(-103.943116622,31.104339258,102.679640309));
#1086=VERTEX_POINT('',#1085);
#1087=CARTESIAN_POINT('',(-103.943116622,31.104339258,102.679640309));
#1088=DIRECTION('',(0.707106781,-0.,0.707106781));
#1089=VECTOR('',#1088,7.071067812);
#1090=LINE('',#1087,#1089);
#1091=EDGE_CURVE('',#1086,#484,#1090,.T.);
#1092=ORIENTED_EDGE('',*,*,#1091,.F.);
#1093=CARTESIAN_POINT('',(-103.943116622,25.604339258,102.679640309));
#1094=VERTEX_POINT('',#1093);
#1095=CARTESIAN_POINT('',(-103.943116622,25.604339258,102.679640309));
#1096=DIRECTION('',(0.,1.,0.));
#1097=VECTOR('',#1096,5.5);
#1098=LINE('',#1095,#1097);
#1099=EDGE_CURVE('',#1094,#1086,#1098,.T.);
#1100=ORIENTED_EDGE('',*,*,#1099,.F.);
#1101=CARTESIAN_POINT('',(-98.943116622,25.604339258,107.679640309));
#1102=DIRECTION('',(-0.707106781,-0.,-0.707106781));
#1103=VECTOR('',#1102,7.071067812);
#1104=LINE('',#1101,#1103);
#1105=EDGE_CURVE('',#492,#1094,#1104,.T.);
#1106=ORIENTED_EDGE('',*,*,#1105,.F.);
#1107=ORIENTED_EDGE('',*,*,#497,.F.);
#1108=EDGE_LOOP('',(#1092,#1100,#1106,#1107));
#1109=FACE_BOUND('',#1108,.T.);
#1110=ADVANCED_FACE('',(#1109),#1084,.F.);
#1111=CARTESIAN_POINT('',(-103.943116622,0.70569171,102.679640309));
#1112=DIRECTION('',(0.707106781,0.,-0.707106781));
#1113=DIRECTION('',(0.,1.,0.));
#1114=AXIS2_PLACEMENT_3D('',#1111,#1112,#1113);
#1115=PLANE('',#1114);
#1116=CARTESIAN_POINT('',(-103.943116622,21.104339258,102.679640309));
#1117=VERTEX_POINT('',#1116);
#1118=CARTESIAN_POINT('',(-103.943116622,21.104339258,102.679640309));
#1119=DIRECTION('',(0.707106781,-0.,0.707106781));
#1120=VECTOR('',#1119,7.071067812);
#1121=LINE('',#1118,#1120);
#1122=EDGE_CURVE('',#1117,#564,#1121,.T.);
#1123=ORIENTED_EDGE('',*,*,#1122,.F.);
#1124=CARTESIAN_POINT('',(-103.943116622,15.604339258,102.679640309));
#1125=VERTEX_POINT('',#1124);
#1126=CARTESIAN_POINT('',(-103.943116622,15.604339258,102.679640309));
#1127=DIRECTION('',(0.,1.,0.));
#1128=VECTOR('',#1127,5.5);
#1129=LINE('',#1126,#1128);
#1130=EDGE_CURVE('',#1125,#1117,#1129,.T.);
#1131=ORIENTED_EDGE('',*,*,#1130,.F.);
#1132=CARTESIAN_POINT('',(-98.943116622,15.604339258,107.679640309));
#1133=DIRECTION('',(-0.707106781,-0.,-0.707106781));
#1134=VECTOR('',#1133,7.071067812);
#1135=LINE('',#1132,#1134);
#1136=EDGE_CURVE('',#572,#1125,#1135,.T.);
#1137=ORIENTED_EDGE('',*,*,#1136,.F.);
#1138=ORIENTED_EDGE('',*,*,#577,.F.);
#1139=EDGE_LOOP('',(#1123,#1131,#1137,#1138));
#1140=FACE_BOUND('',#1139,.T.);
#1141=ADVANCED_FACE('',(#1140),#1115,.F.);
#1142=CARTESIAN_POINT('',(-103.943116622,0.70569171,102.679640309));
#1143=DIRECTION('',(0.707106781,0.,-0.707106781));
#1144=DIRECTION('',(0.,1.,0.));
#1145=AXIS2_PLACEMENT_3D('',#1142,#1143,#1144);
#1146=PLANE('',#1145);
#1147=CARTESIAN_POINT('',(-103.943116622,11.104339258,102.679640309));
#1148=VERTEX_POINT('',#1147);
#1149=CARTESIAN_POINT('',(-103.943116622,11.104339258,102.679640309));
#1150=DIRECTION('',(0.707106781,-0.,0.707106781));
#1151=VECTOR('',#1150,7.071067812);
#1152=LINE('',#1149,#1151);
#1153=EDGE_CURVE('',#1148,#644,#1152,.T.);
#1154=ORIENTED_EDGE('',*,*,#1153,.F.);
#1155=CARTESIAN_POINT('',(-103.943116622,5.604339258,102.679640309));
#1156=VERTEX_POINT('',#1155);
#1157=CARTESIAN_POINT('',(-103.943116622,5.604339258,102.679640309));
#1158=DIRECTION('',(0.,1.,0.));
#1159=VECTOR('',#1158,5.5);
#1160=LINE('',#1157,#1159);
#1161=EDGE_CURVE('',#1156,#1148,#1160,.T.);
#1162=ORIENTED_EDGE('',*,*,#1161,.F.);
#1163=CARTESIAN_POINT('',(-98.943116622,5.604339258,107.679640309));
#1164=DIRECTION('',(-0.707106781,-0.,-0.707106781));
#1165=VECTOR('',#1164,7.071067812);
#1166=LINE('',#1163,#1165);
#1167=EDGE_CURVE('',#652,#1156,#1166,.T.);
#1168=ORIENTED_EDGE('',*,*,#1167,.F.);
#1169=ORIENTED_EDGE('',*,*,#657,.F.);
#1170=EDGE_LOOP('',(#1154,#1162,#1168,#1169));
#1171=FACE_BOUND('',#1170,.T.);
#1172=ADVANCED_FACE('',(#1171),#1146,.F.);
#1173=CARTESIAN_POINT('',(-95.943116622,85.342432162,102.079640309));
#1174=DIRECTION('',(0.,0.,1.));
#1175=DIRECTION('',(1.,0.,0.));
#1176=AXIS2_PLACEMENT_3D('',#1173,#1174,#1175);
#1177=PLANE('',#1176);
#1178=CARTESIAN_POINT('',(-95.943116622,85.342432162,102.079640309));
#1179=VERTEX_POINT('',#1178);
#1180=CARTESIAN_POINT('',(-95.943116622,75.604339258,102.079640309));
#1181=VERTEX_POINT('',#1180);
#1182=CARTESIAN_POINT('',(-95.943116622,85.342432162,102.079640309));
#1183=DIRECTION('',(0.,-1.,0.));
#1184=VECTOR('',#1183,9.738092905);
#1185=LINE('',#1182,#1184);
#1186=EDGE_CURVE('',#1179,#1181,#1185,.T.);
#1187=ORIENTED_EDGE('',*,*,#1186,.T.);
#1188=CARTESIAN_POINT('',(-95.943116622,75.604339258,102.079640309));
#1189=DIRECTION('',(-1.,0.,0.));
#1190=VECTOR('',#1189,3.);
#1191=LINE('',#1188,#1190);
#1192=EDGE_CURVE('',#1181,#67,#1191,.T.);
#1193=ORIENTED_EDGE('',*,*,#1192,.T.);
#1194=ORIENTED_EDGE('',*,*,#72,.F.);
#1195=CARTESIAN_POINT('',(-95.943116622,85.342432162,102.079640309));
#1196=DIRECTION('',(-1.,0.,0.));
#1197=VECTOR('',#1196,3.);
#1198=LINE('',#1195,#1197);
#1199=EDGE_CURVE('',#1179,#59,#1198,.T.);
#1200=ORIENTED_EDGE('',*,*,#1199,.F.);
#1201=EDGE_LOOP('',(#1187,#1193,#1194,#1200));
#1202=FACE_BOUND('',#1201,.T.);
#1203=ADVANCED_FACE('',(#1202),#1177,.F.);
#1204=CARTESIAN_POINT('',(-95.943116622,85.342432162,102.079640309));
#1205=DIRECTION('',(0.,0.,1.));
#1206=DIRECTION('',(1.,0.,0.));
#1207=AXIS2_PLACEMENT_3D('',#1204,#1205,#1206);
#1208=PLANE('',#1207);
#1209=ORIENTED_EDGE('',*,*,#137,.F.);
#1210=CARTESIAN_POINT('',(-95.943116622,71.104339258,102.079640309));
#1211=VERTEX_POINT('',#1210);
#1212=CARTESIAN_POINT('',(-98.943116622,71.104339258,102.079640309));
#1213=DIRECTION('',(1.,0.,-0.));
#1214=VECTOR('',#1213,3.);
#1215=LINE('',#1212,#1214);
#1216=EDGE_CURVE('',#124,#1211,#1215,.T.);
#1217=ORIENTED_EDGE('',*,*,#1216,.T.);
#1218=CARTESIAN_POINT('',(-95.943116622,65.604339258,102.079640309));
#1219=VERTEX_POINT('',#1218);
#1220=CARTESIAN_POINT('',(-95.943116622,71.104339258,102.079640309));
#1221=DIRECTION('',(0.,-1.,0.));
#1222=VECTOR('',#1221,5.5);
#1223=LINE('',#1220,#1222);
#1224=EDGE_CURVE('',#1211,#1219,#1223,.T.);
#1225=ORIENTED_EDGE('',*,*,#1224,.T.);
#1226=CARTESIAN_POINT('',(-95.943116622,65.604339258,102.079640309));
#1227=DIRECTION('',(-1.,0.,0.));
#1228=VECTOR('',#1227,3.);
#1229=LINE('',#1226,#1228);
#1230=EDGE_CURVE('',#1219,#132,#1229,.T.);
#1231=ORIENTED_EDGE('',*,*,#1230,.T.);
#1232=EDGE_LOOP('',(#1209,#1217,#1225,#1231));
#1233=FACE_BOUND('',#1232,.T.);
#1234=ADVANCED_FACE('',(#1233),#1208,.F.);
#1235=CARTESIAN_POINT('',(-95.943116622,85.342432162,102.079640309));
#1236=DIRECTION('',(0.,0.,1.));
#1237=DIRECTION('',(1.,0.,0.));
#1238=AXIS2_PLACEMENT_3D('',#1235,#1236,#1237);
#1239=PLANE('',#1238);
#1240=ORIENTED_EDGE('',*,*,#217,.F.);
#1241=CARTESIAN_POINT('',(-95.943116622,61.104339258,102.079640309));
#1242=VERTEX_POINT('',#1241);
#1243=CARTESIAN_POINT('',(-98.943116622,61.104339258,102.079640309));
#1244=DIRECTION('',(1.,0.,-0.));
#1245=VECTOR('',#1244,3.);
#1246=LINE('',#1243,#1245);
#1247=EDGE_CURVE('',#204,#1242,#1246,.T.);
#1248=ORIENTED_EDGE('',*,*,#1247,.T.);
#1249=CARTESIAN_POINT('',(-95.943116622,55.604339258,102.079640309));
#1250=VERTEX_POINT('',#1249);
#1251=CARTESIAN_POINT('',(-95.943116622,61.104339258,102.079640309));
#1252=DIRECTION('',(0.,-1.,0.));
#1253=VECTOR('',#1252,5.5);
#1254=LINE('',#1251,#1253);
#1255=EDGE_CURVE('',#1242,#1250,#1254,.T.);
#1256=ORIENTED_EDGE('',*,*,#1255,.T.);
#1257=CARTESIAN_POINT('',(-95.943116622,55.604339258,102.079640309));
#1258=DIRECTION('',(-1.,0.,0.));
#1259=VECTOR('',#1258,3.);
#1260=LINE('',#1257,#1259);
#1261=EDGE_CURVE('',#1250,#212,#1260,.T.);
#1262=ORIENTED_EDGE('',*,*,#1261,.T.);
#1263=EDGE_LOOP('',(#1240,#1248,#1256,#1262));
#1264=FACE_BOUND('',#1263,.T.);
#1265=ADVANCED_FACE('',(#1264),#1239,.F.);
#1266=CARTESIAN_POINT('',(-95.943116622,85.342432162,102.079640309));
#1267=DIRECTION('',(0.,0.,1.));
#1268=DIRECTION('',(1.,0.,0.));
#1269=AXIS2_PLACEMENT_3D('',#1266,#1267,#1268);
#1270=PLANE('',#1269);
#1271=ORIENTED_EDGE('',*,*,#297,.F.);
#1272=CARTESIAN_POINT('',(-95.943116622,51.104339258,102.079640309));
#1273=VERTEX_POINT('',#1272);
#1274=CARTESIAN_POINT('',(-98.943116622,51.104339258,102.079640309));
#1275=DIRECTION('',(1.,0.,-0.));
#1276=VECTOR('',#1275,3.);
#1277=LINE('',#1274,#1276);
#1278=EDGE_CURVE('',#284,#1273,#1277,.T.);
#1279=ORIENTED_EDGE('',*,*,#1278,.T.);
#1280=CARTESIAN_POINT('',(-95.943116622,45.604339258,102.079640309));
#1281=VERTEX_POINT('',#1280);
#1282=CARTESIAN_POINT('',(-95.943116622,51.104339258,102.079640309));
#1283=DIRECTION('',(0.,-1.,0.));
#1284=VECTOR('',#1283,5.5);
#1285=LINE('',#1282,#1284);
#1286=EDGE_CURVE('',#1273,#1281,#1285,.T.);
#1287=ORIENTED_EDGE('',*,*,#1286,.T.);
#1288=CARTESIAN_POINT('',(-95.943116622,45.604339258,102.079640309));
#1289=DIRECTION('',(-1.,0.,0.));
#1290=VECTOR('',#1289,3.);
#1291=LINE('',#1288,#1290);
#1292=EDGE_CURVE('',#1281,#292,#1291,.T.);
#1293=ORIENTED_EDGE('',*,*,#1292,.T.);
#1294=EDGE_LOOP('',(#1271,#1279,#1287,#1293));
#1295=FACE_BOUND('',#1294,.T.);
#1296=ADVANCED_FACE('',(#1295),#1270,.F.);
#1297=CARTESIAN_POINT('',(-95.943116622,85.342432162,102.079640309));
#1298=DIRECTION('',(0.,0.,1.));
#1299=DIRECTION('',(1.,0.,0.));
#1300=AXIS2_PLACEMENT_3D('',#1297,#1298,#1299);
#1301=PLANE('',#1300);
#1302=ORIENTED_EDGE('',*,*,#377,.F.);
#1303=CARTESIAN_POINT('',(-95.943116622,41.104339258,102.079640309));
#1304=VERTEX_POINT('',#1303);
#1305=CARTESIAN_POINT('',(-98.943116622,41.104339258,102.079640309));
#1306=DIRECTION('',(1.,0.,-0.));
#1307=VECTOR('',#1306,3.);
#1308=LINE('',#1305,#1307);
#1309=EDGE_CURVE('',#364,#1304,#1308,.T.);
#1310=ORIENTED_EDGE('',*,*,#1309,.T.);
#1311=CARTESIAN_POINT('',(-95.943116622,35.604339258,102.079640309));
#1312=VERTEX_POINT('',#1311);
#1313=CARTESIAN_POINT('',(-95.943116622,41.104339258,102.079640309));
#1314=DIRECTION('',(0.,-1.,0.));
#1315=VECTOR('',#1314,5.5);
#1316=LINE('',#1313,#1315);
#1317=EDGE_CURVE('',#1304,#1312,#1316,.T.);
#1318=ORIENTED_EDGE('',*,*,#1317,.T.);
#1319=CARTESIAN_POINT('',(-95.943116622,35.604339258,102.079640309));
#1320=DIRECTION('',(-1.,0.,0.));
#1321=VECTOR('',#1320,3.);
#1322=LINE('',#1319,#1321);
#1323=EDGE_CURVE('',#1312,#372,#1322,.T.);
#1324=ORIENTED_EDGE('',*,*,#1323,.T.);
#1325=EDGE_LOOP('',(#1302,#1310,#1318,#1324));
#1326=FACE_BOUND('',#1325,.T.);
#1327=ADVANCED_FACE('',(#1326),#1301,.F.);
#1328=CARTESIAN_POINT('',(-95.943116622,85.342432162,102.079640309));
#1329=DIRECTION('',(0.,0.,1.));
#1330=DIRECTION('',(1.,0.,0.));
#1331=AXIS2_PLACEMENT_3D('',#1328,#1329,#1330);
#1332=PLANE('',#1331);
#1333=ORIENTED_EDGE('',*,*,#457,.F.);
#1334=CARTESIAN_POINT('',(-95.943116622,31.104339258,102.079640309));
#1335=VERTEX_POINT('',#1334);
#1336=CARTESIAN_POINT('',(-98.943116622,31.104339258,102.079640309));
#1337=DIRECTION('',(1.,0.,-0.));
#1338=VECTOR('',#1337,3.);
#1339=LINE('',#1336,#1338);
#1340=EDGE_CURVE('',#444,#1335,#1339,.T.);
#1341=ORIENTED_EDGE('',*,*,#1340,.T.);
#1342=CARTESIAN_POINT('',(-95.943116622,25.604339258,102.079640309));
#1343=VERTEX_POINT('',#1342);
#1344=CARTESIAN_POINT('',(-95.943116622,31.104339258,102.079640309));
#1345=DIRECTION('',(0.,-1.,0.));
#1346=VECTOR('',#1345,5.5);
#1347=LINE('',#1344,#1346);
#1348=EDGE_CURVE('',#1335,#1343,#1347,.T.);
#1349=ORIENTED_EDGE('',*,*,#1348,.T.);
#1350=CARTESIAN_POINT('',(-95.943116622,25.604339258,102.079640309));
#1351=DIRECTION('',(-1.,0.,0.));
#1352=VECTOR('',#1351,3.);
#1353=LINE('',#1350,#1352);
#1354=EDGE_CURVE('',#1343,#452,#1353,.T.);
#1355=ORIENTED_EDGE('',*,*,#1354,.T.);
#1356=EDGE_LOOP('',(#1333,#1341,#1349,#1355));
#1357=FACE_BOUND('',#1356,.T.);
#1358=ADVANCED_FACE('',(#1357),#1332,.F.);
#1359=CARTESIAN_POINT('',(-95.943116622,85.342432162,102.079640309));
#1360=DIRECTION('',(0.,0.,1.));
#1361=DIRECTION('',(1.,0.,0.));
#1362=AXIS2_PLACEMENT_3D('',#1359,#1360,#1361);
#1363=PLANE('',#1362);
#1364=ORIENTED_EDGE('',*,*,#537,.F.);
#1365=CARTESIAN_POINT('',(-95.943116622,21.104339258,102.079640309));
#1366=VERTEX_POINT('',#1365);
#1367=CARTESIAN_POINT('',(-98.943116622,21.104339258,102.079640309));
#1368=DIRECTION('',(1.,0.,-0.));
#1369=VECTOR('',#1368,3.);
#1370=LINE('',#1367,#1369);
#1371=EDGE_CURVE('',#524,#1366,#1370,.T.);
#1372=ORIENTED_EDGE('',*,*,#1371,.T.);
#1373=CARTESIAN_POINT('',(-95.943116622,15.604339258,102.079640309));
#1374=VERTEX_POINT('',#1373);
#1375=CARTESIAN_POINT('',(-95.943116622,21.104339258,102.079640309));
#1376=DIRECTION('',(0.,-1.,0.));
#1377=VECTOR('',#1376,5.5);
#1378=LINE('',#1375,#1377);
#1379=EDGE_CURVE('',#1366,#1374,#1378,.T.);
#1380=ORIENTED_EDGE('',*,*,#1379,.T.);
#1381=CARTESIAN_POINT('',(-95.943116622,15.604339258,102.079640309));
#1382=DIRECTION('',(-1.,0.,0.));
#1383=VECTOR('',#1382,3.);
#1384=LINE('',#1381,#1383);
#1385=EDGE_CURVE('',#1374,#532,#1384,.T.);
#1386=ORIENTED_EDGE('',*,*,#1385,.T.);
#1387=EDGE_LOOP('',(#1364,#1372,#1380,#1386));
#1388=FACE_BOUND('',#1387,.T.);
#1389=ADVANCED_FACE('',(#1388),#1363,.F.);
#1390=CARTESIAN_POINT('',(-95.943116622,85.342432162,102.079640309));
#1391=DIRECTION('',(0.,0.,1.));
#1392=DIRECTION('',(1.,0.,0.));
#1393=AXIS2_PLACEMENT_3D('',#1390,#1391,#1392);
#1394=PLANE('',#1393);
#1395=ORIENTED_EDGE('',*,*,#617,.F.);
#1396=CARTESIAN_POINT('',(-95.943116622,11.104339258,102.079640309));
#1397=VERTEX_POINT('',#1396);
#1398=CARTESIAN_POINT('',(-98.943116622,11.104339258,102.079640309));
#1399=DIRECTION('',(1.,0.,-0.));
#1400=VECTOR('',#1399,3.);
#1401=LINE('',#1398,#1400);
#1402=EDGE_CURVE('',#604,#1397,#1401,.T.);
#1403=ORIENTED_EDGE('',*,*,#1402,.T.);
#1404=CARTESIAN_POINT('',(-95.943116622,5.604339258,102.079640309));
#1405=VERTEX_POINT('',#1404);
#1406=CARTESIAN_POINT('',(-95.943116622,11.104339258,102.079640309));
#1407=DIRECTION('',(0.,-1.,0.));
#1408=VECTOR('',#1407,5.5);
#1409=LINE('',#1406,#1408);
#1410=EDGE_CURVE('',#1397,#1405,#1409,.T.);
#1411=ORIENTED_EDGE('',*,*,#1410,.T.);
#1412=CARTESIAN_POINT('',(-95.943116622,5.604339258,102.079640309));
#1413=DIRECTION('',(-1.,0.,0.));
#1414=VECTOR('',#1413,3.);
#1415=LINE('',#1412,#1414);
#1416=EDGE_CURVE('',#1405,#612,#1415,.T.);
#1417=ORIENTED_EDGE('',*,*,#1416,.T.);
#1418=EDGE_LOOP('',(#1395,#1403,#1411,#1417));
#1419=FACE_BOUND('',#1418,.T.);
#1420=ADVANCED_FACE('',(#1419),#1394,.F.);
#1421=CARTESIAN_POINT('',(-98.943116622,85.342432162,103.679640309));
#1422=DIRECTION('',(0.,0.,-1.));
#1423=DIRECTION('',(-1.,0.,0.));
#1424=AXIS2_PLACEMENT_3D('',#1421,#1422,#1423);
#1425=PLANE('',#1424);
#1426=ORIENTED_EDGE('',*,*,#56,.T.);
#1427=CARTESIAN_POINT('',(-95.943116622,75.604339258,103.679640309));
#1428=VERTEX_POINT('',#1427);
#1429=CARTESIAN_POINT('',(-98.943116622,75.604339258,103.679640309));
#1430=DIRECTION('',(1.,0.,-0.));
#1431=VECTOR('',#1430,3.);
#1432=LINE('',#1429,#1431);
#1433=EDGE_CURVE('',#43,#1428,#1432,.T.);
#1434=ORIENTED_EDGE('',*,*,#1433,.T.);
#1435=CARTESIAN_POINT('',(-95.943116622,85.342432162,103.679640309));
#1436=VERTEX_POINT('',#1435);
#1437=CARTESIAN_POINT('',(-95.943116622,85.342432162,103.679640309));
#1438=DIRECTION('',(0.,-1.,0.));
#1439=VECTOR('',#1438,9.738092905);
#1440=LINE('',#1437,#1439);
#1441=EDGE_CURVE('',#1436,#1428,#1440,.T.);
#1442=ORIENTED_EDGE('',*,*,#1441,.F.);
#1443=CARTESIAN_POINT('',(-98.943116622,85.342432162,103.679640309));
#1444=DIRECTION('',(1.,0.,-0.));
#1445=VECTOR('',#1444,3.);
#1446=LINE('',#1443,#1445);
#1447=EDGE_CURVE('',#51,#1436,#1446,.T.);
#1448=ORIENTED_EDGE('',*,*,#1447,.F.);
#1449=EDGE_LOOP('',(#1426,#1434,#1442,#1448));
#1450=FACE_BOUND('',#1449,.T.);
#1451=ADVANCED_FACE('',(#1450),#1425,.F.);
#1452=CARTESIAN_POINT('',(-98.943116622,85.342432162,103.679640309));
#1453=DIRECTION('',(0.,0.,-1.));
#1454=DIRECTION('',(-1.,0.,0.));
#1455=AXIS2_PLACEMENT_3D('',#1452,#1453,#1454);
#1456=PLANE('',#1455);
#1457=CARTESIAN_POINT('',(-95.943116622,71.104339258,103.679640309));
#1458=VERTEX_POINT('',#1457);
#1459=CARTESIAN_POINT('',(-95.943116622,65.604339258,103.679640309));
#1460=VERTEX_POINT('',#1459);
#1461=CARTESIAN_POINT('',(-95.943116622,71.104339258,103.679640309));
#1462=DIRECTION('',(0.,-1.,0.));
#1463=VECTOR('',#1462,5.5);
#1464=LINE('',#1461,#1463);
#1465=EDGE_CURVE('',#1458,#1460,#1464,.T.);
#1466=ORIENTED_EDGE('',*,*,#1465,.F.);
#1467=CARTESIAN_POINT('',(-95.943116622,71.104339258,103.679640309));
#1468=DIRECTION('',(-1.,0.,0.));
#1469=VECTOR('',#1468,3.);
#1470=LINE('',#1467,#1469);
#1471=EDGE_CURVE('',#1458,#154,#1470,.T.);
#1472=ORIENTED_EDGE('',*,*,#1471,.T.);
#1473=ORIENTED_EDGE('',*,*,#161,.T.);
#1474=CARTESIAN_POINT('',(-98.943116622,65.604339258,103.679640309));
#1475=DIRECTION('',(1.,0.,-0.));
#1476=VECTOR('',#1475,3.);
#1477=LINE('',#1474,#1476);
#1478=EDGE_CURVE('',#156,#1460,#1477,.T.);
#1479=ORIENTED_EDGE('',*,*,#1478,.T.);
#1480=EDGE_LOOP('',(#1466,#1472,#1473,#1479));
#1481=FACE_BOUND('',#1480,.T.);
#1482=ADVANCED_FACE('',(#1481),#1456,.F.);
#1483=CARTESIAN_POINT('',(-98.943116622,85.342432162,103.679640309));
#1484=DIRECTION('',(0.,0.,-1.));
#1485=DIRECTION('',(-1.,0.,0.));
#1486=AXIS2_PLACEMENT_3D('',#1483,#1484,#1485);
#1487=PLANE('',#1486);
#1488=CARTESIAN_POINT('',(-95.943116622,61.104339258,103.679640309));
#1489=VERTEX_POINT('',#1488);
#1490=CARTESIAN_POINT('',(-95.943116622,55.604339258,103.679640309));
#1491=VERTEX_POINT('',#1490);
#1492=CARTESIAN_POINT('',(-95.943116622,61.104339258,103.679640309));
#1493=DIRECTION('',(0.,-1.,0.));
#1494=VECTOR('',#1493,5.5);
#1495=LINE('',#1492,#1494);
#1496=EDGE_CURVE('',#1489,#1491,#1495,.T.);
#1497=ORIENTED_EDGE('',*,*,#1496,.F.);
#1498=CARTESIAN_POINT('',(-95.943116622,61.104339258,103.679640309));
#1499=DIRECTION('',(-1.,0.,0.));
#1500=VECTOR('',#1499,3.);
#1501=LINE('',#1498,#1500);
#1502=EDGE_CURVE('',#1489,#234,#1501,.T.);
#1503=ORIENTED_EDGE('',*,*,#1502,.T.);
#1504=ORIENTED_EDGE('',*,*,#241,.T.);
#1505=CARTESIAN_POINT('',(-98.943116622,55.604339258,103.679640309));
#1506=DIRECTION('',(1.,0.,-0.));
#1507=VECTOR('',#1506,3.);
#1508=LINE('',#1505,#1507);
#1509=EDGE_CURVE('',#236,#1491,#1508,.T.);
#1510=ORIENTED_EDGE('',*,*,#1509,.T.);
#1511=EDGE_LOOP('',(#1497,#1503,#1504,#1510));
#1512=FACE_BOUND('',#1511,.T.);
#1513=ADVANCED_FACE('',(#1512),#1487,.F.);
#1514=CARTESIAN_POINT('',(-98.943116622,85.342432162,103.679640309));
#1515=DIRECTION('',(0.,0.,-1.));
#1516=DIRECTION('',(-1.,0.,0.));
#1517=AXIS2_PLACEMENT_3D('',#1514,#1515,#1516);
#1518=PLANE('',#1517);
#1519=CARTESIAN_POINT('',(-95.943116622,51.104339258,103.679640309));
#1520=VERTEX_POINT('',#1519);
#1521=CARTESIAN_POINT('',(-95.943116622,45.604339258,103.679640309));
#1522=VERTEX_POINT('',#1521);
#1523=CARTESIAN_POINT('',(-95.943116622,51.104339258,103.679640309));
#1524=DIRECTION('',(0.,-1.,0.));
#1525=VECTOR('',#1524,5.5);
#1526=LINE('',#1523,#1525);
#1527=EDGE_CURVE('',#1520,#1522,#1526,.T.);
#1528=ORIENTED_EDGE('',*,*,#1527,.F.);
#1529=CARTESIAN_POINT('',(-95.943116622,51.104339258,103.679640309));
#1530=DIRECTION('',(-1.,0.,0.));
#1531=VECTOR('',#1530,3.);
#1532=LINE('',#1529,#1531);
#1533=EDGE_CURVE('',#1520,#314,#1532,.T.);
#1534=ORIENTED_EDGE('',*,*,#1533,.T.);
#1535=ORIENTED_EDGE('',*,*,#321,.T.);
#1536=CARTESIAN_POINT('',(-98.943116622,45.604339258,103.679640309));
#1537=DIRECTION('',(1.,0.,-0.));
#1538=VECTOR('',#1537,3.);
#1539=LINE('',#1536,#1538);
#1540=EDGE_CURVE('',#316,#1522,#1539,.T.);
#1541=ORIENTED_EDGE('',*,*,#1540,.T.);
#1542=EDGE_LOOP('',(#1528,#1534,#1535,#1541));
#1543=FACE_BOUND('',#1542,.T.);
#1544=ADVANCED_FACE('',(#1543),#1518,.F.);
#1545=CARTESIAN_POINT('',(-98.943116622,85.342432162,103.679640309));
#1546=DIRECTION('',(0.,0.,-1.));
#1547=DIRECTION('',(-1.,0.,0.));
#1548=AXIS2_PLACEMENT_3D('',#1545,#1546,#1547);
#1549=PLANE('',#1548);
#1550=CARTESIAN_POINT('',(-95.943116622,41.104339258,103.679640309));
#1551=VERTEX_POINT('',#1550);
#1552=CARTESIAN_POINT('',(-95.943116622,35.604339258,103.679640309));
#1553=VERTEX_POINT('',#1552);
#1554=CARTESIAN_POINT('',(-95.943116622,41.104339258,103.679640309));
#1555=DIRECTION('',(0.,-1.,0.));
#1556=VECTOR('',#1555,5.5);
#1557=LINE('',#1554,#1556);
#1558=EDGE_CURVE('',#1551,#1553,#1557,.T.);
#1559=ORIENTED_EDGE('',*,*,#1558,.F.);
#1560=CARTESIAN_POINT('',(-95.943116622,41.104339258,103.679640309));
#1561=DIRECTION('',(-1.,0.,0.));
#1562=VECTOR('',#1561,3.);
#1563=LINE('',#1560,#1562);
#1564=EDGE_CURVE('',#1551,#394,#1563,.T.);
#1565=ORIENTED_EDGE('',*,*,#1564,.T.);
#1566=ORIENTED_EDGE('',*,*,#401,.T.);
#1567=CARTESIAN_POINT('',(-98.943116622,35.604339258,103.679640309));
#1568=DIRECTION('',(1.,0.,-0.));
#1569=VECTOR('',#1568,3.);
#1570=LINE('',#1567,#1569);
#1571=EDGE_CURVE('',#396,#1553,#1570,.T.);
#1572=ORIENTED_EDGE('',*,*,#1571,.T.);
#1573=EDGE_LOOP('',(#1559,#1565,#1566,#1572));
#1574=FACE_BOUND('',#1573,.T.);
#1575=ADVANCED_FACE('',(#1574),#1549,.F.);
#1576=CARTESIAN_POINT('',(-98.943116622,85.342432162,103.679640309));
#1577=DIRECTION('',(0.,0.,-1.));
#1578=DIRECTION('',(-1.,0.,0.));
#1579=AXIS2_PLACEMENT_3D('',#1576,#1577,#1578);
#1580=PLANE('',#1579);
#1581=CARTESIAN_POINT('',(-95.943116622,31.104339258,103.679640309));
#1582=VERTEX_POINT('',#1581);
#1583=CARTESIAN_POINT('',(-95.943116622,25.604339258,103.679640309));
#1584=VERTEX_POINT('',#1583);
#1585=CARTESIAN_POINT('',(-95.943116622,31.104339258,103.679640309));
#1586=DIRECTION('',(0.,-1.,0.));
#1587=VECTOR('',#1586,5.5);
#1588=LINE('',#1585,#1587);
#1589=EDGE_CURVE('',#1582,#1584,#1588,.T.);
#1590=ORIENTED_EDGE('',*,*,#1589,.F.);
#1591=CARTESIAN_POINT('',(-95.943116622,31.104339258,103.679640309));
#1592=DIRECTION('',(-1.,0.,0.));
#1593=VECTOR('',#1592,3.);
#1594=LINE('',#1591,#1593);
#1595=EDGE_CURVE('',#1582,#474,#1594,.T.);
#1596=ORIENTED_EDGE('',*,*,#1595,.T.);
#1597=ORIENTED_EDGE('',*,*,#481,.T.);
#1598=CARTESIAN_POINT('',(-98.943116622,25.604339258,103.679640309));
#1599=DIRECTION('',(1.,0.,-0.));
#1600=VECTOR('',#1599,3.);
#1601=LINE('',#1598,#1600);
#1602=EDGE_CURVE('',#476,#1584,#1601,.T.);
#1603=ORIENTED_EDGE('',*,*,#1602,.T.);
#1604=EDGE_LOOP('',(#1590,#1596,#1597,#1603));
#1605=FACE_BOUND('',#1604,.T.);
#1606=ADVANCED_FACE('',(#1605),#1580,.F.);
#1607=CARTESIAN_POINT('',(-98.943116622,85.342432162,103.679640309));
#1608=DIRECTION('',(0.,0.,-1.));
#1609=DIRECTION('',(-1.,0.,0.));
#1610=AXIS2_PLACEMENT_3D('',#1607,#1608,#1609);
#1611=PLANE('',#1610);
#1612=CARTESIAN_POINT('',(-95.943116622,21.104339258,103.679640309));
#1613=VERTEX_POINT('',#1612);
#1614=CARTESIAN_POINT('',(-95.943116622,15.604339258,103.679640309));
#1615=VERTEX_POINT('',#1614);
#1616=CARTESIAN_POINT('',(-95.943116622,21.104339258,103.679640309));
#1617=DIRECTION('',(0.,-1.,0.));
#1618=VECTOR('',#1617,5.5);
#1619=LINE('',#1616,#1618);
#1620=EDGE_CURVE('',#1613,#1615,#1619,.T.);
#1621=ORIENTED_EDGE('',*,*,#1620,.F.);
#1622=CARTESIAN_POINT('',(-95.943116622,21.104339258,103.679640309));
#1623=DIRECTION('',(-1.,0.,0.));
#1624=VECTOR('',#1623,3.);
#1625=LINE('',#1622,#1624);
#1626=EDGE_CURVE('',#1613,#554,#1625,.T.);
#1627=ORIENTED_EDGE('',*,*,#1626,.T.);
#1628=ORIENTED_EDGE('',*,*,#561,.T.);
#1629=CARTESIAN_POINT('',(-98.943116622,15.604339258,103.679640309));
#1630=DIRECTION('',(1.,0.,-0.));
#1631=VECTOR('',#1630,3.);
#1632=LINE('',#1629,#1631);
#1633=EDGE_CURVE('',#556,#1615,#1632,.T.);
#1634=ORIENTED_EDGE('',*,*,#1633,.T.);
#1635=EDGE_LOOP('',(#1621,#1627,#1628,#1634));
#1636=FACE_BOUND('',#1635,.T.);
#1637=ADVANCED_FACE('',(#1636),#1611,.F.);
#1638=CARTESIAN_POINT('',(-98.943116622,85.342432162,103.679640309));
#1639=DIRECTION('',(0.,0.,-1.));
#1640=DIRECTION('',(-1.,0.,0.));
#1641=AXIS2_PLACEMENT_3D('',#1638,#1639,#1640);
#1642=PLANE('',#1641);
#1643=CARTESIAN_POINT('',(-95.943116622,11.104339258,103.679640309));
#1644=VERTEX_POINT('',#1643);
#1645=CARTESIAN_POINT('',(-95.943116622,5.604339258,103.679640309));
#1646=VERTEX_POINT('',#1645);
#1647=CARTESIAN_POINT('',(-95.943116622,11.104339258,103.679640309));
#1648=DIRECTION('',(0.,-1.,0.));
#1649=VECTOR('',#1648,5.5);
#1650=LINE('',#1647,#1649);
#1651=EDGE_CURVE('',#1644,#1646,#1650,.T.);
#1652=ORIENTED_EDGE('',*,*,#1651,.F.);
#1653=CARTESIAN_POINT('',(-95.943116622,11.104339258,103.679640309));
#1654=DIRECTION('',(-1.,0.,0.));
#1655=VECTOR('',#1654,3.);
#1656=LINE('',#1653,#1655);
#1657=EDGE_CURVE('',#1644,#634,#1656,.T.);
#1658=ORIENTED_EDGE('',*,*,#1657,.T.);
#1659=ORIENTED_EDGE('',*,*,#641,.T.);
#1660=CARTESIAN_POINT('',(-98.943116622,5.604339258,103.679640309));
#1661=DIRECTION('',(1.,0.,-0.));
#1662=VECTOR('',#1661,3.);
#1663=LINE('',#1660,#1662);
#1664=EDGE_CURVE('',#636,#1646,#1663,.T.);
#1665=ORIENTED_EDGE('',*,*,#1664,.T.);
#1666=EDGE_LOOP('',(#1652,#1658,#1659,#1665));
#1667=FACE_BOUND('',#1666,.T.);
#1668=ADVANCED_FACE('',(#1667),#1642,.F.);
#1669=CARTESIAN_POINT('',(-95.943116622,85.342432162,103.679640309));
#1670=DIRECTION('',(-1.,0.,0.));
#1671=DIRECTION('',(0.,0.,1.));
#1672=AXIS2_PLACEMENT_3D('',#1669,#1670,#1671);
#1673=PLANE('',#1672);
#1674=ORIENTED_EDGE('',*,*,#1441,.T.);
#1675=CARTESIAN_POINT('',(-95.943116622,75.604339258,103.679640309));
#1676=DIRECTION('',(0.,0.,-1.));
#1677=VECTOR('',#1676,1.6);
#1678=LINE('',#1675,#1677);
#1679=EDGE_CURVE('',#1428,#1181,#1678,.T.);
#1680=ORIENTED_EDGE('',*,*,#1679,.T.);
#1681=ORIENTED_EDGE('',*,*,#1186,.F.);
#1682=CARTESIAN_POINT('',(-95.943116622,85.342432162,103.679640309));
#1683=DIRECTION('',(0.,0.,-1.));
#1684=VECTOR('',#1683,1.6);
#1685=LINE('',#1682,#1684);
#1686=EDGE_CURVE('',#1436,#1179,#1685,.T.);
#1687=ORIENTED_EDGE('',*,*,#1686,.F.);
#1688=EDGE_LOOP('',(#1674,#1680,#1681,#1687));
#1689=FACE_BOUND('',#1688,.T.);
#1690=ADVANCED_FACE('',(#1689),#1673,.F.);
#1691=CARTESIAN_POINT('',(-95.943116622,85.342432162,103.679640309));
#1692=DIRECTION('',(-1.,0.,0.));
#1693=DIRECTION('',(0.,0.,1.));
#1694=AXIS2_PLACEMENT_3D('',#1691,#1692,#1693);
#1695=PLANE('',#1694);
#1696=ORIENTED_EDGE('',*,*,#1224,.F.);
#1697=CARTESIAN_POINT('',(-95.943116622,71.104339258,102.079640309));
#1698=DIRECTION('',(0.,0.,1.));
#1699=VECTOR('',#1698,1.6);
#1700=LINE('',#1697,#1699);
#1701=EDGE_CURVE('',#1211,#1458,#1700,.T.);
#1702=ORIENTED_EDGE('',*,*,#1701,.T.);
#1703=ORIENTED_EDGE('',*,*,#1465,.T.);
#1704=CARTESIAN_POINT('',(-95.943116622,65.604339258,103.679640309));
#1705=DIRECTION('',(0.,0.,-1.));
#1706=VECTOR('',#1705,1.6);
#1707=LINE('',#1704,#1706);
#1708=EDGE_CURVE('',#1460,#1219,#1707,.T.);
#1709=ORIENTED_EDGE('',*,*,#1708,.T.);
#1710=EDGE_LOOP('',(#1696,#1702,#1703,#1709));
#1711=FACE_BOUND('',#1710,.T.);
#1712=ADVANCED_FACE('',(#1711),#1695,.F.);
#1713=CARTESIAN_POINT('',(-95.943116622,85.342432162,103.679640309));
#1714=DIRECTION('',(-1.,0.,0.));
#1715=DIRECTION('',(0.,0.,1.));
#1716=AXIS2_PLACEMENT_3D('',#1713,#1714,#1715);
#1717=PLANE('',#1716);
#1718=ORIENTED_EDGE('',*,*,#1255,.F.);
#1719=CARTESIAN_POINT('',(-95.943116622,61.104339258,102.079640309));
#1720=DIRECTION('',(0.,0.,1.));
#1721=VECTOR('',#1720,1.6);
#1722=LINE('',#1719,#1721);
#1723=EDGE_CURVE('',#1242,#1489,#1722,.T.);
#1724=ORIENTED_EDGE('',*,*,#1723,.T.);
#1725=ORIENTED_EDGE('',*,*,#1496,.T.);
#1726=CARTESIAN_POINT('',(-95.943116622,55.604339258,103.679640309));
#1727=DIRECTION('',(0.,0.,-1.));
#1728=VECTOR('',#1727,1.6);
#1729=LINE('',#1726,#1728);
#1730=EDGE_CURVE('',#1491,#1250,#1729,.T.);
#1731=ORIENTED_EDGE('',*,*,#1730,.T.);
#1732=EDGE_LOOP('',(#1718,#1724,#1725,#1731));
#1733=FACE_BOUND('',#1732,.T.);
#1734=ADVANCED_FACE('',(#1733),#1717,.F.);
#1735=CARTESIAN_POINT('',(-95.943116622,85.342432162,103.679640309));
#1736=DIRECTION('',(-1.,0.,0.));
#1737=DIRECTION('',(0.,0.,1.));
#1738=AXIS2_PLACEMENT_3D('',#1735,#1736,#1737);
#1739=PLANE('',#1738);
#1740=ORIENTED_EDGE('',*,*,#1286,.F.);
#1741=CARTESIAN_POINT('',(-95.943116622,51.104339258,102.079640309));
#1742=DIRECTION('',(0.,0.,1.));
#1743=VECTOR('',#1742,1.6);
#1744=LINE('',#1741,#1743);
#1745=EDGE_CURVE('',#1273,#1520,#1744,.T.);
#1746=ORIENTED_EDGE('',*,*,#1745,.T.);
#1747=ORIENTED_EDGE('',*,*,#1527,.T.);
#1748=CARTESIAN_POINT('',(-95.943116622,45.604339258,103.679640309));
#1749=DIRECTION('',(0.,0.,-1.));
#1750=VECTOR('',#1749,1.6);
#1751=LINE('',#1748,#1750);
#1752=EDGE_CURVE('',#1522,#1281,#1751,.T.);
#1753=ORIENTED_EDGE('',*,*,#1752,.T.);
#1754=EDGE_LOOP('',(#1740,#1746,#1747,#1753));
#1755=FACE_BOUND('',#1754,.T.);
#1756=ADVANCED_FACE('',(#1755),#1739,.F.);
#1757=CARTESIAN_POINT('',(-95.943116622,85.342432162,103.679640309));
#1758=DIRECTION('',(-1.,0.,0.));
#1759=DIRECTION('',(0.,0.,1.));
#1760=AXIS2_PLACEMENT_3D('',#1757,#1758,#1759);
#1761=PLANE('',#1760);
#1762=ORIENTED_EDGE('',*,*,#1317,.F.);
#1763=CARTESIAN_POINT('',(-95.943116622,41.104339258,102.079640309));
#1764=DIRECTION('',(0.,0.,1.));
#1765=VECTOR('',#1764,1.6);
#1766=LINE('',#1763,#1765);
#1767=EDGE_CURVE('',#1304,#1551,#1766,.T.);
#1768=ORIENTED_EDGE('',*,*,#1767,.T.);
#1769=ORIENTED_EDGE('',*,*,#1558,.T.);
#1770=CARTESIAN_POINT('',(-95.943116622,35.604339258,103.679640309));
#1771=DIRECTION('',(0.,0.,-1.));
#1772=VECTOR('',#1771,1.6);
#1773=LINE('',#1770,#1772);
#1774=EDGE_CURVE('',#1553,#1312,#1773,.T.);
#1775=ORIENTED_EDGE('',*,*,#1774,.T.);
#1776=EDGE_LOOP('',(#1762,#1768,#1769,#1775));
#1777=FACE_BOUND('',#1776,.T.);
#1778=ADVANCED_FACE('',(#1777),#1761,.F.);
#1779=CARTESIAN_POINT('',(-95.943116622,85.342432162,103.679640309));
#1780=DIRECTION('',(-1.,0.,0.));
#1781=DIRECTION('',(0.,0.,1.));
#1782=AXIS2_PLACEMENT_3D('',#1779,#1780,#1781);
#1783=PLANE('',#1782);
#1784=ORIENTED_EDGE('',*,*,#1348,.F.);
#1785=CARTESIAN_POINT('',(-95.943116622,31.104339258,102.079640309));
#1786=DIRECTION('',(0.,0.,1.));
#1787=VECTOR('',#1786,1.6);
#1788=LINE('',#1785,#1787);
#1789=EDGE_CURVE('',#1335,#1582,#1788,.T.);
#1790=ORIENTED_EDGE('',*,*,#1789,.T.);
#1791=ORIENTED_EDGE('',*,*,#1589,.T.);
#1792=CARTESIAN_POINT('',(-95.943116622,25.604339258,103.679640309));
#1793=DIRECTION('',(0.,0.,-1.));
#1794=VECTOR('',#1793,1.6);
#1795=LINE('',#1792,#1794);
#1796=EDGE_CURVE('',#1584,#1343,#1795,.T.);
#1797=ORIENTED_EDGE('',*,*,#1796,.T.);
#1798=EDGE_LOOP('',(#1784,#1790,#1791,#1797));
#1799=FACE_BOUND('',#1798,.T.);
#1800=ADVANCED_FACE('',(#1799),#1783,.F.);
#1801=CARTESIAN_POINT('',(-95.943116622,85.342432162,103.679640309));
#1802=DIRECTION('',(-1.,0.,0.));
#1803=DIRECTION('',(0.,0.,1.));
#1804=AXIS2_PLACEMENT_3D('',#1801,#1802,#1803);
#1805=PLANE('',#1804);
#1806=ORIENTED_EDGE('',*,*,#1379,.F.);
#1807=CARTESIAN_POINT('',(-95.943116622,21.104339258,102.079640309));
#1808=DIRECTION('',(0.,0.,1.));
#1809=VECTOR('',#1808,1.6);
#1810=LINE('',#1807,#1809);
#1811=EDGE_CURVE('',#1366,#1613,#1810,.T.);
#1812=ORIENTED_EDGE('',*,*,#1811,.T.);
#1813=ORIENTED_EDGE('',*,*,#1620,.T.);
#1814=CARTESIAN_POINT('',(-95.943116622,15.604339258,103.679640309));
#1815=DIRECTION('',(0.,0.,-1.));
#1816=VECTOR('',#1815,1.6);
#1817=LINE('',#1814,#1816);
#1818=EDGE_CURVE('',#1615,#1374,#1817,.T.);
#1819=ORIENTED_EDGE('',*,*,#1818,.T.);
#1820=EDGE_LOOP('',(#1806,#1812,#1813,#1819));
#1821=FACE_BOUND('',#1820,.T.);
#1822=ADVANCED_FACE('',(#1821),#1805,.F.);
#1823=CARTESIAN_POINT('',(-95.943116622,85.342432162,103.679640309));
#1824=DIRECTION('',(-1.,0.,0.));
#1825=DIRECTION('',(0.,0.,1.));
#1826=AXIS2_PLACEMENT_3D('',#1823,#1824,#1825);
#1827=PLANE('',#1826);
#1828=ORIENTED_EDGE('',*,*,#1410,.F.);
#1829=CARTESIAN_POINT('',(-95.943116622,11.104339258,102.079640309));
#1830=DIRECTION('',(0.,0.,1.));
#1831=VECTOR('',#1830,1.6);
#1832=LINE('',#1829,#1831);
#1833=EDGE_CURVE('',#1397,#1644,#1832,.T.);
#1834=ORIENTED_EDGE('',*,*,#1833,.T.);
#1835=ORIENTED_EDGE('',*,*,#1651,.T.);
#1836=CARTESIAN_POINT('',(-95.943116622,5.604339258,103.679640309));
#1837=DIRECTION('',(0.,0.,-1.));
#1838=VECTOR('',#1837,1.6);
#1839=LINE('',#1836,#1838);
#1840=EDGE_CURVE('',#1646,#1405,#1839,.T.);
#1841=ORIENTED_EDGE('',*,*,#1840,.T.);
#1842=EDGE_LOOP('',(#1828,#1834,#1835,#1841));
#1843=FACE_BOUND('',#1842,.T.);
#1844=ADVANCED_FACE('',(#1843),#1827,.F.);
#1845=CARTESIAN_POINT('',(-98.943116622,0.70569171,-428.852674659));
#1846=DIRECTION('',(-1.,0.,0.));
#1847=DIRECTION('',(0.,0.,1.));
#1848=AXIS2_PLACEMENT_3D('',#1845,#1846,#1847);
#1849=PLANE('',#1848);
#1850=CARTESIAN_POINT('',(-98.943116622,1.104339258,107.679640309));
#1851=VERTEX_POINT('',#1850);
#1852=CARTESIAN_POINT('',(-98.943116622,-84.609970867,107.679640309));
#1853=VERTEX_POINT('',#1852);
#1854=CARTESIAN_POINT('',(-98.943116622,1.104339258,107.679640309));
#1855=DIRECTION('',(0.,-1.,0.));
#1856=VECTOR('',#1855,85.714310125);
#1857=LINE('',#1854,#1856);
#1858=EDGE_CURVE('',#1851,#1853,#1857,.T.);
#1859=ORIENTED_EDGE('',*,*,#1858,.T.);
#1860=CARTESIAN_POINT('',(-98.943116622,-88.657567838,103.632043338));
#1861=VERTEX_POINT('',#1860);
#1862=CARTESIAN_POINT('',(-98.943116622,-80.562373896,99.584446368));
#1863=DIRECTION('',(1.,-0.,-0.));
#1864=DIRECTION('',(0.,0.707106781,-0.707106781));
#1865=AXIS2_PLACEMENT_3D('',#1862,#1863,#1864);
#1866=ELLIPSE('',#1865,9.914547263,5.724166531);
#1867=EDGE_CURVE('',#1853,#1861,#1866,.T.);
#1868=ORIENTED_EDGE('',*,*,#1867,.T.);
#1869=CARTESIAN_POINT('',(-98.943116622,-88.657567838,20.540531749));
#1870=VERTEX_POINT('',#1869);
#1871=CARTESIAN_POINT('',(-98.943116622,-88.657567838,103.632043338));
#1872=DIRECTION('',(0.,0.,-1.));
#1873=VECTOR('',#1872,83.091511589);
#1874=LINE('',#1871,#1873);
#1875=EDGE_CURVE('',#1861,#1870,#1874,.T.);
#1876=ORIENTED_EDGE('',*,*,#1875,.T.);
#1877=CARTESIAN_POINT('',(-98.943116622,-86.253404782,20.540531749));
#1878=VERTEX_POINT('',#1877);
#1879=CARTESIAN_POINT('',(-98.943116622,-88.657567838,20.540531749));
#1880=DIRECTION('',(0.,1.,0.));
#1881=VECTOR('',#1880,2.404163056);
#1882=LINE('',#1879,#1881);
#1883=EDGE_CURVE('',#1870,#1878,#1882,.T.);
#1884=ORIENTED_EDGE('',*,*,#1883,.T.);
#1885=CARTESIAN_POINT('',(-98.943116622,-86.253404782,21.540531749));
#1886=VERTEX_POINT('',#1885);
#1887=CARTESIAN_POINT('',(-98.943116622,-86.253404782,21.540531749));
#1888=DIRECTION('',(0.,0.,-1.));
#1889=VECTOR('',#1888,1.);
#1890=LINE('',#1887,#1889);
#1891=EDGE_CURVE('',#1886,#1878,#1890,.T.);
#1892=ORIENTED_EDGE('',*,*,#1891,.F.);
#1893=CARTESIAN_POINT('',(-98.943116622,-86.253404782,93.579640309));
#1894=VERTEX_POINT('',#1893);
#1895=CARTESIAN_POINT('',(-98.943116622,-86.253404782,93.579640309));
#1896=DIRECTION('',(0.,0.,-1.));
#1897=VECTOR('',#1896,72.03910856);
#1898=LINE('',#1895,#1897);
#1899=EDGE_CURVE('',#1894,#1886,#1898,.T.);
#1900=ORIENTED_EDGE('',*,*,#1899,.F.);
#1901=CARTESIAN_POINT('',(-98.943116622,-83.000713588,93.579640309));
#1902=VERTEX_POINT('',#1901);
#1903=CARTESIAN_POINT('',(-98.943116622,-86.253404782,93.579640309));
#1904=DIRECTION('',(0.,1.,0.));
#1905=VECTOR('',#1904,3.252691193);
#1906=LINE('',#1903,#1905);
#1907=EDGE_CURVE('',#1894,#1902,#1906,.T.);
#1908=ORIENTED_EDGE('',*,*,#1907,.T.);
#1909=CARTESIAN_POINT('',(-98.943116622,-83.000713588,93.679640309));
#1910=VERTEX_POINT('',#1909);
#1911=CARTESIAN_POINT('',(-98.943116622,-83.000713588,93.679640309));
#1912=DIRECTION('',(-0.,-0.,-1.));
#1913=VECTOR('',#1912,0.1);
#1914=LINE('',#1911,#1913);
#1915=EDGE_CURVE('',#1910,#1902,#1914,.T.);
#1916=ORIENTED_EDGE('',*,*,#1915,.F.);
#1917=CARTESIAN_POINT('',(-98.943116622,-74.657567838,102.02278606));
#1918=VERTEX_POINT('',#1917);
#1919=CARTESIAN_POINT('',(-98.943116622,-74.657567838,93.679640309));
#1920=DIRECTION('',(1.,-0.,-0.));
#1921=DIRECTION('',(0.,0.,1.));
#1922=AXIS2_PLACEMENT_3D('',#1919,#1920,#1921);
#1923=CIRCLE('',#1922,8.343145751);
#1924=EDGE_CURVE('',#1918,#1910,#1923,.T.);
#1925=ORIENTED_EDGE('',*,*,#1924,.F.);
#1926=CARTESIAN_POINT('',(-98.943116622,1.104339258,102.02278606));
#1927=VERTEX_POINT('',#1926);
#1928=CARTESIAN_POINT('',(-98.943116622,1.104339258,102.02278606));
#1929=DIRECTION('',(-0.,-1.,-0.));
#1930=VECTOR('',#1929,75.761907095);
#1931=LINE('',#1928,#1930);
#1932=EDGE_CURVE('',#1927,#1918,#1931,.T.);
#1933=ORIENTED_EDGE('',*,*,#1932,.F.);
#1934=CARTESIAN_POINT('',(-98.943116622,1.104339258,102.079640309));
#1935=VERTEX_POINT('',#1934);
#1936=CARTESIAN_POINT('',(-98.943116622,1.104339258,102.02278606));
#1937=DIRECTION('',(0.,0.,1.));
#1938=VECTOR('',#1937,0.056854249);
#1939=LINE('',#1936,#1938);
#1940=EDGE_CURVE('',#1927,#1935,#1939,.T.);
#1941=ORIENTED_EDGE('',*,*,#1940,.T.);
#1942=CARTESIAN_POINT('',(-98.943116622,-74.357567838,102.079640309));
#1943=VERTEX_POINT('',#1942);
#1944=CARTESIAN_POINT('',(-98.943116622,1.104339258,102.079640309));
#1945=DIRECTION('',(0.,-1.,0.));
#1946=VECTOR('',#1945,75.461907095);
#1947=LINE('',#1944,#1946);
#1948=EDGE_CURVE('',#1935,#1943,#1947,.T.);
#1949=ORIENTED_EDGE('',*,*,#1948,.T.);
#1950=CARTESIAN_POINT('',(-98.943116622,-74.357567838,103.679640309));
#1951=VERTEX_POINT('',#1950);
#1952=CARTESIAN_POINT('',(-98.943116622,-74.357567838,102.079640309));
#1953=DIRECTION('',(0.,0.,1.));
#1954=VECTOR('',#1953,1.6);
#1955=LINE('',#1952,#1954);
#1956=EDGE_CURVE('',#1943,#1951,#1955,.T.);
#1957=ORIENTED_EDGE('',*,*,#1956,.T.);
#1958=CARTESIAN_POINT('',(-98.943116622,1.104339258,103.679640309));
#1959=VERTEX_POINT('',#1958);
#1960=CARTESIAN_POINT('',(-98.943116622,1.104339258,103.679640309));
#1961=DIRECTION('',(0.,-1.,0.));
#1962=VECTOR('',#1961,75.461907095);
#1963=LINE('',#1960,#1962);
#1964=EDGE_CURVE('',#1959,#1951,#1963,.T.);
#1965=ORIENTED_EDGE('',*,*,#1964,.F.);
#1966=CARTESIAN_POINT('',(-98.943116622,1.104339258,103.679640309));
#1967=DIRECTION('',(0.,0.,1.));
#1968=VECTOR('',#1967,4.);
#1969=LINE('',#1966,#1968);
#1970=EDGE_CURVE('',#1959,#1851,#1969,.T.);
#1971=ORIENTED_EDGE('',*,*,#1970,.T.);
#1972=EDGE_LOOP('',(#1859,#1868,#1876,#1884,#1892,#1900,#1908,#1916,#1925,#1933,#1941,#1949,#1957,#1965,#1971));
#1973=FACE_BOUND('',#1972,.T.);
#1974=ADVANCED_FACE('',(#1973),#1849,.F.);
#1975=CARTESIAN_POINT('',(-103.943116622,0.70569171,6.040531749));
#1976=DIRECTION('',(-1.,0.,0.));
#1977=DIRECTION('',(0.,0.,1.));
#1978=AXIS2_PLACEMENT_3D('',#1975,#1976,#1977);
#1979=PLANE('',#1978);
#1980=CARTESIAN_POINT('',(-103.943116622,-83.657567838,20.540531749));
#1981=VERTEX_POINT('',#1980);
#1982=CARTESIAN_POINT('',(-103.943116622,-83.657567838,98.632043338));
#1983=VERTEX_POINT('',#1982);
#1984=CARTESIAN_POINT('',(-103.943116622,-83.657567838,20.540531749));
#1985=DIRECTION('',(0.,0.,1.));
#1986=VECTOR('',#1985,78.091511589);
#1987=LINE('',#1984,#1986);
#1988=EDGE_CURVE('',#1981,#1983,#1987,.T.);
#1989=ORIENTED_EDGE('',*,*,#1988,.T.);
#1990=CARTESIAN_POINT('',(-103.943116622,-79.609970867,102.679640309));
#1991=VERTEX_POINT('',#1990);
#1992=CARTESIAN_POINT('',(-103.943116622,-75.562373896,94.584446368));
#1993=DIRECTION('',(-1.,0.,0.));
#1994=DIRECTION('',(0.,0.707106781,-0.707106781));
#1995=AXIS2_PLACEMENT_3D('',#1992,#1993,#1994);
#1996=ELLIPSE('',#1995,9.914547263,5.724166531);
#1997=EDGE_CURVE('',#1983,#1991,#1996,.T.);
#1998=ORIENTED_EDGE('',*,*,#1997,.T.);
#1999=CARTESIAN_POINT('',(-103.943116622,1.104339258,102.679640309));
#2000=VERTEX_POINT('',#1999);
#2001=CARTESIAN_POINT('',(-103.943116622,-79.609970867,102.679640309));
#2002=DIRECTION('',(0.,1.,0.));
#2003=VECTOR('',#2002,80.714310125);
#2004=LINE('',#2001,#2003);
#2005=EDGE_CURVE('',#1991,#2000,#2004,.T.);
#2006=ORIENTED_EDGE('',*,*,#2005,.T.);
#2007=CARTESIAN_POINT('',(-103.943116622,1.104339258,71.097944456));
#2008=VERTEX_POINT('',#2007);
#2009=CARTESIAN_POINT('',(-103.943116622,1.104339258,71.097944456));
#2010=DIRECTION('',(0.,0.,1.));
#2011=VECTOR('',#2010,31.581695853);
#2012=LINE('',#2009,#2011);
#2013=EDGE_CURVE('',#2008,#2000,#2012,.T.);
#2014=ORIENTED_EDGE('',*,*,#2013,.F.);
#2015=CARTESIAN_POINT('',(-103.943116622,3.304339258,68.897944456));
#2016=VERTEX_POINT('',#2015);
#2017=CARTESIAN_POINT('',(-103.943116622,3.304339258,71.097944456));
#2018=DIRECTION('',(-1.,0.,0.));
#2019=DIRECTION('',(0.,0.,1.));
#2020=AXIS2_PLACEMENT_3D('',#2017,#2018,#2019);
#2021=CIRCLE('',#2020,2.2);
#2022=EDGE_CURVE('',#2016,#2008,#2021,.T.);
#2023=ORIENTED_EDGE('',*,*,#2022,.F.);
#2024=CARTESIAN_POINT('',(-103.943116622,3.404339258,68.897944456));
#2025=VERTEX_POINT('',#2024);
#2026=CARTESIAN_POINT('',(-103.943116622,3.404339258,68.897944456));
#2027=DIRECTION('',(0.,-1.,0.));
#2028=VECTOR('',#2027,0.1);
#2029=LINE('',#2026,#2028);
#2030=EDGE_CURVE('',#2025,#2016,#2029,.T.);
#2031=ORIENTED_EDGE('',*,*,#2030,.F.);
#2032=CARTESIAN_POINT('',(-103.943116622,5.604339258,71.097944456));
#2033=VERTEX_POINT('',#2032);
#2034=CARTESIAN_POINT('',(-103.943116622,3.404339258,71.097944456));
#2035=DIRECTION('',(-1.,0.,0.));
#2036=DIRECTION('',(0.,0.,1.));
#2037=AXIS2_PLACEMENT_3D('',#2034,#2035,#2036);
#2038=CIRCLE('',#2037,2.2);
#2039=EDGE_CURVE('',#2033,#2025,#2038,.T.);
#2040=ORIENTED_EDGE('',*,*,#2039,.F.);
#2041=CARTESIAN_POINT('',(-103.943116622,5.604339258,102.679640309));
#2042=DIRECTION('',(0.,0.,-1.));
#2043=VECTOR('',#2042,31.581695853);
#2044=LINE('',#2041,#2043);
#2045=EDGE_CURVE('',#1156,#2033,#2044,.T.);
#2046=ORIENTED_EDGE('',*,*,#2045,.F.);
#2047=ORIENTED_EDGE('',*,*,#1161,.T.);
#2048=CARTESIAN_POINT('',(-103.943116622,11.104339258,71.097944456));
#2049=VERTEX_POINT('',#2048);
#2050=CARTESIAN_POINT('',(-103.943116622,11.104339258,71.097944456));
#2051=DIRECTION('',(0.,0.,1.));
#2052=VECTOR('',#2051,31.581695853);
#2053=LINE('',#2050,#2052);
#2054=EDGE_CURVE('',#2049,#1148,#2053,.T.);
#2055=ORIENTED_EDGE('',*,*,#2054,.F.);
#2056=CARTESIAN_POINT('',(-103.943116622,13.304339258,68.897944456));
#2057=VERTEX_POINT('',#2056);
#2058=CARTESIAN_POINT('',(-103.943116622,13.304339258,71.097944456));
#2059=DIRECTION('',(-1.,0.,0.));
#2060=DIRECTION('',(0.,0.,1.));
#2061=AXIS2_PLACEMENT_3D('',#2058,#2059,#2060);
#2062=CIRCLE('',#2061,2.2);
#2063=EDGE_CURVE('',#2057,#2049,#2062,.T.);
#2064=ORIENTED_EDGE('',*,*,#2063,.F.);
#2065=CARTESIAN_POINT('',(-103.943116622,13.404339258,68.897944456));
#2066=VERTEX_POINT('',#2065);
#2067=CARTESIAN_POINT('',(-103.943116622,13.404339258,68.897944456));
#2068=DIRECTION('',(0.,-1.,0.));
#2069=VECTOR('',#2068,0.1);
#2070=LINE('',#2067,#2069);
#2071=EDGE_CURVE('',#2066,#2057,#2070,.T.);
#2072=ORIENTED_EDGE('',*,*,#2071,.F.);
#2073=CARTESIAN_POINT('',(-103.943116622,15.604339258,71.097944456));
#2074=VERTEX_POINT('',#2073);
#2075=CARTESIAN_POINT('',(-103.943116622,13.404339258,71.097944456));
#2076=DIRECTION('',(-1.,0.,0.));
#2077=DIRECTION('',(0.,0.,1.));
#2078=AXIS2_PLACEMENT_3D('',#2075,#2076,#2077);
#2079=CIRCLE('',#2078,2.2);
#2080=EDGE_CURVE('',#2074,#2066,#2079,.T.);
#2081=ORIENTED_EDGE('',*,*,#2080,.F.);
#2082=CARTESIAN_POINT('',(-103.943116622,15.604339258,102.679640309));
#2083=DIRECTION('',(0.,0.,-1.));
#2084=VECTOR('',#2083,31.581695853);
#2085=LINE('',#2082,#2084);
#2086=EDGE_CURVE('',#1125,#2074,#2085,.T.);
#2087=ORIENTED_EDGE('',*,*,#2086,.F.);
#2088=ORIENTED_EDGE('',*,*,#1130,.T.);
#2089=CARTESIAN_POINT('',(-103.943116622,21.104339258,71.097944456));
#2090=VERTEX_POINT('',#2089);
#2091=CARTESIAN_POINT('',(-103.943116622,21.104339258,71.097944456));
#2092=DIRECTION('',(0.,0.,1.));
#2093=VECTOR('',#2092,31.581695853);
#2094=LINE('',#2091,#2093);
#2095=EDGE_CURVE('',#2090,#1117,#2094,.T.);
#2096=ORIENTED_EDGE('',*,*,#2095,.F.);
#2097=CARTESIAN_POINT('',(-103.943116622,23.304339258,68.897944456));
#2098=VERTEX_POINT('',#2097);
#2099=CARTESIAN_POINT('',(-103.943116622,23.304339258,71.097944456));
#2100=DIRECTION('',(-1.,0.,0.));
#2101=DIRECTION('',(0.,0.,1.));
#2102=AXIS2_PLACEMENT_3D('',#2099,#2100,#2101);
#2103=CIRCLE('',#2102,2.2);
#2104=EDGE_CURVE('',#2098,#2090,#2103,.T.);
#2105=ORIENTED_EDGE('',*,*,#2104,.F.);
#2106=CARTESIAN_POINT('',(-103.943116622,23.404339258,68.897944456));
#2107=VERTEX_POINT('',#2106);
#2108=CARTESIAN_POINT('',(-103.943116622,23.404339258,68.897944456));
#2109=DIRECTION('',(0.,-1.,0.));
#2110=VECTOR('',#2109,0.1);
#2111=LINE('',#2108,#2110);
#2112=EDGE_CURVE('',#2107,#2098,#2111,.T.);
#2113=ORIENTED_EDGE('',*,*,#2112,.F.);
#2114=CARTESIAN_POINT('',(-103.943116622,25.604339258,71.097944456));
#2115=VERTEX_POINT('',#2114);
#2116=CARTESIAN_POINT('',(-103.943116622,23.404339258,71.097944456));
#2117=DIRECTION('',(-1.,0.,0.));
#2118=DIRECTION('',(0.,0.,1.));
#2119=AXIS2_PLACEMENT_3D('',#2116,#2117,#2118);
#2120=CIRCLE('',#2119,2.2);
#2121=EDGE_CURVE('',#2115,#2107,#2120,.T.);
#2122=ORIENTED_EDGE('',*,*,#2121,.F.);
#2123=CARTESIAN_POINT('',(-103.943116622,25.604339258,102.679640309));
#2124=DIRECTION('',(0.,0.,-1.));
#2125=VECTOR('',#2124,31.581695853);
#2126=LINE('',#2123,#2125);
#2127=EDGE_CURVE('',#1094,#2115,#2126,.T.);
#2128=ORIENTED_EDGE('',*,*,#2127,.F.);
#2129=ORIENTED_EDGE('',*,*,#1099,.T.);
#2130=CARTESIAN_POINT('',(-103.943116622,31.104339258,71.097944456));
#2131=VERTEX_POINT('',#2130);
#2132=CARTESIAN_POINT('',(-103.943116622,31.104339258,71.097944456));
#2133=DIRECTION('',(0.,0.,1.));
#2134=VECTOR('',#2133,31.581695853);
#2135=LINE('',#2132,#2134);
#2136=EDGE_CURVE('',#2131,#1086,#2135,.T.);
#2137=ORIENTED_EDGE('',*,*,#2136,.F.);
#2138=CARTESIAN_POINT('',(-103.943116622,33.304339258,68.897944456));
#2139=VERTEX_POINT('',#2138);
#2140=CARTESIAN_POINT('',(-103.943116622,33.304339258,71.097944456));
#2141=DIRECTION('',(-1.,0.,0.));
#2142=DIRECTION('',(0.,0.,1.));
#2143=AXIS2_PLACEMENT_3D('',#2140,#2141,#2142);
#2144=CIRCLE('',#2143,2.2);
#2145=EDGE_CURVE('',#2139,#2131,#2144,.T.);
#2146=ORIENTED_EDGE('',*,*,#2145,.F.);
#2147=CARTESIAN_POINT('',(-103.943116622,33.404339258,68.897944456));
#2148=VERTEX_POINT('',#2147);
#2149=CARTESIAN_POINT('',(-103.943116622,33.404339258,68.897944456));
#2150=DIRECTION('',(0.,-1.,0.));
#2151=VECTOR('',#2150,0.1);
#2152=LINE('',#2149,#2151);
#2153=EDGE_CURVE('',#2148,#2139,#2152,.T.);
#2154=ORIENTED_EDGE('',*,*,#2153,.F.);
#2155=CARTESIAN_POINT('',(-103.943116622,35.604339258,71.097944456));
#2156=VERTEX_POINT('',#2155);
#2157=CARTESIAN_POINT('',(-103.943116622,33.404339258,71.097944456));
#2158=DIRECTION('',(-1.,0.,0.));
#2159=DIRECTION('',(0.,0.,1.));
#2160=AXIS2_PLACEMENT_3D('',#2157,#2158,#2159);
#2161=CIRCLE('',#2160,2.2);
#2162=EDGE_CURVE('',#2156,#2148,#2161,.T.);
#2163=ORIENTED_EDGE('',*,*,#2162,.F.);
#2164=CARTESIAN_POINT('',(-103.943116622,35.604339258,102.679640309));
#2165=DIRECTION('',(0.,0.,-1.));
#2166=VECTOR('',#2165,31.581695853);
#2167=LINE('',#2164,#2166);
#2168=EDGE_CURVE('',#1063,#2156,#2167,.T.);
#2169=ORIENTED_EDGE('',*,*,#2168,.F.);
#2170=ORIENTED_EDGE('',*,*,#1068,.T.);
#2171=CARTESIAN_POINT('',(-103.943116622,41.104339258,71.097944456));
#2172=VERTEX_POINT('',#2171);
#2173=CARTESIAN_POINT('',(-103.943116622,41.104339258,71.097944456));
#2174=DIRECTION('',(0.,0.,1.));
#2175=VECTOR('',#2174,31.581695853);
#2176=LINE('',#2173,#2175);
#2177=EDGE_CURVE('',#2172,#1055,#2176,.T.);
#2178=ORIENTED_EDGE('',*,*,#2177,.F.);
#2179=CARTESIAN_POINT('',(-103.943116622,43.304339258,68.897944456));
#2180=VERTEX_POINT('',#2179);
#2181=CARTESIAN_POINT('',(-103.943116622,43.304339258,71.097944456));
#2182=DIRECTION('',(-1.,0.,0.));
#2183=DIRECTION('',(0.,0.,1.));
#2184=AXIS2_PLACEMENT_3D('',#2181,#2182,#2183);
#2185=CIRCLE('',#2184,2.2);
#2186=EDGE_CURVE('',#2180,#2172,#2185,.T.);
#2187=ORIENTED_EDGE('',*,*,#2186,.F.);
#2188=CARTESIAN_POINT('',(-103.943116622,43.404339258,68.897944456));
#2189=VERTEX_POINT('',#2188);
#2190=CARTESIAN_POINT('',(-103.943116622,43.404339258,68.897944456));
#2191=DIRECTION('',(0.,-1.,0.));
#2192=VECTOR('',#2191,0.1);
#2193=LINE('',#2190,#2192);
#2194=EDGE_CURVE('',#2189,#2180,#2193,.T.);
#2195=ORIENTED_EDGE('',*,*,#2194,.F.);
#2196=CARTESIAN_POINT('',(-103.943116622,45.604339258,71.097944456));
#2197=VERTEX_POINT('',#2196);
#2198=CARTESIAN_POINT('',(-103.943116622,43.404339258,71.097944456));
#2199=DIRECTION('',(-1.,0.,0.));
#2200=DIRECTION('',(0.,0.,1.));
#2201=AXIS2_PLACEMENT_3D('',#2198,#2199,#2200);
#2202=CIRCLE('',#2201,2.2);
#2203=EDGE_CURVE('',#2197,#2189,#2202,.T.);
#2204=ORIENTED_EDGE('',*,*,#2203,.F.);
#2205=CARTESIAN_POINT('',(-103.943116622,45.604339258,102.679640309));
#2206=DIRECTION('',(0.,0.,-1.));
#2207=VECTOR('',#2206,31.581695853);
#2208=LINE('',#2205,#2207);
#2209=EDGE_CURVE('',#1032,#2197,#2208,.T.);
#2210=ORIENTED_EDGE('',*,*,#2209,.F.);
#2211=ORIENTED_EDGE('',*,*,#1037,.T.);
#2212=CARTESIAN_POINT('',(-103.943116622,51.104339258,71.097944456));
#2213=VERTEX_POINT('',#2212);
#2214=CARTESIAN_POINT('',(-103.943116622,51.104339258,71.097944456));
#2215=DIRECTION('',(0.,0.,1.));
#2216=VECTOR('',#2215,31.581695853);
#2217=LINE('',#2214,#2216);
#2218=EDGE_CURVE('',#2213,#1024,#2217,.T.);
#2219=ORIENTED_EDGE('',*,*,#2218,.F.);
#2220=CARTESIAN_POINT('',(-103.943116622,53.304339258,68.897944456));
#2221=VERTEX_POINT('',#2220);
#2222=CARTESIAN_POINT('',(-103.943116622,53.304339258,71.097944456));
#2223=DIRECTION('',(-1.,0.,0.));
#2224=DIRECTION('',(0.,0.,1.));
#2225=AXIS2_PLACEMENT_3D('',#2222,#2223,#2224);
#2226=CIRCLE('',#2225,2.2);
#2227=EDGE_CURVE('',#2221,#2213,#2226,.T.);
#2228=ORIENTED_EDGE('',*,*,#2227,.F.);
#2229=CARTESIAN_POINT('',(-103.943116622,53.404339258,68.897944456));
#2230=VERTEX_POINT('',#2229);
#2231=CARTESIAN_POINT('',(-103.943116622,53.404339258,68.897944456));
#2232=DIRECTION('',(0.,-1.,0.));
#2233=VECTOR('',#2232,0.1);
#2234=LINE('',#2231,#2233);
#2235=EDGE_CURVE('',#2230,#2221,#2234,.T.);
#2236=ORIENTED_EDGE('',*,*,#2235,.F.);
#2237=CARTESIAN_POINT('',(-103.943116622,55.604339258,71.097944456));
#2238=VERTEX_POINT('',#2237);
#2239=CARTESIAN_POINT('',(-103.943116622,53.404339258,71.097944456));
#2240=DIRECTION('',(-1.,0.,0.));
#2241=DIRECTION('',(0.,0.,1.));
#2242=AXIS2_PLACEMENT_3D('',#2239,#2240,#2241);
#2243=CIRCLE('',#2242,2.2);
#2244=EDGE_CURVE('',#2238,#2230,#2243,.T.);
#2245=ORIENTED_EDGE('',*,*,#2244,.F.);
#2246=CARTESIAN_POINT('',(-103.943116622,55.604339258,102.679640309));
#2247=DIRECTION('',(0.,0.,-1.));
#2248=VECTOR('',#2247,31.581695853);
#2249=LINE('',#2246,#2248);
#2250=EDGE_CURVE('',#1001,#2238,#2249,.T.);
#2251=ORIENTED_EDGE('',*,*,#2250,.F.);
#2252=ORIENTED_EDGE('',*,*,#1006,.T.);
#2253=CARTESIAN_POINT('',(-103.943116622,61.104339258,71.097944456));
#2254=VERTEX_POINT('',#2253);
#2255=CARTESIAN_POINT('',(-103.943116622,61.104339258,71.097944456));
#2256=DIRECTION('',(0.,0.,1.));
#2257=VECTOR('',#2256,31.581695853);
#2258=LINE('',#2255,#2257);
#2259=EDGE_CURVE('',#2254,#993,#2258,.T.);
#2260=ORIENTED_EDGE('',*,*,#2259,.F.);
#2261=CARTESIAN_POINT('',(-103.943116622,63.304339258,68.897944456));
#2262=VERTEX_POINT('',#2261);
#2263=CARTESIAN_POINT('',(-103.943116622,63.304339258,71.097944456));
#2264=DIRECTION('',(-1.,0.,0.));
#2265=DIRECTION('',(0.,0.,1.));
#2266=AXIS2_PLACEMENT_3D('',#2263,#2264,#2265);
#2267=CIRCLE('',#2266,2.2);
#2268=EDGE_CURVE('',#2262,#2254,#2267,.T.);
#2269=ORIENTED_EDGE('',*,*,#2268,.F.);
#2270=CARTESIAN_POINT('',(-103.943116622,63.404339258,68.897944456));
#2271=VERTEX_POINT('',#2270);
#2272=CARTESIAN_POINT('',(-103.943116622,63.404339258,68.897944456));
#2273=DIRECTION('',(0.,-1.,0.));
#2274=VECTOR('',#2273,0.1);
#2275=LINE('',#2272,#2274);
#2276=EDGE_CURVE('',#2271,#2262,#2275,.T.);
#2277=ORIENTED_EDGE('',*,*,#2276,.F.);
#2278=CARTESIAN_POINT('',(-103.943116622,65.604339258,71.097944456));
#2279=VERTEX_POINT('',#2278);
#2280=CARTESIAN_POINT('',(-103.943116622,63.404339258,71.097944456));
#2281=DIRECTION('',(-1.,0.,0.));
#2282=DIRECTION('',(0.,0.,1.));
#2283=AXIS2_PLACEMENT_3D('',#2280,#2281,#2282);
#2284=CIRCLE('',#2283,2.2);
#2285=EDGE_CURVE('',#2279,#2271,#2284,.T.);
#2286=ORIENTED_EDGE('',*,*,#2285,.F.);
#2287=CARTESIAN_POINT('',(-103.943116622,65.604339258,102.679640309));
#2288=DIRECTION('',(0.,0.,-1.));
#2289=VECTOR('',#2288,31.581695853);
#2290=LINE('',#2287,#2289);
#2291=EDGE_CURVE('',#970,#2279,#2290,.T.);
#2292=ORIENTED_EDGE('',*,*,#2291,.F.);
#2293=ORIENTED_EDGE('',*,*,#975,.T.);
#2294=CARTESIAN_POINT('',(-103.943116622,71.104339258,71.097944456));
#2295=VERTEX_POINT('',#2294);
#2296=CARTESIAN_POINT('',(-103.943116622,71.104339258,71.097944456));
#2297=DIRECTION('',(0.,0.,1.));
#2298=VECTOR('',#2297,31.581695853);
#2299=LINE('',#2296,#2298);
#2300=EDGE_CURVE('',#2295,#962,#2299,.T.);
#2301=ORIENTED_EDGE('',*,*,#2300,.F.);
#2302=CARTESIAN_POINT('',(-103.943116622,73.304339258,68.897944456));
#2303=VERTEX_POINT('',#2302);
#2304=CARTESIAN_POINT('',(-103.943116622,73.304339258,71.097944456));
#2305=DIRECTION('',(-1.,0.,0.));
#2306=DIRECTION('',(0.,0.,1.));
#2307=AXIS2_PLACEMENT_3D('',#2304,#2305,#2306);
#2308=CIRCLE('',#2307,2.2);
#2309=EDGE_CURVE('',#2303,#2295,#2308,.T.);
#2310=ORIENTED_EDGE('',*,*,#2309,.F.);
#2311=CARTESIAN_POINT('',(-103.943116622,73.404339258,68.897944456));
#2312=VERTEX_POINT('',#2311);
#2313=CARTESIAN_POINT('',(-103.943116622,73.404339258,68.897944456));
#2314=DIRECTION('',(0.,-1.,0.));
#2315=VECTOR('',#2314,0.1);
#2316=LINE('',#2313,#2315);
#2317=EDGE_CURVE('',#2312,#2303,#2316,.T.);
#2318=ORIENTED_EDGE('',*,*,#2317,.F.);
#2319=CARTESIAN_POINT('',(-103.943116622,75.604339258,71.097944456));
#2320=VERTEX_POINT('',#2319);
#2321=CARTESIAN_POINT('',(-103.943116622,73.404339258,71.097944456));
#2322=DIRECTION('',(-1.,0.,0.));
#2323=DIRECTION('',(0.,0.,1.));
#2324=AXIS2_PLACEMENT_3D('',#2321,#2322,#2323);
#2325=CIRCLE('',#2324,2.2);
#2326=EDGE_CURVE('',#2320,#2312,#2325,.T.);
#2327=ORIENTED_EDGE('',*,*,#2326,.F.);
#2328=CARTESIAN_POINT('',(-103.943116622,75.604339258,102.679640309));
#2329=DIRECTION('',(0.,0.,-1.));
#2330=VECTOR('',#2329,31.581695853);
#2331=LINE('',#2328,#2330);
#2332=EDGE_CURVE('',#922,#2320,#2331,.T.);
#2333=ORIENTED_EDGE('',*,*,#2332,.F.);
#2334=ORIENTED_EDGE('',*,*,#951,.T.);
#2335=CARTESIAN_POINT('',(-103.943116622,97.068951258,20.540531749));
#2336=VERTEX_POINT('',#2335);
#2337=CARTESIAN_POINT('',(-103.943116622,97.068951258,20.540531749));
#2338=DIRECTION('',(0.,0.,1.));
#2339=VECTOR('',#2338,82.13910856);
#2340=LINE('',#2337,#2339);
#2341=EDGE_CURVE('',#2336,#940,#2340,.T.);
#2342=ORIENTED_EDGE('',*,*,#2341,.F.);
#2343=CARTESIAN_POINT('',(-103.943116622,97.068951258,20.540531749));
#2344=DIRECTION('',(0.,-1.,0.));
#2345=VECTOR('',#2344,180.726519096);
#2346=LINE('',#2343,#2345);
#2347=EDGE_CURVE('',#2336,#1981,#2346,.T.);
#2348=ORIENTED_EDGE('',*,*,#2347,.T.);
#2349=EDGE_LOOP('',(#1989,#1998,#2006,#2014,#2023,#2031,#2040,#2046,#2047,#2055,#2064,#2072,#2081,#2087,#2088,#2096,#2105,#2113,#2122,#2128,#2129,#2137,#2146,#2154,#2163,#2169,
#2170,#2178,#2187,#2195,#2204,#2210,#2211,#2219,#2228,#2236,#2245,#2251,#2252,#2260,#2269,#2277,#2286,#2292,#2293,#2301,#2310,#2318,#2327,#2333,#2334,
#2342,#2348));
#2350=FACE_BOUND('',#2349,.T.);
#2351=ADVANCED_FACE('',(#2350),#1979,.T.);
#2352=CARTESIAN_POINT('',(-99.943116622,0.70569171,6.040531749));
#2353=DIRECTION('',(-1.,0.,0.));
#2354=DIRECTION('',(0.,0.,1.));
#2355=AXIS2_PLACEMENT_3D('',#2352,#2353,#2354);
#2356=PLANE('',#2355);
#2357=CARTESIAN_POINT('',(-99.943116622,73.304339258,68.897944456));
#2358=VERTEX_POINT('',#2357);
#2359=CARTESIAN_POINT('',(-99.943116622,71.104339258,71.097944456));
#2360=VERTEX_POINT('',#2359);
#2361=CARTESIAN_POINT('',(-99.943116622,73.304339258,71.097944456));
#2362=DIRECTION('',(-1.,0.,0.));
#2363=DIRECTION('',(0.,0.,1.));
#2364=AXIS2_PLACEMENT_3D('',#2361,#2362,#2363);
#2365=CIRCLE('',#2364,2.2);
#2366=EDGE_CURVE('',#2358,#2360,#2365,.T.);
#2367=ORIENTED_EDGE('',*,*,#2366,.T.);
#2368=CARTESIAN_POINT('',(-99.943116622,71.104339258,71.097944456));
#2369=DIRECTION('',(0.,0.,1.));
#2370=VECTOR('',#2369,29.924841604);
#2371=LINE('',#2368,#2370);
#2372=EDGE_CURVE('',#2360,#707,#2371,.T.);
#2373=ORIENTED_EDGE('',*,*,#2372,.T.);
#2374=ORIENTED_EDGE('',*,*,#712,.F.);
#2375=CARTESIAN_POINT('',(-99.943116622,65.604339258,71.097944456));
#2376=VERTEX_POINT('',#2375);
#2377=CARTESIAN_POINT('',(-99.943116622,65.604339258,101.02278606));
#2378=DIRECTION('',(0.,0.,-1.));
#2379=VECTOR('',#2378,29.924841604);
#2380=LINE('',#2377,#2379);
#2381=EDGE_CURVE('',#705,#2376,#2380,.T.);
#2382=ORIENTED_EDGE('',*,*,#2381,.T.);
#2383=CARTESIAN_POINT('',(-99.943116622,63.404339258,68.897944456));
#2384=VERTEX_POINT('',#2383);
#2385=CARTESIAN_POINT('',(-99.943116622,63.404339258,71.097944456));
#2386=DIRECTION('',(-1.,0.,0.));
#2387=DIRECTION('',(0.,0.,1.));
#2388=AXIS2_PLACEMENT_3D('',#2385,#2386,#2387);
#2389=CIRCLE('',#2388,2.2);
#2390=EDGE_CURVE('',#2376,#2384,#2389,.T.);
#2391=ORIENTED_EDGE('',*,*,#2390,.T.);
#2392=CARTESIAN_POINT('',(-99.943116622,63.304339258,68.897944456));
#2393=VERTEX_POINT('',#2392);
#2394=CARTESIAN_POINT('',(-99.943116622,63.404339258,68.897944456));
#2395=DIRECTION('',(0.,-1.,0.));
#2396=VECTOR('',#2395,0.1);
#2397=LINE('',#2394,#2396);
#2398=EDGE_CURVE('',#2384,#2393,#2397,.T.);
#2399=ORIENTED_EDGE('',*,*,#2398,.T.);
#2400=CARTESIAN_POINT('',(-99.943116622,61.104339258,71.097944456));
#2401=VERTEX_POINT('',#2400);
#2402=CARTESIAN_POINT('',(-99.943116622,63.304339258,71.097944456));
#2403=DIRECTION('',(-1.,0.,0.));
#2404=DIRECTION('',(0.,0.,1.));
#2405=AXIS2_PLACEMENT_3D('',#2402,#2403,#2404);
#2406=CIRCLE('',#2405,2.2);
#2407=EDGE_CURVE('',#2393,#2401,#2406,.T.);
#2408=ORIENTED_EDGE('',*,*,#2407,.T.);
#2409=CARTESIAN_POINT('',(-99.943116622,61.104339258,71.097944456));
#2410=DIRECTION('',(0.,0.,1.));
#2411=VECTOR('',#2410,29.924841604);
#2412=LINE('',#2409,#2411);
#2413=EDGE_CURVE('',#2401,#738,#2412,.T.);
#2414=ORIENTED_EDGE('',*,*,#2413,.T.);
#2415=ORIENTED_EDGE('',*,*,#743,.F.);
#2416=CARTESIAN_POINT('',(-99.943116622,55.604339258,71.097944456));
#2417=VERTEX_POINT('',#2416);
#2418=CARTESIAN_POINT('',(-99.943116622,55.604339258,101.02278606));
#2419=DIRECTION('',(0.,0.,-1.));
#2420=VECTOR('',#2419,29.924841604);
#2421=LINE('',#2418,#2420);
#2422=EDGE_CURVE('',#736,#2417,#2421,.T.);
#2423=ORIENTED_EDGE('',*,*,#2422,.T.);
#2424=CARTESIAN_POINT('',(-99.943116622,53.404339258,68.897944456));
#2425=VERTEX_POINT('',#2424);
#2426=CARTESIAN_POINT('',(-99.943116622,53.404339258,71.097944456));
#2427=DIRECTION('',(-1.,0.,0.));
#2428=DIRECTION('',(0.,0.,1.));
#2429=AXIS2_PLACEMENT_3D('',#2426,#2427,#2428);
#2430=CIRCLE('',#2429,2.2);
#2431=EDGE_CURVE('',#2417,#2425,#2430,.T.);
#2432=ORIENTED_EDGE('',*,*,#2431,.T.);
#2433=CARTESIAN_POINT('',(-99.943116622,53.304339258,68.897944456));
#2434=VERTEX_POINT('',#2433);
#2435=CARTESIAN_POINT('',(-99.943116622,53.404339258,68.897944456));
#2436=DIRECTION('',(0.,-1.,0.));
#2437=VECTOR('',#2436,0.1);
#2438=LINE('',#2435,#2437);
#2439=EDGE_CURVE('',#2425,#2434,#2438,.T.);
#2440=ORIENTED_EDGE('',*,*,#2439,.T.);
#2441=CARTESIAN_POINT('',(-99.943116622,51.104339258,71.097944456));
#2442=VERTEX_POINT('',#2441);
#2443=CARTESIAN_POINT('',(-99.943116622,53.304339258,71.097944456));
#2444=DIRECTION('',(-1.,0.,0.));
#2445=DIRECTION('',(0.,0.,1.));
#2446=AXIS2_PLACEMENT_3D('',#2443,#2444,#2445);
#2447=CIRCLE('',#2446,2.2);
#2448=EDGE_CURVE('',#2434,#2442,#2447,.T.);
#2449=ORIENTED_EDGE('',*,*,#2448,.T.);
#2450=CARTESIAN_POINT('',(-99.943116622,51.104339258,71.097944456));
#2451=DIRECTION('',(0.,0.,1.));
#2452=VECTOR('',#2451,29.924841604);
#2453=LINE('',#2450,#2452);
#2454=EDGE_CURVE('',#2442,#769,#2453,.T.);
#2455=ORIENTED_EDGE('',*,*,#2454,.T.);
#2456=ORIENTED_EDGE('',*,*,#774,.F.);
#2457=CARTESIAN_POINT('',(-99.943116622,45.604339258,71.097944456));
#2458=VERTEX_POINT('',#2457);
#2459=CARTESIAN_POINT('',(-99.943116622,45.604339258,101.02278606));
#2460=DIRECTION('',(0.,0.,-1.));
#2461=VECTOR('',#2460,29.924841604);
#2462=LINE('',#2459,#2461);
#2463=EDGE_CURVE('',#767,#2458,#2462,.T.);
#2464=ORIENTED_EDGE('',*,*,#2463,.T.);
#2465=CARTESIAN_POINT('',(-99.943116622,43.404339258,68.897944456));
#2466=VERTEX_POINT('',#2465);
#2467=CARTESIAN_POINT('',(-99.943116622,43.404339258,71.097944456));
#2468=DIRECTION('',(-1.,0.,0.));
#2469=DIRECTION('',(0.,0.,1.));
#2470=AXIS2_PLACEMENT_3D('',#2467,#2468,#2469);
#2471=CIRCLE('',#2470,2.2);
#2472=EDGE_CURVE('',#2458,#2466,#2471,.T.);
#2473=ORIENTED_EDGE('',*,*,#2472,.T.);
#2474=CARTESIAN_POINT('',(-99.943116622,43.304339258,68.897944456));
#2475=VERTEX_POINT('',#2474);
#2476=CARTESIAN_POINT('',(-99.943116622,43.404339258,68.897944456));
#2477=DIRECTION('',(0.,-1.,0.));
#2478=VECTOR('',#2477,0.1);
#2479=LINE('',#2476,#2478);
#2480=EDGE_CURVE('',#2466,#2475,#2479,.T.);
#2481=ORIENTED_EDGE('',*,*,#2480,.T.);
#2482=CARTESIAN_POINT('',(-99.943116622,41.104339258,71.097944456));
#2483=VERTEX_POINT('',#2482);
#2484=CARTESIAN_POINT('',(-99.943116622,43.304339258,71.097944456));
#2485=DIRECTION('',(-1.,0.,0.));
#2486=DIRECTION('',(0.,0.,1.));
#2487=AXIS2_PLACEMENT_3D('',#2484,#2485,#2486);
#2488=CIRCLE('',#2487,2.2);
#2489=EDGE_CURVE('',#2475,#2483,#2488,.T.);
#2490=ORIENTED_EDGE('',*,*,#2489,.T.);
#2491=CARTESIAN_POINT('',(-99.943116622,41.104339258,71.097944456));
#2492=DIRECTION('',(0.,0.,1.));
#2493=VECTOR('',#2492,29.924841604);
#2494=LINE('',#2491,#2493);
#2495=EDGE_CURVE('',#2483,#800,#2494,.T.);
#2496=ORIENTED_EDGE('',*,*,#2495,.T.);
#2497=ORIENTED_EDGE('',*,*,#805,.F.);
#2498=CARTESIAN_POINT('',(-99.943116622,35.604339258,71.097944456));
#2499=VERTEX_POINT('',#2498);
#2500=CARTESIAN_POINT('',(-99.943116622,35.604339258,101.02278606));
#2501=DIRECTION('',(0.,0.,-1.));
#2502=VECTOR('',#2501,29.924841604);
#2503=LINE('',#2500,#2502);
#2504=EDGE_CURVE('',#798,#2499,#2503,.T.);
#2505=ORIENTED_EDGE('',*,*,#2504,.T.);
#2506=CARTESIAN_POINT('',(-99.943116622,33.404339258,68.897944456));
#2507=VERTEX_POINT('',#2506);
#2508=CARTESIAN_POINT('',(-99.943116622,33.404339258,71.097944456));
#2509=DIRECTION('',(-1.,0.,0.));
#2510=DIRECTION('',(0.,0.,1.));
#2511=AXIS2_PLACEMENT_3D('',#2508,#2509,#2510);
#2512=CIRCLE('',#2511,2.2);
#2513=EDGE_CURVE('',#2499,#2507,#2512,.T.);
#2514=ORIENTED_EDGE('',*,*,#2513,.T.);
#2515=CARTESIAN_POINT('',(-99.943116622,33.304339258,68.897944456));
#2516=VERTEX_POINT('',#2515);
#2517=CARTESIAN_POINT('',(-99.943116622,33.404339258,68.897944456));
#2518=DIRECTION('',(0.,-1.,0.));
#2519=VECTOR('',#2518,0.1);
#2520=LINE('',#2517,#2519);
#2521=EDGE_CURVE('',#2507,#2516,#2520,.T.);
#2522=ORIENTED_EDGE('',*,*,#2521,.T.);
#2523=CARTESIAN_POINT('',(-99.943116622,31.104339258,71.097944456));
#2524=VERTEX_POINT('',#2523);
#2525=CARTESIAN_POINT('',(-99.943116622,33.304339258,71.097944456));
#2526=DIRECTION('',(-1.,0.,0.));
#2527=DIRECTION('',(0.,0.,1.));
#2528=AXIS2_PLACEMENT_3D('',#2525,#2526,#2527);
#2529=CIRCLE('',#2528,2.2);
#2530=EDGE_CURVE('',#2516,#2524,#2529,.T.);
#2531=ORIENTED_EDGE('',*,*,#2530,.T.);
#2532=CARTESIAN_POINT('',(-99.943116622,31.104339258,71.097944456));
#2533=DIRECTION('',(0.,0.,1.));
#2534=VECTOR('',#2533,29.924841604);
#2535=LINE('',#2532,#2534);
#2536=EDGE_CURVE('',#2524,#831,#2535,.T.);
#2537=ORIENTED_EDGE('',*,*,#2536,.T.);
#2538=ORIENTED_EDGE('',*,*,#836,.F.);
#2539=CARTESIAN_POINT('',(-99.943116622,25.604339258,71.097944456));
#2540=VERTEX_POINT('',#2539);
#2541=CARTESIAN_POINT('',(-99.943116622,25.604339258,101.02278606));
#2542=DIRECTION('',(0.,0.,-1.));
#2543=VECTOR('',#2542,29.924841604);
#2544=LINE('',#2541,#2543);
#2545=EDGE_CURVE('',#829,#2540,#2544,.T.);
#2546=ORIENTED_EDGE('',*,*,#2545,.T.);
#2547=CARTESIAN_POINT('',(-99.943116622,23.404339258,68.897944456));
#2548=VERTEX_POINT('',#2547);
#2549=CARTESIAN_POINT('',(-99.943116622,23.404339258,71.097944456));
#2550=DIRECTION('',(-1.,0.,0.));
#2551=DIRECTION('',(0.,0.,1.));
#2552=AXIS2_PLACEMENT_3D('',#2549,#2550,#2551);
#2553=CIRCLE('',#2552,2.2);
#2554=EDGE_CURVE('',#2540,#2548,#2553,.T.);
#2555=ORIENTED_EDGE('',*,*,#2554,.T.);
#2556=CARTESIAN_POINT('',(-99.943116622,23.304339258,68.897944456));
#2557=VERTEX_POINT('',#2556);
#2558=CARTESIAN_POINT('',(-99.943116622,23.404339258,68.897944456));
#2559=DIRECTION('',(0.,-1.,0.));
#2560=VECTOR('',#2559,0.1);
#2561=LINE('',#2558,#2560);
#2562=EDGE_CURVE('',#2548,#2557,#2561,.T.);
#2563=ORIENTED_EDGE('',*,*,#2562,.T.);
#2564=CARTESIAN_POINT('',(-99.943116622,21.104339258,71.097944456));
#2565=VERTEX_POINT('',#2564);
#2566=CARTESIAN_POINT('',(-99.943116622,23.304339258,71.097944456));
#2567=DIRECTION('',(-1.,0.,0.));
#2568=DIRECTION('',(0.,0.,1.));
#2569=AXIS2_PLACEMENT_3D('',#2566,#2567,#2568);
#2570=CIRCLE('',#2569,2.2);
#2571=EDGE_CURVE('',#2557,#2565,#2570,.T.);
#2572=ORIENTED_EDGE('',*,*,#2571,.T.);
#2573=CARTESIAN_POINT('',(-99.943116622,21.104339258,71.097944456));
#2574=DIRECTION('',(0.,0.,1.));
#2575=VECTOR('',#2574,29.924841604);
#2576=LINE('',#2573,#2575);
#2577=EDGE_CURVE('',#2565,#862,#2576,.T.);
#2578=ORIENTED_EDGE('',*,*,#2577,.T.);
#2579=ORIENTED_EDGE('',*,*,#867,.F.);
#2580=CARTESIAN_POINT('',(-99.943116622,15.604339258,71.097944456));
#2581=VERTEX_POINT('',#2580);
#2582=CARTESIAN_POINT('',(-99.943116622,15.604339258,101.02278606));
#2583=DIRECTION('',(0.,0.,-1.));
#2584=VECTOR('',#2583,29.924841604);
#2585=LINE('',#2582,#2584);
#2586=EDGE_CURVE('',#860,#2581,#2585,.T.);
#2587=ORIENTED_EDGE('',*,*,#2586,.T.);
#2588=CARTESIAN_POINT('',(-99.943116622,13.404339258,68.897944456));
#2589=VERTEX_POINT('',#2588);
#2590=CARTESIAN_POINT('',(-99.943116622,13.404339258,71.097944456));
#2591=DIRECTION('',(-1.,0.,0.));
#2592=DIRECTION('',(0.,0.,1.));
#2593=AXIS2_PLACEMENT_3D('',#2590,#2591,#2592);
#2594=CIRCLE('',#2593,2.2);
#2595=EDGE_CURVE('',#2581,#2589,#2594,.T.);
#2596=ORIENTED_EDGE('',*,*,#2595,.T.);
#2597=CARTESIAN_POINT('',(-99.943116622,13.304339258,68.897944456));
#2598=VERTEX_POINT('',#2597);
#2599=CARTESIAN_POINT('',(-99.943116622,13.404339258,68.897944456));
#2600=DIRECTION('',(0.,-1.,0.));
#2601=VECTOR('',#2600,0.1);
#2602=LINE('',#2599,#2601);
#2603=EDGE_CURVE('',#2589,#2598,#2602,.T.);
#2604=ORIENTED_EDGE('',*,*,#2603,.T.);
#2605=CARTESIAN_POINT('',(-99.943116622,11.104339258,71.097944456));
#2606=VERTEX_POINT('',#2605);
#2607=CARTESIAN_POINT('',(-99.943116622,13.304339258,71.097944456));
#2608=DIRECTION('',(-1.,0.,0.));
#2609=DIRECTION('',(0.,0.,1.));
#2610=AXIS2_PLACEMENT_3D('',#2607,#2608,#2609);
#2611=CIRCLE('',#2610,2.2);
#2612=EDGE_CURVE('',#2598,#2606,#2611,.T.);
#2613=ORIENTED_EDGE('',*,*,#2612,.T.);
#2614=CARTESIAN_POINT('',(-99.943116622,11.104339258,71.097944456));
#2615=DIRECTION('',(0.,0.,1.));
#2616=VECTOR('',#2615,29.924841604);
#2617=LINE('',#2614,#2616);
#2618=EDGE_CURVE('',#2606,#893,#2617,.T.);
#2619=ORIENTED_EDGE('',*,*,#2618,.T.);
#2620=ORIENTED_EDGE('',*,*,#898,.F.);
#2621=CARTESIAN_POINT('',(-99.943116622,5.604339258,71.097944456));
#2622=VERTEX_POINT('',#2621);
#2623=CARTESIAN_POINT('',(-99.943116622,5.604339258,101.02278606));
#2624=DIRECTION('',(0.,0.,-1.));
#2625=VECTOR('',#2624,29.924841604);
#2626=LINE('',#2623,#2625);
#2627=EDGE_CURVE('',#891,#2622,#2626,.T.);
#2628=ORIENTED_EDGE('',*,*,#2627,.T.);
#2629=CARTESIAN_POINT('',(-99.943116622,3.404339258,68.897944456));
#2630=VERTEX_POINT('',#2629);
#2631=CARTESIAN_POINT('',(-99.943116622,3.404339258,71.097944456));
#2632=DIRECTION('',(-1.,0.,0.));
#2633=DIRECTION('',(0.,0.,1.));
#2634=AXIS2_PLACEMENT_3D('',#2631,#2632,#2633);
#2635=CIRCLE('',#2634,2.2);
#2636=EDGE_CURVE('',#2622,#2630,#2635,.T.);
#2637=ORIENTED_EDGE('',*,*,#2636,.T.);
#2638=CARTESIAN_POINT('',(-99.943116622,3.304339258,68.897944456));
#2639=VERTEX_POINT('',#2638);
#2640=CARTESIAN_POINT('',(-99.943116622,3.404339258,68.897944456));
#2641=DIRECTION('',(0.,-1.,0.));
#2642=VECTOR('',#2641,0.1);
#2643=LINE('',#2640,#2642);
#2644=EDGE_CURVE('',#2630,#2639,#2643,.T.);
#2645=ORIENTED_EDGE('',*,*,#2644,.T.);
#2646=CARTESIAN_POINT('',(-99.943116622,1.104339258,71.097944456));
#2647=VERTEX_POINT('',#2646);
#2648=CARTESIAN_POINT('',(-99.943116622,3.304339258,71.097944456));
#2649=DIRECTION('',(-1.,0.,0.));
#2650=DIRECTION('',(0.,0.,1.));
#2651=AXIS2_PLACEMENT_3D('',#2648,#2649,#2650);
#2652=CIRCLE('',#2651,2.2);
#2653=EDGE_CURVE('',#2639,#2647,#2652,.T.);
#2654=ORIENTED_EDGE('',*,*,#2653,.T.);
#2655=CARTESIAN_POINT('',(-99.943116622,1.104339258,101.02278606));
#2656=VERTEX_POINT('',#2655);
#2657=CARTESIAN_POINT('',(-99.943116622,1.104339258,71.097944456));
#2658=DIRECTION('',(0.,0.,1.));
#2659=VECTOR('',#2658,29.924841604);
#2660=LINE('',#2657,#2659);
#2661=EDGE_CURVE('',#2647,#2656,#2660,.T.);
#2662=ORIENTED_EDGE('',*,*,#2661,.T.);
#2663=CARTESIAN_POINT('',(-99.943116622,-74.657567838,101.02278606));
#2664=VERTEX_POINT('',#2663);
#2665=CARTESIAN_POINT('',(-99.943116622,-74.657567838,101.02278606));
#2666=DIRECTION('',(-0.,1.,-0.));
#2667=VECTOR('',#2666,75.761907095);
#2668=LINE('',#2665,#2667);
#2669=EDGE_CURVE('',#2664,#2656,#2668,.T.);
#2670=ORIENTED_EDGE('',*,*,#2669,.F.);
#2671=CARTESIAN_POINT('',(-99.943116622,-82.000713588,93.679640309));
#2672=VERTEX_POINT('',#2671);
#2673=CARTESIAN_POINT('',(-99.943116622,-74.657567838,93.679640309));
#2674=DIRECTION('',(-1.,0.,0.));
#2675=DIRECTION('',(0.,0.,1.));
#2676=AXIS2_PLACEMENT_3D('',#2673,#2674,#2675);
#2677=CIRCLE('',#2676,7.343145751);
#2678=EDGE_CURVE('',#2672,#2664,#2677,.T.);
#2679=ORIENTED_EDGE('',*,*,#2678,.F.);
#2680=CARTESIAN_POINT('',(-99.943116622,-82.000713588,21.540531749));
#2681=VERTEX_POINT('',#2680);
#2682=CARTESIAN_POINT('',(-99.943116622,-82.000713588,21.540531749));
#2683=DIRECTION('',(-0.,-0.,1.));
#2684=VECTOR('',#2683,72.13910856);
#2685=LINE('',#2682,#2684);
#2686=EDGE_CURVE('',#2681,#2672,#2685,.T.);
#2687=ORIENTED_EDGE('',*,*,#2686,.F.);
#2688=CARTESIAN_POINT('',(-99.943116622,97.068951258,21.540531749));
#2689=VERTEX_POINT('',#2688);
#2690=CARTESIAN_POINT('',(-99.943116622,-82.000713588,21.540531749));
#2691=DIRECTION('',(-0.,1.,-0.));
#2692=VECTOR('',#2691,179.069664846);
#2693=LINE('',#2690,#2692);
#2694=EDGE_CURVE('',#2681,#2689,#2693,.T.);
#2695=ORIENTED_EDGE('',*,*,#2694,.T.);
#2696=CARTESIAN_POINT('',(-99.943116622,97.068951258,101.02278606));
#2697=DIRECTION('',(0.,0.,-1.));
#2698=VECTOR('',#2697,79.482254311);
#2699=LINE('',#2696,#2698);
#2700=EDGE_CURVE('',#683,#2689,#2699,.T.);
#2701=ORIENTED_EDGE('',*,*,#2700,.F.);
#2702=ORIENTED_EDGE('',*,*,#688,.F.);
#2703=CARTESIAN_POINT('',(-99.943116622,75.604339258,71.097944456));
#2704=VERTEX_POINT('',#2703);
#2705=CARTESIAN_POINT('',(-99.943116622,75.604339258,101.02278606));
#2706=DIRECTION('',(0.,0.,-1.));
#2707=VECTOR('',#2706,29.924841604);
#2708=LINE('',#2705,#2707);
#2709=EDGE_CURVE('',#675,#2704,#2708,.T.);
#2710=ORIENTED_EDGE('',*,*,#2709,.T.);
#2711=CARTESIAN_POINT('',(-99.943116622,73.404339258,68.897944456));
#2712=VERTEX_POINT('',#2711);
#2713=CARTESIAN_POINT('',(-99.943116622,73.404339258,71.097944456));
#2714=DIRECTION('',(-1.,0.,0.));
#2715=DIRECTION('',(0.,0.,1.));
#2716=AXIS2_PLACEMENT_3D('',#2713,#2714,#2715);
#2717=CIRCLE('',#2716,2.2);
#2718=EDGE_CURVE('',#2704,#2712,#2717,.T.);
#2719=ORIENTED_EDGE('',*,*,#2718,.T.);
#2720=CARTESIAN_POINT('',(-99.943116622,73.404339258,68.897944456));
#2721=DIRECTION('',(0.,-1.,0.));
#2722=VECTOR('',#2721,0.1);
#2723=LINE('',#2720,#2722);
#2724=EDGE_CURVE('',#2712,#2358,#2723,.T.);
#2725=ORIENTED_EDGE('',*,*,#2724,.T.);
#2726=EDGE_LOOP('',(#2367,#2373,#2374,#2382,#2391,#2399,#2408,#2414,#2415,#2423,#2432,#2440,#2449,#2455,#2456,#2464,#2473,#2481,#2490,#2496,#2497,#2505,#2514,#2522,#2531,#2537,
#2538,#2546,#2555,#2563,#2572,#2578,#2579,#2587,#2596,#2604,#2613,#2619,#2620,#2628,#2637,#2645,#2654,#2662,#2670,#2679,#2687,#2695,#2701,#2702,#2710,
#2719,#2725));
#2727=FACE_BOUND('',#2726,.T.);
#2728=ADVANCED_FACE('',(#2727),#2356,.F.);
#2729=CARTESIAN_POINT('',(-102.243116622,0.70569171,21.540531749));
#2730=DIRECTION('',(-1.,0.,0.));
#2731=DIRECTION('',(0.,0.,1.));
#2732=AXIS2_PLACEMENT_3D('',#2729,#2730,#2731);
#2733=PLANE('',#2732);
#2734=CARTESIAN_POINT('',(-102.243116622,-82.953404782,20.540531749));
#2735=VERTEX_POINT('',#2734);
#2736=CARTESIAN_POINT('',(-102.243116622,97.068951258,20.540531749));
#2737=VERTEX_POINT('',#2736);
#2738=CARTESIAN_POINT('',(-102.243116622,-82.953404782,20.540531749));
#2739=DIRECTION('',(0.,1.,0.));
#2740=VECTOR('',#2739,180.02235604);
#2741=LINE('',#2738,#2740);
#2742=EDGE_CURVE('',#2735,#2737,#2741,.T.);
#2743=ORIENTED_EDGE('',*,*,#2742,.T.);
#2744=CARTESIAN_POINT('',(-102.243116622,97.068951258,21.540531749));
#2745=VERTEX_POINT('',#2744);
#2746=CARTESIAN_POINT('',(-102.243116622,97.068951258,21.540531749));
#2747=DIRECTION('',(0.,0.,-1.));
#2748=VECTOR('',#2747,1.);
#2749=LINE('',#2746,#2748);
#2750=EDGE_CURVE('',#2745,#2737,#2749,.T.);
#2751=ORIENTED_EDGE('',*,*,#2750,.F.);
#2752=CARTESIAN_POINT('',(-102.243116622,-82.953404782,21.540531749));
#2753=VERTEX_POINT('',#2752);
#2754=CARTESIAN_POINT('',(-102.243116622,-82.953404782,21.540531749));
#2755=DIRECTION('',(-0.,1.,-0.));
#2756=VECTOR('',#2755,180.02235604);
#2757=LINE('',#2754,#2756);
#2758=EDGE_CURVE('',#2753,#2745,#2757,.T.);
#2759=ORIENTED_EDGE('',*,*,#2758,.F.);
#2760=CARTESIAN_POINT('',(-102.243116622,-82.953404782,21.540531749));
#2761=DIRECTION('',(0.,0.,-1.));
#2762=VECTOR('',#2761,1.);
#2763=LINE('',#2760,#2762);
#2764=EDGE_CURVE('',#2753,#2735,#2763,.T.);
#2765=ORIENTED_EDGE('',*,*,#2764,.T.);
#2766=EDGE_LOOP('',(#2743,#2751,#2759,#2765));
#2767=FACE_BOUND('',#2766,.T.);
#2768=ADVANCED_FACE('',(#2767),#2733,.F.);
#2769=CARTESIAN_POINT('',(1.056883378,-86.157567838,21.540531749));
#2770=DIRECTION('',(0.,-0.,1.));
#2771=DIRECTION('',(0.,-1.,-0.));
#2772=AXIS2_PLACEMENT_3D('',#2769,#2770,#2771);
#2773=PLANE('',#2772);
#2774=CARTESIAN_POINT('',(-98.943116622,-83.000713588,21.540531749));
#2775=VERTEX_POINT('',#2774);
#2776=CARTESIAN_POINT('',(-98.943116622,-83.000713588,21.540531749));
#2777=DIRECTION('',(-0.707106781,0.707106781,-0.));
#2778=VECTOR('',#2777,1.414213562);
#2779=LINE('',#2776,#2778);
#2780=EDGE_CURVE('',#2775,#2681,#2779,.T.);
#2781=ORIENTED_EDGE('',*,*,#2780,.F.);
#2782=CARTESIAN_POINT('',(-97.286262373,-83.000713588,21.540531749));
#2783=VERTEX_POINT('',#2782);
#2784=CARTESIAN_POINT('',(-98.943116622,-83.000713588,21.540531749));
#2785=DIRECTION('',(1.,-0.,-0.));
#2786=VECTOR('',#2785,1.656854249);
#2787=LINE('',#2784,#2786);
#2788=EDGE_CURVE('',#2775,#2783,#2787,.T.);
#2789=ORIENTED_EDGE('',*,*,#2788,.T.);
#2790=CARTESIAN_POINT('',(-97.286262373,-86.253404782,21.540531749));
#2791=VERTEX_POINT('',#2790);
#2792=CARTESIAN_POINT('',(-97.286262373,-83.000713588,21.540531749));
#2793=DIRECTION('',(-0.,-1.,-0.));
#2794=VECTOR('',#2793,3.252691193);
#2795=LINE('',#2792,#2794);
#2796=EDGE_CURVE('',#2783,#2791,#2795,.T.);
#2797=ORIENTED_EDGE('',*,*,#2796,.T.);
#2798=CARTESIAN_POINT('',(-97.286262373,-86.253404782,21.540531749));
#2799=DIRECTION('',(-1.,0.,0.));
#2800=VECTOR('',#2799,1.656854249);
#2801=LINE('',#2798,#2800);
#2802=EDGE_CURVE('',#2791,#1886,#2801,.T.);
#2803=ORIENTED_EDGE('',*,*,#2802,.T.);
#2804=CARTESIAN_POINT('',(-98.943116622,-86.253404782,21.540531749));
#2805=DIRECTION('',(-0.707106781,0.707106781,-0.));
#2806=VECTOR('',#2805,4.666904756);
#2807=LINE('',#2804,#2806);
#2808=EDGE_CURVE('',#1886,#2753,#2807,.T.);
#2809=ORIENTED_EDGE('',*,*,#2808,.T.);
#2810=ORIENTED_EDGE('',*,*,#2758,.T.);
#2811=CARTESIAN_POINT('',(-102.243116622,97.068951258,21.540531749));
#2812=DIRECTION('',(1.,0.,-0.));
#2813=VECTOR('',#2812,2.3);
#2814=LINE('',#2811,#2813);
#2815=EDGE_CURVE('',#2745,#2689,#2814,.T.);
#2816=ORIENTED_EDGE('',*,*,#2815,.T.);
#2817=ORIENTED_EDGE('',*,*,#2694,.F.);
#2818=EDGE_LOOP('',(#2781,#2789,#2797,#2803,#2809,#2810,#2816,#2817));
#2819=FACE_BOUND('',#2818,.T.);
#2820=ADVANCED_FACE('',(#2819),#2773,.F.);
#2821=CARTESIAN_POINT('',(-248.462599103,63.266077699,21.540531749));
#2822=DIRECTION('',(-0.707106781,-0.707106781,0.));
#2823=DIRECTION('',(0.707106781,-0.707106781,0.));
#2824=AXIS2_PLACEMENT_3D('',#2821,#2822,#2823);
#2825=PLANE('',#2824);
#2826=ORIENTED_EDGE('',*,*,#2808,.F.);
#2827=ORIENTED_EDGE('',*,*,#1891,.T.);
#2828=CARTESIAN_POINT('',(-98.943116622,-86.253404782,20.540531749));
#2829=DIRECTION('',(-0.707106781,0.707106781,0.));
#2830=VECTOR('',#2829,4.666904756);
#2831=LINE('',#2828,#2830);
#2832=EDGE_CURVE('',#1878,#2735,#2831,.T.);
#2833=ORIENTED_EDGE('',*,*,#2832,.T.);
#2834=ORIENTED_EDGE('',*,*,#2764,.F.);
#2835=EDGE_LOOP('',(#2826,#2827,#2833,#2834));
#2836=FACE_BOUND('',#2835,.T.);
#2837=ADVANCED_FACE('',(#2836),#2825,.F.);
#2838=CARTESIAN_POINT('',(-101.114689498,-80.829140713,6.040531749));
#2839=DIRECTION('',(0.707106781,0.707106781,0.));
#2840=DIRECTION('',(0.,0.,1.));
#2841=AXIS2_PLACEMENT_3D('',#2838,#2839,#2840);
#2842=PLANE('',#2841);
#2843=CARTESIAN_POINT('',(-98.943116622,-83.000713588,93.679640309));
#2844=DIRECTION('',(-0.707106781,0.707106781,-0.));
#2845=VECTOR('',#2844,1.414213562);
#2846=LINE('',#2843,#2845);
#2847=EDGE_CURVE('',#1910,#2672,#2846,.T.);
#2848=ORIENTED_EDGE('',*,*,#2847,.F.);
#2849=ORIENTED_EDGE('',*,*,#1915,.T.);
#2850=CARTESIAN_POINT('',(-98.943116622,-83.000713588,93.579640309));
#2851=DIRECTION('',(-0.,-0.,-1.));
#2852=VECTOR('',#2851,72.03910856);
#2853=LINE('',#2850,#2852);
#2854=EDGE_CURVE('',#1902,#2775,#2853,.T.);
#2855=ORIENTED_EDGE('',*,*,#2854,.T.);
#2856=ORIENTED_EDGE('',*,*,#2780,.T.);
#2857=ORIENTED_EDGE('',*,*,#2686,.T.);
#2858=EDGE_LOOP('',(#2848,#2849,#2855,#2856,#2857));
#2859=FACE_BOUND('',#2858,.T.);
#2860=ADVANCED_FACE('',(#2859),#2842,.T.);
#2861=CARTESIAN_POINT('',(-101.114689498,-74.657567838,93.679640309));
#2862=DIRECTION('',(1.,0.,0.));
#2863=DIRECTION('',(0.,0.,-1.));
#2864=AXIS2_PLACEMENT_3D('',#2861,#2862,#2863);
#2865=CONICAL_SURFACE('',#2864,6.171572875,45.);
#2866=CARTESIAN_POINT('',(-98.943116622,-74.657567838,102.02278606));
#2867=DIRECTION('',(-0.707106781,-0.,-0.707106781));
#2868=VECTOR('',#2867,1.414213562);
#2869=LINE('',#2866,#2868);
#2870=EDGE_CURVE('',#1918,#2664,#2869,.T.);
#2871=ORIENTED_EDGE('',*,*,#2870,.F.);
#2872=ORIENTED_EDGE('',*,*,#1924,.T.);
#2873=ORIENTED_EDGE('',*,*,#2847,.T.);
#2874=ORIENTED_EDGE('',*,*,#2678,.T.);
#2875=EDGE_LOOP('',(#2871,#2872,#2873,#2874));
#2876=FACE_BOUND('',#2875,.T.);
#2877=ADVANCED_FACE('',(#2876),#2865,.F.);
#2878=CARTESIAN_POINT('',(-101.114689498,0.70569171,99.851213185));
#2879=DIRECTION('',(0.707106781,0.,-0.707106781));
#2880=DIRECTION('',(0.,1.,0.));
#2881=AXIS2_PLACEMENT_3D('',#2878,#2879,#2880);
#2882=PLANE('',#2881);
#2883=ORIENTED_EDGE('',*,*,#2669,.T.);
#2884=CARTESIAN_POINT('',(-99.943116622,1.104339258,101.02278606));
#2885=DIRECTION('',(0.707106781,-0.,0.707106781));
#2886=VECTOR('',#2885,1.414213562);
#2887=LINE('',#2884,#2886);
#2888=EDGE_CURVE('',#2656,#1927,#2887,.T.);
#2889=ORIENTED_EDGE('',*,*,#2888,.T.);
#2890=ORIENTED_EDGE('',*,*,#1932,.T.);
#2891=ORIENTED_EDGE('',*,*,#2870,.T.);
#2892=EDGE_LOOP('',(#2883,#2889,#2890,#2891));
#2893=FACE_BOUND('',#2892,.T.);
#2894=ADVANCED_FACE('',(#2893),#2882,.T.);
#2895=CARTESIAN_POINT('',(-103.943116622,-83.657567838,6.040531749));
#2896=DIRECTION('',(0.707106781,0.707106781,0.));
#2897=DIRECTION('',(0.,0.,1.));
#2898=AXIS2_PLACEMENT_3D('',#2895,#2896,#2897);
#2899=PLANE('',#2898);
#2900=ORIENTED_EDGE('',*,*,#1875,.F.);
#2901=CARTESIAN_POINT('',(-98.943116622,-88.657567838,103.632043338));
#2902=DIRECTION('',(-0.577350269,0.577350269,-0.577350269));
#2903=VECTOR('',#2902,8.660254038);
#2904=LINE('',#2901,#2903);
#2905=EDGE_CURVE('',#1861,#1983,#2904,.T.);
#2906=ORIENTED_EDGE('',*,*,#2905,.T.);
#2907=ORIENTED_EDGE('',*,*,#1988,.F.);
#2908=CARTESIAN_POINT('',(-98.943116622,-88.657567838,20.540531749));
#2909=DIRECTION('',(-0.707106781,0.707106781,-0.));
#2910=VECTOR('',#2909,7.071067812);
#2911=LINE('',#2908,#2910);
#2912=EDGE_CURVE('',#1870,#1981,#2911,.T.);
#2913=ORIENTED_EDGE('',*,*,#2912,.F.);
#2914=EDGE_LOOP('',(#2900,#2906,#2907,#2913));
#2915=FACE_BOUND('',#2914,.T.);
#2916=ADVANCED_FACE('',(#2915),#2899,.F.);
#2917=CARTESIAN_POINT('',(1.056883378,93.068951258,103.679640309));
#2918=DIRECTION('',(1.,0.,0.));
#2919=DIRECTION('',(0.,0.,-1.));
#2920=AXIS2_PLACEMENT_3D('',#2917,#2918,#2919);
#2921=CYLINDRICAL_SURFACE('',#2920,4.);
#2922=ORIENTED_EDGE('',*,*,#103,.F.);
#2923=CARTESIAN_POINT('',(-102.943116622,97.068951258,103.679640309));
#2924=DIRECTION('',(1.,0.,-0.));
#2925=VECTOR('',#2924,4.);
#2926=LINE('',#2923,#2925);
#2927=EDGE_CURVE('',#931,#91,#2926,.T.);
#2928=ORIENTED_EDGE('',*,*,#2927,.F.);
#2929=ORIENTED_EDGE('',*,*,#937,.F.);
#2930=EDGE_LOOP('',(#2922,#2928,#2929));
#2931=FACE_BOUND('',#2930,.T.);
#2932=ADVANCED_FACE('',(#2931),#2921,.T.);
#2933=CARTESIAN_POINT('',(-103.943116622,0.70569171,102.679640309));
#2934=DIRECTION('',(0.707106781,0.,-0.707106781));
#2935=DIRECTION('',(0.,1.,0.));
#2936=AXIS2_PLACEMENT_3D('',#2933,#2934,#2935);
#2937=PLANE('',#2936);
#2938=ORIENTED_EDGE('',*,*,#2005,.F.);
#2939=CARTESIAN_POINT('',(-103.943116622,-79.609970867,102.679640309));
#2940=DIRECTION('',(0.577350269,-0.577350269,0.577350269));
#2941=VECTOR('',#2940,8.660254038);
#2942=LINE('',#2939,#2941);
#2943=EDGE_CURVE('',#1991,#1853,#2942,.T.);
#2944=ORIENTED_EDGE('',*,*,#2943,.T.);
#2945=ORIENTED_EDGE('',*,*,#1858,.F.);
#2946=CARTESIAN_POINT('',(-103.943116622,1.104339258,102.679640309));
#2947=DIRECTION('',(0.707106781,-0.,0.707106781));
#2948=VECTOR('',#2947,7.071067812);
#2949=LINE('',#2946,#2948);
#2950=EDGE_CURVE('',#2000,#1851,#2949,.T.);
#2951=ORIENTED_EDGE('',*,*,#2950,.F.);
#2952=EDGE_LOOP('',(#2938,#2944,#2945,#2951));
#2953=FACE_BOUND('',#2952,.T.);
#2954=ADVANCED_FACE('',(#2953),#2937,.F.);
#2955=CARTESIAN_POINT('',(-103.943116622,207.785560179,20.540531749));
#2956=DIRECTION('',(0.,0.,-1.));
#2957=DIRECTION('',(-1.,0.,0.));
#2958=AXIS2_PLACEMENT_3D('',#2955,#2956,#2957);
#2959=PLANE('',#2958);
#2960=ORIENTED_EDGE('',*,*,#1883,.F.);
#2961=ORIENTED_EDGE('',*,*,#2912,.T.);
#2962=ORIENTED_EDGE('',*,*,#2347,.F.);
#2963=CARTESIAN_POINT('',(-102.243116622,97.068951258,20.540531749));
#2964=DIRECTION('',(-1.,0.,0.));
#2965=VECTOR('',#2964,1.7);
#2966=LINE('',#2963,#2965);
#2967=EDGE_CURVE('',#2737,#2336,#2966,.T.);
#2968=ORIENTED_EDGE('',*,*,#2967,.F.);
#2969=ORIENTED_EDGE('',*,*,#2742,.F.);
#2970=ORIENTED_EDGE('',*,*,#2832,.F.);
#2971=EDGE_LOOP('',(#2960,#2961,#2962,#2968,#2969,#2970));
#2972=FACE_BOUND('',#2971,.T.);
#2973=ADVANCED_FACE('',(#2972),#2959,.T.);
#2974=CARTESIAN_POINT('',(1.056883378,97.068951258,6.040531749));
#2975=DIRECTION('',(0.,1.,0.));
#2976=DIRECTION('',(0.,0.,1.));
#2977=AXIS2_PLACEMENT_3D('',#2974,#2975,#2976);
#2978=PLANE('',#2977);
#2979=ORIENTED_EDGE('',*,*,#96,.F.);
#2980=ORIENTED_EDGE('',*,*,#694,.F.);
#2981=ORIENTED_EDGE('',*,*,#2700,.T.);
#2982=ORIENTED_EDGE('',*,*,#2815,.F.);
#2983=ORIENTED_EDGE('',*,*,#2750,.T.);
#2984=ORIENTED_EDGE('',*,*,#2967,.T.);
#2985=ORIENTED_EDGE('',*,*,#2341,.T.);
#2986=ORIENTED_EDGE('',*,*,#945,.T.);
#2987=ORIENTED_EDGE('',*,*,#2927,.T.);
#2988=EDGE_LOOP('',(#2979,#2980,#2981,#2982,#2983,#2984,#2985,#2986,#2987));
#2989=FACE_BOUND('',#2988,.T.);
#2990=ADVANCED_FACE('',(#2989),#2978,.T.);
#2991=CARTESIAN_POINT('',(-97.286262373,-83.000713588,93.679640309));
#2992=DIRECTION('',(0.,1.,0.));
#2993=DIRECTION('',(0.,-0.,1.));
#2994=AXIS2_PLACEMENT_3D('',#2991,#2992,#2993);
#2995=PLANE('',#2994);
#2996=ORIENTED_EDGE('',*,*,#2788,.F.);
#2997=ORIENTED_EDGE('',*,*,#2854,.F.);
#2998=CARTESIAN_POINT('',(-97.286262373,-83.000713588,93.579640309));
#2999=VERTEX_POINT('',#2998);
#3000=CARTESIAN_POINT('',(-98.943116622,-83.000713588,93.579640309));
#3001=DIRECTION('',(1.,0.,-0.));
#3002=VECTOR('',#3001,1.656854249);
#3003=LINE('',#3000,#3002);
#3004=EDGE_CURVE('',#1902,#2999,#3003,.T.);
#3005=ORIENTED_EDGE('',*,*,#3004,.T.);
#3006=CARTESIAN_POINT('',(-97.286262373,-83.000713588,93.579640309));
#3007=DIRECTION('',(0.,0.,-1.));
#3008=VECTOR('',#3007,72.03910856);
#3009=LINE('',#3006,#3008);
#3010=EDGE_CURVE('',#2999,#2783,#3009,.T.);
#3011=ORIENTED_EDGE('',*,*,#3010,.T.);
#3012=EDGE_LOOP('',(#2996,#2997,#3005,#3011));
#3013=FACE_BOUND('',#3012,.T.);
#3014=ADVANCED_FACE('',(#3013),#2995,.T.);
#3015=CARTESIAN_POINT('',(-97.286262373,-84.657567838,93.679640309));
#3016=DIRECTION('',(1.,0.,0.));
#3017=DIRECTION('',(0.,0.,-1.));
#3018=AXIS2_PLACEMENT_3D('',#3015,#3016,#3017);
#3019=PLANE('',#3018);
#3020=ORIENTED_EDGE('',*,*,#2796,.F.);
#3021=ORIENTED_EDGE('',*,*,#3010,.F.);
#3022=CARTESIAN_POINT('',(-97.286262373,-86.253404782,93.579640309));
#3023=VERTEX_POINT('',#3022);
#3024=CARTESIAN_POINT('',(-97.286262373,-83.000713588,93.579640309));
#3025=DIRECTION('',(0.,-1.,-0.));
#3026=VECTOR('',#3025,3.252691193);
#3027=LINE('',#3024,#3026);
#3028=EDGE_CURVE('',#2999,#3023,#3027,.T.);
#3029=ORIENTED_EDGE('',*,*,#3028,.T.);
#3030=CARTESIAN_POINT('',(-97.286262373,-86.253404782,93.579640309));
#3031=DIRECTION('',(0.,0.,-1.));
#3032=VECTOR('',#3031,72.03910856);
#3033=LINE('',#3030,#3032);
#3034=EDGE_CURVE('',#3023,#2791,#3033,.T.);
#3035=ORIENTED_EDGE('',*,*,#3034,.T.);
#3036=EDGE_LOOP('',(#3020,#3021,#3029,#3035));
#3037=FACE_BOUND('',#3036,.T.);
#3038=ADVANCED_FACE('',(#3037),#3019,.T.);
#3039=CARTESIAN_POINT('',(-97.286262373,-86.253404782,93.679640309));
#3040=DIRECTION('',(0.,-1.,-0.));
#3041=DIRECTION('',(0.,0.,-1.));
#3042=AXIS2_PLACEMENT_3D('',#3039,#3040,#3041);
#3043=PLANE('',#3042);
#3044=ORIENTED_EDGE('',*,*,#2802,.F.);
#3045=ORIENTED_EDGE('',*,*,#3034,.F.);
#3046=CARTESIAN_POINT('',(-97.286262373,-86.253404782,93.579640309));
#3047=DIRECTION('',(-1.,0.,0.));
#3048=VECTOR('',#3047,1.656854249);
#3049=LINE('',#3046,#3048);
#3050=EDGE_CURVE('',#3023,#1894,#3049,.T.);
#3051=ORIENTED_EDGE('',*,*,#3050,.T.);
#3052=ORIENTED_EDGE('',*,*,#1899,.T.);
#3053=EDGE_LOOP('',(#3044,#3045,#3051,#3052));
#3054=FACE_BOUND('',#3053,.T.);
#3055=ADVANCED_FACE('',(#3054),#3043,.T.);
#3056=CARTESIAN_POINT('',(102.706883378,5.407773238,93.579640309));
#3057=DIRECTION('',(0.,0.,-1.));
#3058=DIRECTION('',(0.,1.,0.));
#3059=AXIS2_PLACEMENT_3D('',#3056,#3057,#3058);
#3060=PLANE('',#3059);
#3061=ORIENTED_EDGE('',*,*,#3004,.F.);
#3062=ORIENTED_EDGE('',*,*,#1907,.F.);
#3063=ORIENTED_EDGE('',*,*,#3050,.F.);
#3064=ORIENTED_EDGE('',*,*,#3028,.F.);
#3065=EDGE_LOOP('',(#3061,#3062,#3063,#3064));
#3066=FACE_BOUND('',#3065,.T.);
#3067=ADVANCED_FACE('',(#3066),#3060,.F.);
#3068=CARTESIAN_POINT('',(-95.943116622,85.342432162,102.079640309));
#3069=DIRECTION('',(0.,0.,1.));
#3070=DIRECTION('',(1.,0.,0.));
#3071=AXIS2_PLACEMENT_3D('',#3068,#3069,#3070);
#3072=PLANE('',#3071);
#3073=ORIENTED_EDGE('',*,*,#1948,.F.);
#3074=CARTESIAN_POINT('',(-95.943116622,1.104339258,102.079640309));
#3075=VERTEX_POINT('',#3074);
#3076=CARTESIAN_POINT('',(-98.943116622,1.104339258,102.079640309));
#3077=DIRECTION('',(1.,0.,-0.));
#3078=VECTOR('',#3077,3.);
#3079=LINE('',#3076,#3078);
#3080=EDGE_CURVE('',#1935,#3075,#3079,.T.);
#3081=ORIENTED_EDGE('',*,*,#3080,.T.);
#3082=CARTESIAN_POINT('',(-95.943116622,-74.357567838,102.079640309));
#3083=VERTEX_POINT('',#3082);
#3084=CARTESIAN_POINT('',(-95.943116622,1.104339258,102.079640309));
#3085=DIRECTION('',(0.,-1.,0.));
#3086=VECTOR('',#3085,75.461907095);
#3087=LINE('',#3084,#3086);
#3088=EDGE_CURVE('',#3075,#3083,#3087,.T.);
#3089=ORIENTED_EDGE('',*,*,#3088,.T.);
#3090=CARTESIAN_POINT('',(-95.943116622,-74.357567838,102.079640309));
#3091=DIRECTION('',(-1.,0.,0.));
#3092=VECTOR('',#3091,3.);
#3093=LINE('',#3090,#3092);
#3094=EDGE_CURVE('',#3083,#1943,#3093,.T.);
#3095=ORIENTED_EDGE('',*,*,#3094,.T.);
#3096=EDGE_LOOP('',(#3073,#3081,#3089,#3095));
#3097=FACE_BOUND('',#3096,.T.);
#3098=ADVANCED_FACE('',(#3097),#3072,.F.);
#3099=CARTESIAN_POINT('',(-98.943116622,85.342432162,103.679640309));
#3100=DIRECTION('',(0.,0.,-1.));
#3101=DIRECTION('',(-1.,0.,0.));
#3102=AXIS2_PLACEMENT_3D('',#3099,#3100,#3101);
#3103=PLANE('',#3102);
#3104=CARTESIAN_POINT('',(-95.943116622,1.104339258,103.679640309));
#3105=VERTEX_POINT('',#3104);
#3106=CARTESIAN_POINT('',(-95.943116622,-74.357567838,103.679640309));
#3107=VERTEX_POINT('',#3106);
#3108=CARTESIAN_POINT('',(-95.943116622,1.104339258,103.679640309));
#3109=DIRECTION('',(0.,-1.,0.));
#3110=VECTOR('',#3109,75.461907095);
#3111=LINE('',#3108,#3110);
#3112=EDGE_CURVE('',#3105,#3107,#3111,.T.);
#3113=ORIENTED_EDGE('',*,*,#3112,.F.);
#3114=CARTESIAN_POINT('',(-95.943116622,1.104339258,103.679640309));
#3115=DIRECTION('',(-1.,0.,0.));
#3116=VECTOR('',#3115,3.);
#3117=LINE('',#3114,#3116);
#3118=EDGE_CURVE('',#3105,#1959,#3117,.T.);
#3119=ORIENTED_EDGE('',*,*,#3118,.T.);
#3120=ORIENTED_EDGE('',*,*,#1964,.T.);
#3121=CARTESIAN_POINT('',(-98.943116622,-74.357567838,103.679640309));
#3122=DIRECTION('',(1.,0.,-0.));
#3123=VECTOR('',#3122,3.);
#3124=LINE('',#3121,#3123);
#3125=EDGE_CURVE('',#1951,#3107,#3124,.T.);
#3126=ORIENTED_EDGE('',*,*,#3125,.T.);
#3127=EDGE_LOOP('',(#3113,#3119,#3120,#3126));
#3128=FACE_BOUND('',#3127,.T.);
#3129=ADVANCED_FACE('',(#3128),#3103,.F.);
#3130=CARTESIAN_POINT('',(-95.943116622,85.342432162,103.679640309));
#3131=DIRECTION('',(-1.,0.,0.));
#3132=DIRECTION('',(0.,0.,1.));
#3133=AXIS2_PLACEMENT_3D('',#3130,#3131,#3132);
#3134=PLANE('',#3133);
#3135=ORIENTED_EDGE('',*,*,#3088,.F.);
#3136=CARTESIAN_POINT('',(-95.943116622,1.104339258,102.079640309));
#3137=DIRECTION('',(0.,0.,1.));
#3138=VECTOR('',#3137,1.6);
#3139=LINE('',#3136,#3138);
#3140=EDGE_CURVE('',#3075,#3105,#3139,.T.);
#3141=ORIENTED_EDGE('',*,*,#3140,.T.);
#3142=ORIENTED_EDGE('',*,*,#3112,.T.);
#3143=CARTESIAN_POINT('',(-95.943116622,-74.357567838,103.679640309));
#3144=DIRECTION('',(0.,0.,-1.));
#3145=VECTOR('',#3144,1.6);
#3146=LINE('',#3143,#3145);
#3147=EDGE_CURVE('',#3107,#3083,#3146,.T.);
#3148=ORIENTED_EDGE('',*,*,#3147,.T.);
#3149=EDGE_LOOP('',(#3135,#3141,#3142,#3148));
#3150=FACE_BOUND('',#3149,.T.);
#3151=ADVANCED_FACE('',(#3150),#3134,.F.);
#3152=CARTESIAN_POINT('',(-97.443116622,85.342432162,102.879640309));
#3153=DIRECTION('',(0.,1.,0.));
#3154=DIRECTION('',(0.,0.,1.));
#3155=AXIS2_PLACEMENT_3D('',#3152,#3153,#3154);
#3156=PLANE('',#3155);
#3157=ORIENTED_EDGE('',*,*,#1199,.T.);
#3158=ORIENTED_EDGE('',*,*,#64,.T.);
#3159=ORIENTED_EDGE('',*,*,#1447,.T.);
#3160=ORIENTED_EDGE('',*,*,#1686,.T.);
#3161=EDGE_LOOP('',(#3157,#3158,#3159,#3160));
#3162=FACE_BOUND('',#3161,.T.);
#3163=ADVANCED_FACE('',(#3162),#3156,.T.);
#3164=CARTESIAN_POINT('',(-97.443116622,-74.357567838,102.879640309));
#3165=DIRECTION('',(0.,1.,0.));
#3166=DIRECTION('',(0.,0.,1.));
#3167=AXIS2_PLACEMENT_3D('',#3164,#3165,#3166);
#3168=PLANE('',#3167);
#3169=ORIENTED_EDGE('',*,*,#3094,.F.);
#3170=ORIENTED_EDGE('',*,*,#3147,.F.);
#3171=ORIENTED_EDGE('',*,*,#3125,.F.);
#3172=ORIENTED_EDGE('',*,*,#1956,.F.);
#3173=EDGE_LOOP('',(#3169,#3170,#3171,#3172));
#3174=FACE_BOUND('',#3173,.T.);
#3175=ADVANCED_FACE('',(#3174),#3168,.F.);
#3176=CARTESIAN_POINT('',(-118.354883711,3.354339258,68.897944456));
#3177=DIRECTION('',(0.,0.,-1.));
#3178=DIRECTION('',(-1.,0.,0.));
#3179=AXIS2_PLACEMENT_3D('',#3176,#3177,#3178);
#3180=PLANE('',#3179);
#3181=ORIENTED_EDGE('',*,*,#2030,.T.);
#3182=CARTESIAN_POINT('',(-99.943116622,3.304339258,68.897944456));
#3183=DIRECTION('',(-1.,-0.,0.));
#3184=VECTOR('',#3183,4.);
#3185=LINE('',#3182,#3184);
#3186=EDGE_CURVE('',#2639,#2016,#3185,.T.);
#3187=ORIENTED_EDGE('',*,*,#3186,.F.);
#3188=ORIENTED_EDGE('',*,*,#2644,.F.);
#3189=CARTESIAN_POINT('',(-103.943116622,3.404339258,68.897944456));
#3190=DIRECTION('',(1.,-0.,-0.));
#3191=VECTOR('',#3190,4.);
#3192=LINE('',#3189,#3191);
#3193=EDGE_CURVE('',#2025,#2630,#3192,.T.);
#3194=ORIENTED_EDGE('',*,*,#3193,.F.);
#3195=EDGE_LOOP('',(#3181,#3187,#3188,#3194));
#3196=FACE_BOUND('',#3195,.T.);
#3197=ADVANCED_FACE('',(#3196),#3180,.F.);
#3198=CARTESIAN_POINT('',(-118.354883711,3.304339258,71.097944456));
#3199=DIRECTION('',(1.,0.,0.));
#3200=DIRECTION('',(0.,0.,-1.));
#3201=AXIS2_PLACEMENT_3D('',#3198,#3199,#3200);
#3202=CYLINDRICAL_SURFACE('',#3201,2.2);
#3203=ORIENTED_EDGE('',*,*,#2022,.T.);
#3204=CARTESIAN_POINT('',(-103.943116622,1.104339258,71.097944456));
#3205=DIRECTION('',(1.,0.,-0.));
#3206=VECTOR('',#3205,4.);
#3207=LINE('',#3204,#3206);
#3208=EDGE_CURVE('',#2008,#2647,#3207,.T.);
#3209=ORIENTED_EDGE('',*,*,#3208,.T.);
#3210=ORIENTED_EDGE('',*,*,#2653,.F.);
#3211=ORIENTED_EDGE('',*,*,#3186,.T.);
#3212=EDGE_LOOP('',(#3203,#3209,#3210,#3211));
#3213=FACE_BOUND('',#3212,.T.);
#3214=ADVANCED_FACE('',(#3213),#3202,.F.);
#3215=CARTESIAN_POINT('',(-118.354883711,3.404339258,71.097944456));
#3216=DIRECTION('',(-1.,0.,0.));
#3217=DIRECTION('',(0.,0.,1.));
#3218=AXIS2_PLACEMENT_3D('',#3215,#3216,#3217);
#3219=CYLINDRICAL_SURFACE('',#3218,2.2);
#3220=ORIENTED_EDGE('',*,*,#2039,.T.);
#3221=ORIENTED_EDGE('',*,*,#3193,.T.);
#3222=ORIENTED_EDGE('',*,*,#2636,.F.);
#3223=CARTESIAN_POINT('',(-99.943116622,5.604339258,71.097944456));
#3224=DIRECTION('',(-1.,0.,0.));
#3225=VECTOR('',#3224,4.);
#3226=LINE('',#3223,#3225);
#3227=EDGE_CURVE('',#2622,#2033,#3226,.T.);
#3228=ORIENTED_EDGE('',*,*,#3227,.T.);
#3229=EDGE_LOOP('',(#3220,#3221,#3222,#3228));
#3230=FACE_BOUND('',#3229,.T.);
#3231=ADVANCED_FACE('',(#3230),#3219,.F.);
#3232=CARTESIAN_POINT('',(-118.354883711,5.604339258,68.897944456));
#3233=DIRECTION('',(0.,1.,0.));
#3234=DIRECTION('',(0.,0.,1.));
#3235=AXIS2_PLACEMENT_3D('',#3232,#3233,#3234);
#3236=PLANE('',#3235);
#3237=ORIENTED_EDGE('',*,*,#2045,.T.);
#3238=ORIENTED_EDGE('',*,*,#3227,.F.);
#3239=ORIENTED_EDGE('',*,*,#2627,.F.);
#3240=ORIENTED_EDGE('',*,*,#911,.F.);
#3241=ORIENTED_EDGE('',*,*,#623,.F.);
#3242=ORIENTED_EDGE('',*,*,#1416,.F.);
#3243=ORIENTED_EDGE('',*,*,#1840,.F.);
#3244=ORIENTED_EDGE('',*,*,#1664,.F.);
#3245=ORIENTED_EDGE('',*,*,#663,.F.);
#3246=ORIENTED_EDGE('',*,*,#1167,.T.);
#3247=EDGE_LOOP('',(#3237,#3238,#3239,#3240,#3241,#3242,#3243,#3244,#3245,#3246));
#3248=FACE_BOUND('',#3247,.T.);
#3249=ADVANCED_FACE('',(#3248),#3236,.F.);
#3250=CARTESIAN_POINT('',(-118.354883711,1.104339258,68.897944456));
#3251=DIRECTION('',(0.,-1.,0.));
#3252=DIRECTION('',(0.,0.,-1.));
#3253=AXIS2_PLACEMENT_3D('',#3250,#3251,#3252);
#3254=PLANE('',#3253);
#3255=ORIENTED_EDGE('',*,*,#2013,.T.);
#3256=ORIENTED_EDGE('',*,*,#2950,.T.);
#3257=ORIENTED_EDGE('',*,*,#1970,.F.);
#3258=ORIENTED_EDGE('',*,*,#3118,.F.);
#3259=ORIENTED_EDGE('',*,*,#3140,.F.);
#3260=ORIENTED_EDGE('',*,*,#3080,.F.);
#3261=ORIENTED_EDGE('',*,*,#1940,.F.);
#3262=ORIENTED_EDGE('',*,*,#2888,.F.);
#3263=ORIENTED_EDGE('',*,*,#2661,.F.);
#3264=ORIENTED_EDGE('',*,*,#3208,.F.);
#3265=EDGE_LOOP('',(#3255,#3256,#3257,#3258,#3259,#3260,#3261,#3262,#3263,#3264));
#3266=FACE_BOUND('',#3265,.T.);
#3267=ADVANCED_FACE('',(#3266),#3254,.F.);
#3268=CARTESIAN_POINT('',(-118.354883711,13.354339258,68.897944456));
#3269=DIRECTION('',(0.,0.,-1.));
#3270=DIRECTION('',(-1.,0.,0.));
#3271=AXIS2_PLACEMENT_3D('',#3268,#3269,#3270);
#3272=PLANE('',#3271);
#3273=ORIENTED_EDGE('',*,*,#2071,.T.);
#3274=CARTESIAN_POINT('',(-99.943116622,13.304339258,68.897944456));
#3275=DIRECTION('',(-1.,-0.,0.));
#3276=VECTOR('',#3275,4.);
#3277=LINE('',#3274,#3276);
#3278=EDGE_CURVE('',#2598,#2057,#3277,.T.);
#3279=ORIENTED_EDGE('',*,*,#3278,.F.);
#3280=ORIENTED_EDGE('',*,*,#2603,.F.);
#3281=CARTESIAN_POINT('',(-103.943116622,13.404339258,68.897944456));
#3282=DIRECTION('',(1.,-0.,-0.));
#3283=VECTOR('',#3282,4.);
#3284=LINE('',#3281,#3283);
#3285=EDGE_CURVE('',#2066,#2589,#3284,.T.);
#3286=ORIENTED_EDGE('',*,*,#3285,.F.);
#3287=EDGE_LOOP('',(#3273,#3279,#3280,#3286));
#3288=FACE_BOUND('',#3287,.T.);
#3289=ADVANCED_FACE('',(#3288),#3272,.F.);
#3290=CARTESIAN_POINT('',(-118.354883711,13.304339258,71.097944456));
#3291=DIRECTION('',(1.,0.,0.));
#3292=DIRECTION('',(0.,0.,-1.));
#3293=AXIS2_PLACEMENT_3D('',#3290,#3291,#3292);
#3294=CYLINDRICAL_SURFACE('',#3293,2.2);
#3295=ORIENTED_EDGE('',*,*,#2063,.T.);
#3296=CARTESIAN_POINT('',(-103.943116622,11.104339258,71.097944456));
#3297=DIRECTION('',(1.,0.,-0.));
#3298=VECTOR('',#3297,4.);
#3299=LINE('',#3296,#3298);
#3300=EDGE_CURVE('',#2049,#2606,#3299,.T.);
#3301=ORIENTED_EDGE('',*,*,#3300,.T.);
#3302=ORIENTED_EDGE('',*,*,#2612,.F.);
#3303=ORIENTED_EDGE('',*,*,#3278,.T.);
#3304=EDGE_LOOP('',(#3295,#3301,#3302,#3303));
#3305=FACE_BOUND('',#3304,.T.);
#3306=ADVANCED_FACE('',(#3305),#3294,.F.);
#3307=CARTESIAN_POINT('',(-118.354883711,13.404339258,71.097944456));
#3308=DIRECTION('',(-1.,0.,0.));
#3309=DIRECTION('',(0.,0.,1.));
#3310=AXIS2_PLACEMENT_3D('',#3307,#3308,#3309);
#3311=CYLINDRICAL_SURFACE('',#3310,2.2);
#3312=ORIENTED_EDGE('',*,*,#2080,.T.);
#3313=ORIENTED_EDGE('',*,*,#3285,.T.);
#3314=ORIENTED_EDGE('',*,*,#2595,.F.);
#3315=CARTESIAN_POINT('',(-99.943116622,15.604339258,71.097944456));
#3316=DIRECTION('',(-1.,0.,0.));
#3317=VECTOR('',#3316,4.);
#3318=LINE('',#3315,#3317);
#3319=EDGE_CURVE('',#2581,#2074,#3318,.T.);
#3320=ORIENTED_EDGE('',*,*,#3319,.T.);
#3321=EDGE_LOOP('',(#3312,#3313,#3314,#3320));
#3322=FACE_BOUND('',#3321,.T.);
#3323=ADVANCED_FACE('',(#3322),#3311,.F.);
#3324=CARTESIAN_POINT('',(-118.354883711,15.604339258,68.897944456));
#3325=DIRECTION('',(0.,1.,0.));
#3326=DIRECTION('',(0.,0.,1.));
#3327=AXIS2_PLACEMENT_3D('',#3324,#3325,#3326);
#3328=PLANE('',#3327);
#3329=ORIENTED_EDGE('',*,*,#2086,.T.);
#3330=ORIENTED_EDGE('',*,*,#3319,.F.);
#3331=ORIENTED_EDGE('',*,*,#2586,.F.);
#3332=ORIENTED_EDGE('',*,*,#880,.F.);
#3333=ORIENTED_EDGE('',*,*,#543,.F.);
#3334=ORIENTED_EDGE('',*,*,#1385,.F.);
#3335=ORIENTED_EDGE('',*,*,#1818,.F.);
#3336=ORIENTED_EDGE('',*,*,#1633,.F.);
#3337=ORIENTED_EDGE('',*,*,#583,.F.);
#3338=ORIENTED_EDGE('',*,*,#1136,.T.);
#3339=EDGE_LOOP('',(#3329,#3330,#3331,#3332,#3333,#3334,#3335,#3336,#3337,#3338));
#3340=FACE_BOUND('',#3339,.T.);
#3341=ADVANCED_FACE('',(#3340),#3328,.F.);
#3342=CARTESIAN_POINT('',(-118.354883711,11.104339258,68.897944456));
#3343=DIRECTION('',(0.,-1.,0.));
#3344=DIRECTION('',(0.,0.,-1.));
#3345=AXIS2_PLACEMENT_3D('',#3342,#3343,#3344);
#3346=PLANE('',#3345);
#3347=ORIENTED_EDGE('',*,*,#2054,.T.);
#3348=ORIENTED_EDGE('',*,*,#1153,.T.);
#3349=ORIENTED_EDGE('',*,*,#649,.F.);
#3350=ORIENTED_EDGE('',*,*,#1657,.F.);
#3351=ORIENTED_EDGE('',*,*,#1833,.F.);
#3352=ORIENTED_EDGE('',*,*,#1402,.F.);
#3353=ORIENTED_EDGE('',*,*,#609,.F.);
#3354=ORIENTED_EDGE('',*,*,#904,.F.);
#3355=ORIENTED_EDGE('',*,*,#2618,.F.);
#3356=ORIENTED_EDGE('',*,*,#3300,.F.);
#3357=EDGE_LOOP('',(#3347,#3348,#3349,#3350,#3351,#3352,#3353,#3354,#3355,#3356));
#3358=FACE_BOUND('',#3357,.T.);
#3359=ADVANCED_FACE('',(#3358),#3346,.F.);
#3360=CARTESIAN_POINT('',(-118.354883711,23.354339258,68.897944456));
#3361=DIRECTION('',(0.,0.,-1.));
#3362=DIRECTION('',(-1.,0.,0.));
#3363=AXIS2_PLACEMENT_3D('',#3360,#3361,#3362);
#3364=PLANE('',#3363);
#3365=ORIENTED_EDGE('',*,*,#2112,.T.);
#3366=CARTESIAN_POINT('',(-99.943116622,23.304339258,68.897944456));
#3367=DIRECTION('',(-1.,-0.,0.));
#3368=VECTOR('',#3367,4.);
#3369=LINE('',#3366,#3368);
#3370=EDGE_CURVE('',#2557,#2098,#3369,.T.);
#3371=ORIENTED_EDGE('',*,*,#3370,.F.);
#3372=ORIENTED_EDGE('',*,*,#2562,.F.);
#3373=CARTESIAN_POINT('',(-103.943116622,23.404339258,68.897944456));
#3374=DIRECTION('',(1.,-0.,-0.));
#3375=VECTOR('',#3374,4.);
#3376=LINE('',#3373,#3375);
#3377=EDGE_CURVE('',#2107,#2548,#3376,.T.);
#3378=ORIENTED_EDGE('',*,*,#3377,.F.);
#3379=EDGE_LOOP('',(#3365,#3371,#3372,#3378));
#3380=FACE_BOUND('',#3379,.T.);
#3381=ADVANCED_FACE('',(#3380),#3364,.F.);
#3382=CARTESIAN_POINT('',(-118.354883711,23.304339258,71.097944456));
#3383=DIRECTION('',(1.,0.,0.));
#3384=DIRECTION('',(0.,0.,-1.));
#3385=AXIS2_PLACEMENT_3D('',#3382,#3383,#3384);
#3386=CYLINDRICAL_SURFACE('',#3385,2.2);
#3387=ORIENTED_EDGE('',*,*,#2104,.T.);
#3388=CARTESIAN_POINT('',(-103.943116622,21.104339258,71.097944456));
#3389=DIRECTION('',(1.,0.,-0.));
#3390=VECTOR('',#3389,4.);
#3391=LINE('',#3388,#3390);
#3392=EDGE_CURVE('',#2090,#2565,#3391,.T.);
#3393=ORIENTED_EDGE('',*,*,#3392,.T.);
#3394=ORIENTED_EDGE('',*,*,#2571,.F.);
#3395=ORIENTED_EDGE('',*,*,#3370,.T.);
#3396=EDGE_LOOP('',(#3387,#3393,#3394,#3395));
#3397=FACE_BOUND('',#3396,.T.);
#3398=ADVANCED_FACE('',(#3397),#3386,.F.);
#3399=CARTESIAN_POINT('',(-118.354883711,23.404339258,71.097944456));
#3400=DIRECTION('',(-1.,0.,0.));
#3401=DIRECTION('',(0.,0.,1.));
#3402=AXIS2_PLACEMENT_3D('',#3399,#3400,#3401);
#3403=CYLINDRICAL_SURFACE('',#3402,2.2);
#3404=ORIENTED_EDGE('',*,*,#2121,.T.);
#3405=ORIENTED_EDGE('',*,*,#3377,.T.);
#3406=ORIENTED_EDGE('',*,*,#2554,.F.);
#3407=CARTESIAN_POINT('',(-99.943116622,25.604339258,71.097944456));
#3408=DIRECTION('',(-1.,0.,0.));
#3409=VECTOR('',#3408,4.);
#3410=LINE('',#3407,#3409);
#3411=EDGE_CURVE('',#2540,#2115,#3410,.T.);
#3412=ORIENTED_EDGE('',*,*,#3411,.T.);
#3413=EDGE_LOOP('',(#3404,#3405,#3406,#3412));
#3414=FACE_BOUND('',#3413,.T.);
#3415=ADVANCED_FACE('',(#3414),#3403,.F.);
#3416=CARTESIAN_POINT('',(-118.354883711,25.604339258,68.897944456));
#3417=DIRECTION('',(0.,1.,0.));
#3418=DIRECTION('',(0.,0.,1.));
#3419=AXIS2_PLACEMENT_3D('',#3416,#3417,#3418);
#3420=PLANE('',#3419);
#3421=ORIENTED_EDGE('',*,*,#2127,.T.);
#3422=ORIENTED_EDGE('',*,*,#3411,.F.);
#3423=ORIENTED_EDGE('',*,*,#2545,.F.);
#3424=ORIENTED_EDGE('',*,*,#849,.F.);
#3425=ORIENTED_EDGE('',*,*,#463,.F.);
#3426=ORIENTED_EDGE('',*,*,#1354,.F.);
#3427=ORIENTED_EDGE('',*,*,#1796,.F.);
#3428=ORIENTED_EDGE('',*,*,#1602,.F.);
#3429=ORIENTED_EDGE('',*,*,#503,.F.);
#3430=ORIENTED_EDGE('',*,*,#1105,.T.);
#3431=EDGE_LOOP('',(#3421,#3422,#3423,#3424,#3425,#3426,#3427,#3428,#3429,#3430));
#3432=FACE_BOUND('',#3431,.T.);
#3433=ADVANCED_FACE('',(#3432),#3420,.F.);
#3434=CARTESIAN_POINT('',(-118.354883711,21.104339258,68.897944456));
#3435=DIRECTION('',(0.,-1.,0.));
#3436=DIRECTION('',(0.,0.,-1.));
#3437=AXIS2_PLACEMENT_3D('',#3434,#3435,#3436);
#3438=PLANE('',#3437);
#3439=ORIENTED_EDGE('',*,*,#2095,.T.);
#3440=ORIENTED_EDGE('',*,*,#1122,.T.);
#3441=ORIENTED_EDGE('',*,*,#569,.F.);
#3442=ORIENTED_EDGE('',*,*,#1626,.F.);
#3443=ORIENTED_EDGE('',*,*,#1811,.F.);
#3444=ORIENTED_EDGE('',*,*,#1371,.F.);
#3445=ORIENTED_EDGE('',*,*,#529,.F.);
#3446=ORIENTED_EDGE('',*,*,#873,.F.);
#3447=ORIENTED_EDGE('',*,*,#2577,.F.);
#3448=ORIENTED_EDGE('',*,*,#3392,.F.);
#3449=EDGE_LOOP('',(#3439,#3440,#3441,#3442,#3443,#3444,#3445,#3446,#3447,#3448));
#3450=FACE_BOUND('',#3449,.T.);
#3451=ADVANCED_FACE('',(#3450),#3438,.F.);
#3452=CARTESIAN_POINT('',(-118.354883711,33.354339258,68.897944456));
#3453=DIRECTION('',(0.,0.,-1.));
#3454=DIRECTION('',(-1.,0.,0.));
#3455=AXIS2_PLACEMENT_3D('',#3452,#3453,#3454);
#3456=PLANE('',#3455);
#3457=ORIENTED_EDGE('',*,*,#2153,.T.);
#3458=CARTESIAN_POINT('',(-99.943116622,33.304339258,68.897944456));
#3459=DIRECTION('',(-1.,-0.,0.));
#3460=VECTOR('',#3459,4.);
#3461=LINE('',#3458,#3460);
#3462=EDGE_CURVE('',#2516,#2139,#3461,.T.);
#3463=ORIENTED_EDGE('',*,*,#3462,.F.);
#3464=ORIENTED_EDGE('',*,*,#2521,.F.);
#3465=CARTESIAN_POINT('',(-103.943116622,33.404339258,68.897944456));
#3466=DIRECTION('',(1.,-0.,-0.));
#3467=VECTOR('',#3466,4.);
#3468=LINE('',#3465,#3467);
#3469=EDGE_CURVE('',#2148,#2507,#3468,.T.);
#3470=ORIENTED_EDGE('',*,*,#3469,.F.);
#3471=EDGE_LOOP('',(#3457,#3463,#3464,#3470));
#3472=FACE_BOUND('',#3471,.T.);
#3473=ADVANCED_FACE('',(#3472),#3456,.F.);
#3474=CARTESIAN_POINT('',(-118.354883711,33.304339258,71.097944456));
#3475=DIRECTION('',(1.,0.,0.));
#3476=DIRECTION('',(0.,0.,-1.));
#3477=AXIS2_PLACEMENT_3D('',#3474,#3475,#3476);
#3478=CYLINDRICAL_SURFACE('',#3477,2.2);
#3479=ORIENTED_EDGE('',*,*,#2145,.T.);
#3480=CARTESIAN_POINT('',(-103.943116622,31.104339258,71.097944456));
#3481=DIRECTION('',(1.,0.,-0.));
#3482=VECTOR('',#3481,4.);
#3483=LINE('',#3480,#3482);
#3484=EDGE_CURVE('',#2131,#2524,#3483,.T.);
#3485=ORIENTED_EDGE('',*,*,#3484,.T.);
#3486=ORIENTED_EDGE('',*,*,#2530,.F.);
#3487=ORIENTED_EDGE('',*,*,#3462,.T.);
#3488=EDGE_LOOP('',(#3479,#3485,#3486,#3487));
#3489=FACE_BOUND('',#3488,.T.);
#3490=ADVANCED_FACE('',(#3489),#3478,.F.);
#3491=CARTESIAN_POINT('',(-118.354883711,33.404339258,71.097944456));
#3492=DIRECTION('',(-1.,0.,0.));
#3493=DIRECTION('',(0.,0.,1.));
#3494=AXIS2_PLACEMENT_3D('',#3491,#3492,#3493);
#3495=CYLINDRICAL_SURFACE('',#3494,2.2);
#3496=ORIENTED_EDGE('',*,*,#2162,.T.);
#3497=ORIENTED_EDGE('',*,*,#3469,.T.);
#3498=ORIENTED_EDGE('',*,*,#2513,.F.);
#3499=CARTESIAN_POINT('',(-99.943116622,35.604339258,71.097944456));
#3500=DIRECTION('',(-1.,0.,0.));
#3501=VECTOR('',#3500,4.);
#3502=LINE('',#3499,#3501);
#3503=EDGE_CURVE('',#2499,#2156,#3502,.T.);
#3504=ORIENTED_EDGE('',*,*,#3503,.T.);
#3505=EDGE_LOOP('',(#3496,#3497,#3498,#3504));
#3506=FACE_BOUND('',#3505,.T.);
#3507=ADVANCED_FACE('',(#3506),#3495,.F.);
#3508=CARTESIAN_POINT('',(-118.354883711,35.604339258,68.897944456));
#3509=DIRECTION('',(0.,1.,0.));
#3510=DIRECTION('',(0.,0.,1.));
#3511=AXIS2_PLACEMENT_3D('',#3508,#3509,#3510);
#3512=PLANE('',#3511);
#3513=ORIENTED_EDGE('',*,*,#2168,.T.);
#3514=ORIENTED_EDGE('',*,*,#3503,.F.);
#3515=ORIENTED_EDGE('',*,*,#2504,.F.);
#3516=ORIENTED_EDGE('',*,*,#818,.F.);
#3517=ORIENTED_EDGE('',*,*,#383,.F.);
#3518=ORIENTED_EDGE('',*,*,#1323,.F.);
#3519=ORIENTED_EDGE('',*,*,#1774,.F.);
#3520=ORIENTED_EDGE('',*,*,#1571,.F.);
#3521=ORIENTED_EDGE('',*,*,#423,.F.);
#3522=ORIENTED_EDGE('',*,*,#1074,.T.);
#3523=EDGE_LOOP('',(#3513,#3514,#3515,#3516,#3517,#3518,#3519,#3520,#3521,#3522));
#3524=FACE_BOUND('',#3523,.T.);
#3525=ADVANCED_FACE('',(#3524),#3512,.F.);
#3526=CARTESIAN_POINT('',(-118.354883711,31.104339258,68.897944456));
#3527=DIRECTION('',(0.,-1.,0.));
#3528=DIRECTION('',(0.,0.,-1.));
#3529=AXIS2_PLACEMENT_3D('',#3526,#3527,#3528);
#3530=PLANE('',#3529);
#3531=ORIENTED_EDGE('',*,*,#2136,.T.);
#3532=ORIENTED_EDGE('',*,*,#1091,.T.);
#3533=ORIENTED_EDGE('',*,*,#489,.F.);
#3534=ORIENTED_EDGE('',*,*,#1595,.F.);
#3535=ORIENTED_EDGE('',*,*,#1789,.F.);
#3536=ORIENTED_EDGE('',*,*,#1340,.F.);
#3537=ORIENTED_EDGE('',*,*,#449,.F.);
#3538=ORIENTED_EDGE('',*,*,#842,.F.);
#3539=ORIENTED_EDGE('',*,*,#2536,.F.);
#3540=ORIENTED_EDGE('',*,*,#3484,.F.);
#3541=EDGE_LOOP('',(#3531,#3532,#3533,#3534,#3535,#3536,#3537,#3538,#3539,#3540));
#3542=FACE_BOUND('',#3541,.T.);
#3543=ADVANCED_FACE('',(#3542),#3530,.F.);
#3544=CARTESIAN_POINT('',(-118.354883711,43.354339258,68.897944456));
#3545=DIRECTION('',(0.,0.,-1.));
#3546=DIRECTION('',(-1.,0.,0.));
#3547=AXIS2_PLACEMENT_3D('',#3544,#3545,#3546);
#3548=PLANE('',#3547);
#3549=ORIENTED_EDGE('',*,*,#2194,.T.);
#3550=CARTESIAN_POINT('',(-99.943116622,43.304339258,68.897944456));
#3551=DIRECTION('',(-1.,-0.,0.));
#3552=VECTOR('',#3551,4.);
#3553=LINE('',#3550,#3552);
#3554=EDGE_CURVE('',#2475,#2180,#3553,.T.);
#3555=ORIENTED_EDGE('',*,*,#3554,.F.);
#3556=ORIENTED_EDGE('',*,*,#2480,.F.);
#3557=CARTESIAN_POINT('',(-103.943116622,43.404339258,68.897944456));
#3558=DIRECTION('',(1.,-0.,-0.));
#3559=VECTOR('',#3558,4.);
#3560=LINE('',#3557,#3559);
#3561=EDGE_CURVE('',#2189,#2466,#3560,.T.);
#3562=ORIENTED_EDGE('',*,*,#3561,.F.);
#3563=EDGE_LOOP('',(#3549,#3555,#3556,#3562));
#3564=FACE_BOUND('',#3563,.T.);
#3565=ADVANCED_FACE('',(#3564),#3548,.F.);
#3566=CARTESIAN_POINT('',(-118.354883711,43.304339258,71.097944456));
#3567=DIRECTION('',(1.,0.,0.));
#3568=DIRECTION('',(0.,0.,-1.));
#3569=AXIS2_PLACEMENT_3D('',#3566,#3567,#3568);
#3570=CYLINDRICAL_SURFACE('',#3569,2.2);
#3571=ORIENTED_EDGE('',*,*,#2186,.T.);
#3572=CARTESIAN_POINT('',(-103.943116622,41.104339258,71.097944456));
#3573=DIRECTION('',(1.,0.,-0.));
#3574=VECTOR('',#3573,4.);
#3575=LINE('',#3572,#3574);
#3576=EDGE_CURVE('',#2172,#2483,#3575,.T.);
#3577=ORIENTED_EDGE('',*,*,#3576,.T.);
#3578=ORIENTED_EDGE('',*,*,#2489,.F.);
#3579=ORIENTED_EDGE('',*,*,#3554,.T.);
#3580=EDGE_LOOP('',(#3571,#3577,#3578,#3579));
#3581=FACE_BOUND('',#3580,.T.);
#3582=ADVANCED_FACE('',(#3581),#3570,.F.);
#3583=CARTESIAN_POINT('',(-118.354883711,43.404339258,71.097944456));
#3584=DIRECTION('',(-1.,0.,0.));
#3585=DIRECTION('',(0.,0.,1.));
#3586=AXIS2_PLACEMENT_3D('',#3583,#3584,#3585);
#3587=CYLINDRICAL_SURFACE('',#3586,2.2);
#3588=ORIENTED_EDGE('',*,*,#2203,.T.);
#3589=ORIENTED_EDGE('',*,*,#3561,.T.);
#3590=ORIENTED_EDGE('',*,*,#2472,.F.);
#3591=CARTESIAN_POINT('',(-99.943116622,45.604339258,71.097944456));
#3592=DIRECTION('',(-1.,0.,0.));
#3593=VECTOR('',#3592,4.);
#3594=LINE('',#3591,#3593);
#3595=EDGE_CURVE('',#2458,#2197,#3594,.T.);
#3596=ORIENTED_EDGE('',*,*,#3595,.T.);
#3597=EDGE_LOOP('',(#3588,#3589,#3590,#3596));
#3598=FACE_BOUND('',#3597,.T.);
#3599=ADVANCED_FACE('',(#3598),#3587,.F.);
#3600=CARTESIAN_POINT('',(-118.354883711,45.604339258,68.897944456));
#3601=DIRECTION('',(0.,1.,0.));
#3602=DIRECTION('',(0.,0.,1.));
#3603=AXIS2_PLACEMENT_3D('',#3600,#3601,#3602);
#3604=PLANE('',#3603);
#3605=ORIENTED_EDGE('',*,*,#2209,.T.);
#3606=ORIENTED_EDGE('',*,*,#3595,.F.);
#3607=ORIENTED_EDGE('',*,*,#2463,.F.);
#3608=ORIENTED_EDGE('',*,*,#787,.F.);
#3609=ORIENTED_EDGE('',*,*,#303,.F.);
#3610=ORIENTED_EDGE('',*,*,#1292,.F.);
#3611=ORIENTED_EDGE('',*,*,#1752,.F.);
#3612=ORIENTED_EDGE('',*,*,#1540,.F.);
#3613=ORIENTED_EDGE('',*,*,#343,.F.);
#3614=ORIENTED_EDGE('',*,*,#1043,.T.);
#3615=EDGE_LOOP('',(#3605,#3606,#3607,#3608,#3609,#3610,#3611,#3612,#3613,#3614));
#3616=FACE_BOUND('',#3615,.T.);
#3617=ADVANCED_FACE('',(#3616),#3604,.F.);
#3618=CARTESIAN_POINT('',(-118.354883711,41.104339258,68.897944456));
#3619=DIRECTION('',(0.,-1.,0.));
#3620=DIRECTION('',(0.,0.,-1.));
#3621=AXIS2_PLACEMENT_3D('',#3618,#3619,#3620);
#3622=PLANE('',#3621);
#3623=ORIENTED_EDGE('',*,*,#2177,.T.);
#3624=ORIENTED_EDGE('',*,*,#1060,.T.);
#3625=ORIENTED_EDGE('',*,*,#409,.F.);
#3626=ORIENTED_EDGE('',*,*,#1564,.F.);
#3627=ORIENTED_EDGE('',*,*,#1767,.F.);
#3628=ORIENTED_EDGE('',*,*,#1309,.F.);
#3629=ORIENTED_EDGE('',*,*,#369,.F.);
#3630=ORIENTED_EDGE('',*,*,#811,.F.);
#3631=ORIENTED_EDGE('',*,*,#2495,.F.);
#3632=ORIENTED_EDGE('',*,*,#3576,.F.);
#3633=EDGE_LOOP('',(#3623,#3624,#3625,#3626,#3627,#3628,#3629,#3630,#3631,#3632));
#3634=FACE_BOUND('',#3633,.T.);
#3635=ADVANCED_FACE('',(#3634),#3622,.F.);
#3636=CARTESIAN_POINT('',(-118.354883711,53.354339258,68.897944456));
#3637=DIRECTION('',(0.,0.,-1.));
#3638=DIRECTION('',(-1.,0.,0.));
#3639=AXIS2_PLACEMENT_3D('',#3636,#3637,#3638);
#3640=PLANE('',#3639);
#3641=ORIENTED_EDGE('',*,*,#2235,.T.);
#3642=CARTESIAN_POINT('',(-99.943116622,53.304339258,68.897944456));
#3643=DIRECTION('',(-1.,-0.,0.));
#3644=VECTOR('',#3643,4.);
#3645=LINE('',#3642,#3644);
#3646=EDGE_CURVE('',#2434,#2221,#3645,.T.);
#3647=ORIENTED_EDGE('',*,*,#3646,.F.);
#3648=ORIENTED_EDGE('',*,*,#2439,.F.);
#3649=CARTESIAN_POINT('',(-103.943116622,53.404339258,68.897944456));
#3650=DIRECTION('',(1.,-0.,-0.));
#3651=VECTOR('',#3650,4.);
#3652=LINE('',#3649,#3651);
#3653=EDGE_CURVE('',#2230,#2425,#3652,.T.);
#3654=ORIENTED_EDGE('',*,*,#3653,.F.);
#3655=EDGE_LOOP('',(#3641,#3647,#3648,#3654));
#3656=FACE_BOUND('',#3655,.T.);
#3657=ADVANCED_FACE('',(#3656),#3640,.F.);
#3658=CARTESIAN_POINT('',(-118.354883711,53.304339258,71.097944456));
#3659=DIRECTION('',(1.,0.,0.));
#3660=DIRECTION('',(0.,0.,-1.));
#3661=AXIS2_PLACEMENT_3D('',#3658,#3659,#3660);
#3662=CYLINDRICAL_SURFACE('',#3661,2.2);
#3663=ORIENTED_EDGE('',*,*,#2227,.T.);
#3664=CARTESIAN_POINT('',(-103.943116622,51.104339258,71.097944456));
#3665=DIRECTION('',(1.,0.,-0.));
#3666=VECTOR('',#3665,4.);
#3667=LINE('',#3664,#3666);
#3668=EDGE_CURVE('',#2213,#2442,#3667,.T.);
#3669=ORIENTED_EDGE('',*,*,#3668,.T.);
#3670=ORIENTED_EDGE('',*,*,#2448,.F.);
#3671=ORIENTED_EDGE('',*,*,#3646,.T.);
#3672=EDGE_LOOP('',(#3663,#3669,#3670,#3671));
#3673=FACE_BOUND('',#3672,.T.);
#3674=ADVANCED_FACE('',(#3673),#3662,.F.);
#3675=CARTESIAN_POINT('',(-118.354883711,53.404339258,71.097944456));
#3676=DIRECTION('',(-1.,0.,0.));
#3677=DIRECTION('',(0.,0.,1.));
#3678=AXIS2_PLACEMENT_3D('',#3675,#3676,#3677);
#3679=CYLINDRICAL_SURFACE('',#3678,2.2);
#3680=ORIENTED_EDGE('',*,*,#2244,.T.);
#3681=ORIENTED_EDGE('',*,*,#3653,.T.);
#3682=ORIENTED_EDGE('',*,*,#2431,.F.);
#3683=CARTESIAN_POINT('',(-99.943116622,55.604339258,71.097944456));
#3684=DIRECTION('',(-1.,0.,0.));
#3685=VECTOR('',#3684,4.);
#3686=LINE('',#3683,#3685);
#3687=EDGE_CURVE('',#2417,#2238,#3686,.T.);
#3688=ORIENTED_EDGE('',*,*,#3687,.T.);
#3689=EDGE_LOOP('',(#3680,#3681,#3682,#3688));
#3690=FACE_BOUND('',#3689,.T.);
#3691=ADVANCED_FACE('',(#3690),#3679,.F.);
#3692=CARTESIAN_POINT('',(-118.354883711,55.604339258,68.897944456));
#3693=DIRECTION('',(0.,1.,0.));
#3694=DIRECTION('',(0.,0.,1.));
#3695=AXIS2_PLACEMENT_3D('',#3692,#3693,#3694);
#3696=PLANE('',#3695);
#3697=ORIENTED_EDGE('',*,*,#2250,.T.);
#3698=ORIENTED_EDGE('',*,*,#3687,.F.);
#3699=ORIENTED_EDGE('',*,*,#2422,.F.);
#3700=ORIENTED_EDGE('',*,*,#756,.F.);
#3701=ORIENTED_EDGE('',*,*,#223,.F.);
#3702=ORIENTED_EDGE('',*,*,#1261,.F.);
#3703=ORIENTED_EDGE('',*,*,#1730,.F.);
#3704=ORIENTED_EDGE('',*,*,#1509,.F.);
#3705=ORIENTED_EDGE('',*,*,#263,.F.);
#3706=ORIENTED_EDGE('',*,*,#1012,.T.);
#3707=EDGE_LOOP('',(#3697,#3698,#3699,#3700,#3701,#3702,#3703,#3704,#3705,#3706));
#3708=FACE_BOUND('',#3707,.T.);
#3709=ADVANCED_FACE('',(#3708),#3696,.F.);
#3710=CARTESIAN_POINT('',(-118.354883711,51.104339258,68.897944456));
#3711=DIRECTION('',(0.,-1.,0.));
#3712=DIRECTION('',(0.,0.,-1.));
#3713=AXIS2_PLACEMENT_3D('',#3710,#3711,#3712);
#3714=PLANE('',#3713);
#3715=ORIENTED_EDGE('',*,*,#2218,.T.);
#3716=ORIENTED_EDGE('',*,*,#1029,.T.);
#3717=ORIENTED_EDGE('',*,*,#329,.F.);
#3718=ORIENTED_EDGE('',*,*,#1533,.F.);
#3719=ORIENTED_EDGE('',*,*,#1745,.F.);
#3720=ORIENTED_EDGE('',*,*,#1278,.F.);
#3721=ORIENTED_EDGE('',*,*,#289,.F.);
#3722=ORIENTED_EDGE('',*,*,#780,.F.);
#3723=ORIENTED_EDGE('',*,*,#2454,.F.);
#3724=ORIENTED_EDGE('',*,*,#3668,.F.);
#3725=EDGE_LOOP('',(#3715,#3716,#3717,#3718,#3719,#3720,#3721,#3722,#3723,#3724));
#3726=FACE_BOUND('',#3725,.T.);
#3727=ADVANCED_FACE('',(#3726),#3714,.F.);
#3728=CARTESIAN_POINT('',(-118.354883711,63.354339258,68.897944456));
#3729=DIRECTION('',(0.,0.,-1.));
#3730=DIRECTION('',(-1.,0.,0.));
#3731=AXIS2_PLACEMENT_3D('',#3728,#3729,#3730);
#3732=PLANE('',#3731);
#3733=ORIENTED_EDGE('',*,*,#2276,.T.);
#3734=CARTESIAN_POINT('',(-99.943116622,63.304339258,68.897944456));
#3735=DIRECTION('',(-1.,-0.,0.));
#3736=VECTOR('',#3735,4.);
#3737=LINE('',#3734,#3736);
#3738=EDGE_CURVE('',#2393,#2262,#3737,.T.);
#3739=ORIENTED_EDGE('',*,*,#3738,.F.);
#3740=ORIENTED_EDGE('',*,*,#2398,.F.);
#3741=CARTESIAN_POINT('',(-103.943116622,63.404339258,68.897944456));
#3742=DIRECTION('',(1.,-0.,-0.));
#3743=VECTOR('',#3742,4.);
#3744=LINE('',#3741,#3743);
#3745=EDGE_CURVE('',#2271,#2384,#3744,.T.);
#3746=ORIENTED_EDGE('',*,*,#3745,.F.);
#3747=EDGE_LOOP('',(#3733,#3739,#3740,#3746));
#3748=FACE_BOUND('',#3747,.T.);
#3749=ADVANCED_FACE('',(#3748),#3732,.F.);
#3750=CARTESIAN_POINT('',(-118.354883711,63.304339258,71.097944456));
#3751=DIRECTION('',(1.,0.,0.));
#3752=DIRECTION('',(0.,0.,-1.));
#3753=AXIS2_PLACEMENT_3D('',#3750,#3751,#3752);
#3754=CYLINDRICAL_SURFACE('',#3753,2.2);
#3755=ORIENTED_EDGE('',*,*,#2268,.T.);
#3756=CARTESIAN_POINT('',(-103.943116622,61.104339258,71.097944456));
#3757=DIRECTION('',(1.,0.,-0.));
#3758=VECTOR('',#3757,4.);
#3759=LINE('',#3756,#3758);
#3760=EDGE_CURVE('',#2254,#2401,#3759,.T.);
#3761=ORIENTED_EDGE('',*,*,#3760,.T.);
#3762=ORIENTED_EDGE('',*,*,#2407,.F.);
#3763=ORIENTED_EDGE('',*,*,#3738,.T.);
#3764=EDGE_LOOP('',(#3755,#3761,#3762,#3763));
#3765=FACE_BOUND('',#3764,.T.);
#3766=ADVANCED_FACE('',(#3765),#3754,.F.);
#3767=CARTESIAN_POINT('',(-118.354883711,63.404339258,71.097944456));
#3768=DIRECTION('',(-1.,0.,0.));
#3769=DIRECTION('',(0.,0.,1.));
#3770=AXIS2_PLACEMENT_3D('',#3767,#3768,#3769);
#3771=CYLINDRICAL_SURFACE('',#3770,2.2);
#3772=ORIENTED_EDGE('',*,*,#2285,.T.);
#3773=ORIENTED_EDGE('',*,*,#3745,.T.);
#3774=ORIENTED_EDGE('',*,*,#2390,.F.);
#3775=CARTESIAN_POINT('',(-99.943116622,65.604339258,71.097944456));
#3776=DIRECTION('',(-1.,0.,0.));
#3777=VECTOR('',#3776,4.);
#3778=LINE('',#3775,#3777);
#3779=EDGE_CURVE('',#2376,#2279,#3778,.T.);
#3780=ORIENTED_EDGE('',*,*,#3779,.T.);
#3781=EDGE_LOOP('',(#3772,#3773,#3774,#3780));
#3782=FACE_BOUND('',#3781,.T.);
#3783=ADVANCED_FACE('',(#3782),#3771,.F.);
#3784=CARTESIAN_POINT('',(-118.354883711,65.604339258,68.897944456));
#3785=DIRECTION('',(0.,1.,0.));
#3786=DIRECTION('',(0.,0.,1.));
#3787=AXIS2_PLACEMENT_3D('',#3784,#3785,#3786);
#3788=PLANE('',#3787);
#3789=ORIENTED_EDGE('',*,*,#2291,.T.);
#3790=ORIENTED_EDGE('',*,*,#3779,.F.);
#3791=ORIENTED_EDGE('',*,*,#2381,.F.);
#3792=ORIENTED_EDGE('',*,*,#725,.F.);
#3793=ORIENTED_EDGE('',*,*,#143,.F.);
#3794=ORIENTED_EDGE('',*,*,#1230,.F.);
#3795=ORIENTED_EDGE('',*,*,#1708,.F.);
#3796=ORIENTED_EDGE('',*,*,#1478,.F.);
#3797=ORIENTED_EDGE('',*,*,#183,.F.);
#3798=ORIENTED_EDGE('',*,*,#981,.T.);
#3799=EDGE_LOOP('',(#3789,#3790,#3791,#3792,#3793,#3794,#3795,#3796,#3797,#3798));
#3800=FACE_BOUND('',#3799,.T.);
#3801=ADVANCED_FACE('',(#3800),#3788,.F.);
#3802=CARTESIAN_POINT('',(-118.354883711,61.104339258,68.897944456));
#3803=DIRECTION('',(0.,-1.,0.));
#3804=DIRECTION('',(0.,0.,-1.));
#3805=AXIS2_PLACEMENT_3D('',#3802,#3803,#3804);
#3806=PLANE('',#3805);
#3807=ORIENTED_EDGE('',*,*,#2259,.T.);
#3808=ORIENTED_EDGE('',*,*,#998,.T.);
#3809=ORIENTED_EDGE('',*,*,#249,.F.);
#3810=ORIENTED_EDGE('',*,*,#1502,.F.);
#3811=ORIENTED_EDGE('',*,*,#1723,.F.);
#3812=ORIENTED_EDGE('',*,*,#1247,.F.);
#3813=ORIENTED_EDGE('',*,*,#209,.F.);
#3814=ORIENTED_EDGE('',*,*,#749,.F.);
#3815=ORIENTED_EDGE('',*,*,#2413,.F.);
#3816=ORIENTED_EDGE('',*,*,#3760,.F.);
#3817=EDGE_LOOP('',(#3807,#3808,#3809,#3810,#3811,#3812,#3813,#3814,#3815,#3816));
#3818=FACE_BOUND('',#3817,.T.);
#3819=ADVANCED_FACE('',(#3818),#3806,.F.);
#3820=CARTESIAN_POINT('',(-118.354883711,73.354339258,68.897944456));
#3821=DIRECTION('',(0.,0.,-1.));
#3822=DIRECTION('',(-1.,0.,0.));
#3823=AXIS2_PLACEMENT_3D('',#3820,#3821,#3822);
#3824=PLANE('',#3823);
#3825=ORIENTED_EDGE('',*,*,#2317,.T.);
#3826=CARTESIAN_POINT('',(-99.943116622,73.304339258,68.897944456));
#3827=DIRECTION('',(-1.,-0.,0.));
#3828=VECTOR('',#3827,4.);
#3829=LINE('',#3826,#3828);
#3830=EDGE_CURVE('',#2358,#2303,#3829,.T.);
#3831=ORIENTED_EDGE('',*,*,#3830,.F.);
#3832=ORIENTED_EDGE('',*,*,#2724,.F.);
#3833=CARTESIAN_POINT('',(-103.943116622,73.404339258,68.897944456));
#3834=DIRECTION('',(1.,-0.,-0.));
#3835=VECTOR('',#3834,4.);
#3836=LINE('',#3833,#3835);
#3837=EDGE_CURVE('',#2312,#2712,#3836,.T.);
#3838=ORIENTED_EDGE('',*,*,#3837,.F.);
#3839=EDGE_LOOP('',(#3825,#3831,#3832,#3838));
#3840=FACE_BOUND('',#3839,.T.);
#3841=ADVANCED_FACE('',(#3840),#3824,.F.);
#3842=CARTESIAN_POINT('',(-118.354883711,73.304339258,71.097944456));
#3843=DIRECTION('',(1.,0.,0.));
#3844=DIRECTION('',(0.,0.,-1.));
#3845=AXIS2_PLACEMENT_3D('',#3842,#3843,#3844);
#3846=CYLINDRICAL_SURFACE('',#3845,2.2);
#3847=ORIENTED_EDGE('',*,*,#2309,.T.);
#3848=CARTESIAN_POINT('',(-103.943116622,71.104339258,71.097944456));
#3849=DIRECTION('',(1.,0.,-0.));
#3850=VECTOR('',#3849,4.);
#3851=LINE('',#3848,#3850);
#3852=EDGE_CURVE('',#2295,#2360,#3851,.T.);
#3853=ORIENTED_EDGE('',*,*,#3852,.T.);
#3854=ORIENTED_EDGE('',*,*,#2366,.F.);
#3855=ORIENTED_EDGE('',*,*,#3830,.T.);
#3856=EDGE_LOOP('',(#3847,#3853,#3854,#3855));
#3857=FACE_BOUND('',#3856,.T.);
#3858=ADVANCED_FACE('',(#3857),#3846,.F.);
#3859=CARTESIAN_POINT('',(-118.354883711,73.404339258,71.097944456));
#3860=DIRECTION('',(-1.,0.,0.));
#3861=DIRECTION('',(0.,0.,1.));
#3862=AXIS2_PLACEMENT_3D('',#3859,#3860,#3861);
#3863=CYLINDRICAL_SURFACE('',#3862,2.2);
#3864=ORIENTED_EDGE('',*,*,#2326,.T.);
#3865=ORIENTED_EDGE('',*,*,#3837,.T.);
#3866=ORIENTED_EDGE('',*,*,#2718,.F.);
#3867=CARTESIAN_POINT('',(-99.943116622,75.604339258,71.097944456));
#3868=DIRECTION('',(-1.,0.,0.));
#3869=VECTOR('',#3868,4.);
#3870=LINE('',#3867,#3869);
#3871=EDGE_CURVE('',#2704,#2320,#3870,.T.);
#3872=ORIENTED_EDGE('',*,*,#3871,.T.);
#3873=EDGE_LOOP('',(#3864,#3865,#3866,#3872));
#3874=FACE_BOUND('',#3873,.T.);
#3875=ADVANCED_FACE('',(#3874),#3863,.F.);
#3876=CARTESIAN_POINT('',(-118.354883711,75.604339258,68.897944456));
#3877=DIRECTION('',(0.,1.,0.));
#3878=DIRECTION('',(0.,0.,1.));
#3879=AXIS2_PLACEMENT_3D('',#3876,#3877,#3878);
#3880=PLANE('',#3879);
#3881=ORIENTED_EDGE('',*,*,#2332,.T.);
#3882=ORIENTED_EDGE('',*,*,#3871,.F.);
#3883=ORIENTED_EDGE('',*,*,#2709,.F.);
#3884=ORIENTED_EDGE('',*,*,#680,.F.);
#3885=ORIENTED_EDGE('',*,*,#80,.F.);
#3886=ORIENTED_EDGE('',*,*,#1192,.F.);
#3887=ORIENTED_EDGE('',*,*,#1679,.F.);
#3888=ORIENTED_EDGE('',*,*,#1433,.F.);
#3889=ORIENTED_EDGE('',*,*,#48,.F.);
#3890=ORIENTED_EDGE('',*,*,#927,.T.);
#3891=EDGE_LOOP('',(#3881,#3882,#3883,#3884,#3885,#3886,#3887,#3888,#3889,#3890));
#3892=FACE_BOUND('',#3891,.T.);
#3893=ADVANCED_FACE('',(#3892),#3880,.F.);
#3894=CARTESIAN_POINT('',(-118.354883711,71.104339258,68.897944456));
#3895=DIRECTION('',(0.,-1.,0.));
#3896=DIRECTION('',(0.,0.,-1.));
#3897=AXIS2_PLACEMENT_3D('',#3894,#3895,#3896);
#3898=PLANE('',#3897);
#3899=ORIENTED_EDGE('',*,*,#2300,.T.);
#3900=ORIENTED_EDGE('',*,*,#967,.T.);
#3901=ORIENTED_EDGE('',*,*,#169,.F.);
#3902=ORIENTED_EDGE('',*,*,#1471,.F.);
#3903=ORIENTED_EDGE('',*,*,#1701,.F.);
#3904=ORIENTED_EDGE('',*,*,#1216,.F.);
#3905=ORIENTED_EDGE('',*,*,#129,.F.);
#3906=ORIENTED_EDGE('',*,*,#718,.F.);
#3907=ORIENTED_EDGE('',*,*,#2372,.F.);
#3908=ORIENTED_EDGE('',*,*,#3852,.F.);
#3909=EDGE_LOOP('',(#3899,#3900,#3901,#3902,#3903,#3904,#3905,#3906,#3907,#3908));
#3910=FACE_BOUND('',#3909,.T.);
#3911=ADVANCED_FACE('',(#3910),#3898,.F.);
#3912=CARTESIAN_POINT('',(-130.759356848,-48.74613367,67.768206142));
#3913=DIRECTION('',(-0.577350269,0.577350269,-0.577350269));
#3914=DIRECTION('',(-0.707106781,0.,0.707106781));
#3915=AXIS2_PLACEMENT_3D('',#3912,#3913,#3914);
#3916=CYLINDRICAL_SURFACE('',#3915,5.724166531);
#3917=ORIENTED_EDGE('',*,*,#1867,.F.);
#3918=ORIENTED_EDGE('',*,*,#2943,.F.);
#3919=ORIENTED_EDGE('',*,*,#1997,.F.);
#3920=ORIENTED_EDGE('',*,*,#2905,.F.);
#3921=EDGE_LOOP('',(#3917,#3918,#3919,#3920));
#3922=FACE_BOUND('',#3921,.T.);
#3923=ADVANCED_FACE('',(#3922),#3916,.T.);
#3924=CLOSED_SHELL('',(#107,#147,#187,#227,#267,#307,#347,#387,#427,#467,#507,#547,#587,#627,#667,#698,#729,#760,#791,#822,#853,#884,#915,#955,#986,#1017,
#1048,#1079,#1110,#1141,#1172,#1203,#1234,#1265,#1296,#1327,#1358,#1389,#1420,#1451,#1482,#1513,#1544,#1575,#1606,#1637,#1668,#1690,#1712,#1734,#1756,
#1778,#1800,#1822,#1844,#1974,#2351,#2728,#2768,#2820,#2837,#2860,#2877,#2894,#2916,#2932,#2954,#2973,#2990,#3014,#3038,#3055,#3067,#3098,#3129,#3151,
#3163,#3175,#3197,#3214,#3231,#3249,#3267,#3289,#3306,#3323,#3341,#3359,#3381,#3398,#3415,#3433,#3451,#3473,#3490,#3507,#3525,#3543,#3565,#3582,#3599,
#3617,#3635,#3657,#3674,#3691,#3709,#3727,#3749,#3766,#3783,#3801,#3819,#3841,#3858,#3875,#3893,#3911,#3923));
#3925=MANIFOLD_SOLID_BREP('Lid - Left Rev2',#3924);
#26=STYLED_ITEM('',(),#3925);
#16=SHAPE_REPRESENTATION('root',(#15),#10);
#17=ADVANCED_BREP_SHAPE_REPRESENTATION('root',(#3925),#10);
#3933=SHAPE_REPRESENTATION_RELATIONSHIP('','',#16,#17);
#3934=APPLICATION_CONTEXT('configuration controlled 3D design of mechanical parts and assemblies');
#3935=APPLICATION_PROTOCOL_DEFINITION('international standard','configuration_control_3d_design_ed2_mim',2004,#3934);
#3936=PRODUCT_CONTEXT('',#3934,'mechanical');
#3937=PRODUCT_DEFINITION_CONTEXT('part definition',#3934,'design');
#24=PRODUCT('root','root','',(#3936));
#3938=PRODUCT_RELATED_PRODUCT_CATEGORY('part','',(#24));
#3939=PRODUCT_DEFINITION_FORMATION_WITH_SPECIFIED_SOURCE('','',#24,.NOT_KNOWN.);
#25=PRODUCT_DEFINITION('design','',#3939,#3937);
#23=PRODUCT_DEFINITION_SHAPE('','',#25);
#3940=SHAPE_DEFINITION_REPRESENTATION(#23,#16);
#11=DRAUGHTING_MODEL('',(),#10);
#1=MECHANICAL_DESIGN_GEOMETRIC_PRESENTATION_REPRESENTATION('',(#26),#10);
ENDSEC;
END-ISO-10303-21;
