ISO-10303-21;
HEADER;

/* File generated by HOOPS Exchange Version 24.2.0 */

FILE_DESCRIPTION(('HOOPS Exchange Step'),'2;1');

FILE_NAME('/Users/simonboak/GIT/SB-mini-II/Enclosure/Lid Rev 1/Right Side - Rev 1.stp',
'2026-08-07T22:01:02+01:00',
('simonboak'),
('Unknown organisation'),
'HOOPS Exchange 2024.2',
'HOOPS Exchange',
'Unknown authorisation');

FILE_SCHEMA( ('AP203_CONFIGURATION_CONTROLLED_3D_DESIGN_OF_MECHANICAL_PARTS_AND_ASSEMBLIES_MIM_LF') );

ENDSEC;

DATA;
#3=(NAMED_UNIT(*)PLANE_ANGLE_UNIT()SI_UNIT($,.RADIAN.));
#4=PLANE_ANGLE_MEASURE_WITH_UNIT(PLANE_ANGLE_MEASURE(0.0174532925),#3);
#5=(CONVERSION_BASED_UNIT('DEGREE',#4)NAMED_UNIT(#6)PLANE_ANGLE_UNIT());
#6=DIMENSIONAL_EXPONENTS(0.,0.,0.,0.,0.,0.,0.);
#7=(NAMED_UNIT(*)SI_UNIT($,.STERADIAN.)SOLID_ANGLE_UNIT());
#8=(LENGTH_UNIT()NAMED_UNIT(*)SI_UNIT(.MILLI.,.METRE.));
#9=UNCERTAINTY_MEASURE_WITH_UNIT(LENGTH_MEASURE(1.000000E-05),#8,'DISTANCE_ACCURACY_VALUE','Maximum Tolerance applied to model');
#10=(GEOMETRIC_REPRESENTATION_CONTEXT(3)GLOBAL_UNCERTAINTY_ASSIGNED_CONTEXT((#9))GLOBAL_UNIT_ASSIGNED_CONTEXT((#8,#5,#7))REPRESENTATION_CONTEXT('','root'));
#12=CARTESIAN_POINT('',(0.,0.,0.));
#13=DIRECTION('',(0.,0.,1.));
#14=DIRECTION('',(1.,0.,0.));
#15=AXIS2_PLACEMENT_3D('TS3D_PRODUCT_CSYS',#12,#13,#14);
#27=CARTESIAN_POINT('',(101.056883378,0.70569171,-449.27804383));
#28=DIRECTION('',(-1.,0.,0.));
#29=DIRECTION('',(0.,0.,1.));
#30=AXIS2_PLACEMENT_3D('',#27,#28,#29);
#31=PLANE('',#30);
#32=CARTESIAN_POINT('',(101.056883378,5.604339258,102.079640309));
#33=VERTEX_POINT('',#32);
#34=CARTESIAN_POINT('',(101.056883378,5.604339258,102.02278606));
#35=VERTEX_POINT('',#34);
#36=CARTESIAN_POINT('',(101.056883378,5.604339258,102.079640309));
#37=DIRECTION('',(0.,0.,-1.));
#38=VECTOR('',#37,0.056854249);
#39=LINE('',#36,#38);
#40=EDGE_CURVE('',#33,#35,#39,.T.);
#41=ORIENTED_EDGE('',*,*,#40,.F.);
#42=CARTESIAN_POINT('',(101.056883378,11.104339258,102.079640309));
#43=VERTEX_POINT('',#42);
#44=CARTESIAN_POINT('',(101.056883378,11.104339258,102.079640309));
#45=DIRECTION('',(0.,-1.,0.));
#46=VECTOR('',#45,5.5);
#47=LINE('',#44,#46);
#48=EDGE_CURVE('',#43,#33,#47,.T.);
#49=ORIENTED_EDGE('',*,*,#48,.F.);
#50=CARTESIAN_POINT('',(101.056883378,11.104339258,102.02278606));
#51=VERTEX_POINT('',#50);
#52=CARTESIAN_POINT('',(101.056883378,11.104339258,102.02278606));
#53=DIRECTION('',(0.,0.,1.));
#54=VECTOR('',#53,0.056854249);
#55=LINE('',#52,#54);
#56=EDGE_CURVE('',#51,#43,#55,.T.);
#57=ORIENTED_EDGE('',*,*,#56,.F.);
#58=CARTESIAN_POINT('',(101.056883378,11.104339258,102.02278606));
#59=DIRECTION('',(-0.,-1.,-0.));
#60=VECTOR('',#59,5.5);
#61=LINE('',#58,#60);
#62=EDGE_CURVE('',#51,#35,#61,.T.);
#63=ORIENTED_EDGE('',*,*,#62,.T.);
#64=EDGE_LOOP('',(#41,#49,#57,#63));
#65=FACE_BOUND('',#64,.T.);
#66=ADVANCED_FACE('',(#65),#31,.T.);
#67=CARTESIAN_POINT('',(101.056883378,0.70569171,-449.27804383));
#68=DIRECTION('',(-1.,0.,0.));
#69=DIRECTION('',(0.,0.,1.));
#70=AXIS2_PLACEMENT_3D('',#67,#68,#69);
#71=PLANE('',#70);
#72=CARTESIAN_POINT('',(101.056883378,5.604339258,107.679640309));
#73=VERTEX_POINT('',#72);
#74=CARTESIAN_POINT('',(101.056883378,5.604339258,103.679640309));
#75=VERTEX_POINT('',#74);
#76=CARTESIAN_POINT('',(101.056883378,5.604339258,107.679640309));
#77=DIRECTION('',(0.,0.,-1.));
#78=VECTOR('',#77,4.);
#79=LINE('',#76,#78);
#80=EDGE_CURVE('',#73,#75,#79,.T.);
#81=ORIENTED_EDGE('',*,*,#80,.F.);
#82=CARTESIAN_POINT('',(101.056883378,11.104339258,107.679640309));
#83=VERTEX_POINT('',#82);
#84=CARTESIAN_POINT('',(101.056883378,5.604339258,107.679640309));
#85=DIRECTION('',(0.,1.,0.));
#86=VECTOR('',#85,5.5);
#87=LINE('',#84,#86);
#88=EDGE_CURVE('',#73,#83,#87,.T.);
#89=ORIENTED_EDGE('',*,*,#88,.T.);
#90=CARTESIAN_POINT('',(101.056883378,11.104339258,103.679640309));
#91=VERTEX_POINT('',#90);
#92=CARTESIAN_POINT('',(101.056883378,11.104339258,103.679640309));
#93=DIRECTION('',(0.,0.,1.));
#94=VECTOR('',#93,4.);
#95=LINE('',#92,#94);
#96=EDGE_CURVE('',#91,#83,#95,.T.);
#97=ORIENTED_EDGE('',*,*,#96,.F.);
#98=CARTESIAN_POINT('',(101.056883378,11.104339258,103.679640309));
#99=DIRECTION('',(0.,-1.,0.));
#100=VECTOR('',#99,5.5);
#101=LINE('',#98,#100);
#102=EDGE_CURVE('',#91,#75,#101,.T.);
#103=ORIENTED_EDGE('',*,*,#102,.T.);
#104=EDGE_LOOP('',(#81,#89,#97,#103));
#105=FACE_BOUND('',#104,.T.);
#106=ADVANCED_FACE('',(#105),#71,.T.);
#107=CARTESIAN_POINT('',(101.056883378,0.70569171,-449.27804383));
#108=DIRECTION('',(-1.,0.,0.));
#109=DIRECTION('',(0.,0.,1.));
#110=AXIS2_PLACEMENT_3D('',#107,#108,#109);
#111=PLANE('',#110);
#112=CARTESIAN_POINT('',(101.056883378,15.604339258,102.079640309));
#113=VERTEX_POINT('',#112);
#114=CARTESIAN_POINT('',(101.056883378,15.604339258,102.02278606));
#115=VERTEX_POINT('',#114);
#116=CARTESIAN_POINT('',(101.056883378,15.604339258,102.079640309));
#117=DIRECTION('',(0.,0.,-1.));
#118=VECTOR('',#117,0.056854249);
#119=LINE('',#116,#118);
#120=EDGE_CURVE('',#113,#115,#119,.T.);
#121=ORIENTED_EDGE('',*,*,#120,.F.);
#122=CARTESIAN_POINT('',(101.056883378,21.104339258,102.079640309));
#123=VERTEX_POINT('',#122);
#124=CARTESIAN_POINT('',(101.056883378,21.104339258,102.079640309));
#125=DIRECTION('',(0.,-1.,0.));
#126=VECTOR('',#125,5.5);
#127=LINE('',#124,#126);
#128=EDGE_CURVE('',#123,#113,#127,.T.);
#129=ORIENTED_EDGE('',*,*,#128,.F.);
#130=CARTESIAN_POINT('',(101.056883378,21.104339258,102.02278606));
#131=VERTEX_POINT('',#130);
#132=CARTESIAN_POINT('',(101.056883378,21.104339258,102.02278606));
#133=DIRECTION('',(0.,0.,1.));
#134=VECTOR('',#133,0.056854249);
#135=LINE('',#132,#134);
#136=EDGE_CURVE('',#131,#123,#135,.T.);
#137=ORIENTED_EDGE('',*,*,#136,.F.);
#138=CARTESIAN_POINT('',(101.056883378,21.104339258,102.02278606));
#139=DIRECTION('',(-0.,-1.,-0.));
#140=VECTOR('',#139,5.5);
#141=LINE('',#138,#140);
#142=EDGE_CURVE('',#131,#115,#141,.T.);
#143=ORIENTED_EDGE('',*,*,#142,.T.);
#144=EDGE_LOOP('',(#121,#129,#137,#143));
#145=FACE_BOUND('',#144,.T.);
#146=ADVANCED_FACE('',(#145),#111,.T.);
#147=CARTESIAN_POINT('',(101.056883378,0.70569171,-449.27804383));
#148=DIRECTION('',(-1.,0.,0.));
#149=DIRECTION('',(0.,0.,1.));
#150=AXIS2_PLACEMENT_3D('',#147,#148,#149);
#151=PLANE('',#150);
#152=CARTESIAN_POINT('',(101.056883378,15.604339258,107.679640309));
#153=VERTEX_POINT('',#152);
#154=CARTESIAN_POINT('',(101.056883378,15.604339258,103.679640309));
#155=VERTEX_POINT('',#154);
#156=CARTESIAN_POINT('',(101.056883378,15.604339258,107.679640309));
#157=DIRECTION('',(0.,0.,-1.));
#158=VECTOR('',#157,4.);
#159=LINE('',#156,#158);
#160=EDGE_CURVE('',#153,#155,#159,.T.);
#161=ORIENTED_EDGE('',*,*,#160,.F.);
#162=CARTESIAN_POINT('',(101.056883378,21.104339258,107.679640309));
#163=VERTEX_POINT('',#162);
#164=CARTESIAN_POINT('',(101.056883378,15.604339258,107.679640309));
#165=DIRECTION('',(0.,1.,0.));
#166=VECTOR('',#165,5.5);
#167=LINE('',#164,#166);
#168=EDGE_CURVE('',#153,#163,#167,.T.);
#169=ORIENTED_EDGE('',*,*,#168,.T.);
#170=CARTESIAN_POINT('',(101.056883378,21.104339258,103.679640309));
#171=VERTEX_POINT('',#170);
#172=CARTESIAN_POINT('',(101.056883378,21.104339258,103.679640309));
#173=DIRECTION('',(0.,0.,1.));
#174=VECTOR('',#173,4.);
#175=LINE('',#172,#174);
#176=EDGE_CURVE('',#171,#163,#175,.T.);
#177=ORIENTED_EDGE('',*,*,#176,.F.);
#178=CARTESIAN_POINT('',(101.056883378,21.104339258,103.679640309));
#179=DIRECTION('',(0.,-1.,0.));
#180=VECTOR('',#179,5.5);
#181=LINE('',#178,#180);
#182=EDGE_CURVE('',#171,#155,#181,.T.);
#183=ORIENTED_EDGE('',*,*,#182,.T.);
#184=EDGE_LOOP('',(#161,#169,#177,#183));
#185=FACE_BOUND('',#184,.T.);
#186=ADVANCED_FACE('',(#185),#151,.T.);
#187=CARTESIAN_POINT('',(101.056883378,0.70569171,-449.27804383));
#188=DIRECTION('',(-1.,0.,0.));
#189=DIRECTION('',(0.,0.,1.));
#190=AXIS2_PLACEMENT_3D('',#187,#188,#189);
#191=PLANE('',#190);
#192=CARTESIAN_POINT('',(101.056883378,25.604339258,102.079640309));
#193=VERTEX_POINT('',#192);
#194=CARTESIAN_POINT('',(101.056883378,25.604339258,102.02278606));
#195=VERTEX_POINT('',#194);
#196=CARTESIAN_POINT('',(101.056883378,25.604339258,102.079640309));
#197=DIRECTION('',(0.,0.,-1.));
#198=VECTOR('',#197,0.056854249);
#199=LINE('',#196,#198);
#200=EDGE_CURVE('',#193,#195,#199,.T.);
#201=ORIENTED_EDGE('',*,*,#200,.F.);
#202=CARTESIAN_POINT('',(101.056883378,31.104339258,102.079640309));
#203=VERTEX_POINT('',#202);
#204=CARTESIAN_POINT('',(101.056883378,31.104339258,102.079640309));
#205=DIRECTION('',(0.,-1.,0.));
#206=VECTOR('',#205,5.5);
#207=LINE('',#204,#206);
#208=EDGE_CURVE('',#203,#193,#207,.T.);
#209=ORIENTED_EDGE('',*,*,#208,.F.);
#210=CARTESIAN_POINT('',(101.056883378,31.104339258,102.02278606));
#211=VERTEX_POINT('',#210);
#212=CARTESIAN_POINT('',(101.056883378,31.104339258,102.02278606));
#213=DIRECTION('',(0.,0.,1.));
#214=VECTOR('',#213,0.056854249);
#215=LINE('',#212,#214);
#216=EDGE_CURVE('',#211,#203,#215,.T.);
#217=ORIENTED_EDGE('',*,*,#216,.F.);
#218=CARTESIAN_POINT('',(101.056883378,31.104339258,102.02278606));
#219=DIRECTION('',(-0.,-1.,-0.));
#220=VECTOR('',#219,5.5);
#221=LINE('',#218,#220);
#222=EDGE_CURVE('',#211,#195,#221,.T.);
#223=ORIENTED_EDGE('',*,*,#222,.T.);
#224=EDGE_LOOP('',(#201,#209,#217,#223));
#225=FACE_BOUND('',#224,.T.);
#226=ADVANCED_FACE('',(#225),#191,.T.);
#227=CARTESIAN_POINT('',(101.056883378,0.70569171,-449.27804383));
#228=DIRECTION('',(-1.,0.,0.));
#229=DIRECTION('',(0.,0.,1.));
#230=AXIS2_PLACEMENT_3D('',#227,#228,#229);
#231=PLANE('',#230);
#232=CARTESIAN_POINT('',(101.056883378,25.604339258,107.679640309));
#233=VERTEX_POINT('',#232);
#234=CARTESIAN_POINT('',(101.056883378,25.604339258,103.679640309));
#235=VERTEX_POINT('',#234);
#236=CARTESIAN_POINT('',(101.056883378,25.604339258,107.679640309));
#237=DIRECTION('',(0.,0.,-1.));
#238=VECTOR('',#237,4.);
#239=LINE('',#236,#238);
#240=EDGE_CURVE('',#233,#235,#239,.T.);
#241=ORIENTED_EDGE('',*,*,#240,.F.);
#242=CARTESIAN_POINT('',(101.056883378,31.104339258,107.679640309));
#243=VERTEX_POINT('',#242);
#244=CARTESIAN_POINT('',(101.056883378,25.604339258,107.679640309));
#245=DIRECTION('',(0.,1.,0.));
#246=VECTOR('',#245,5.5);
#247=LINE('',#244,#246);
#248=EDGE_CURVE('',#233,#243,#247,.T.);
#249=ORIENTED_EDGE('',*,*,#248,.T.);
#250=CARTESIAN_POINT('',(101.056883378,31.104339258,103.679640309));
#251=VERTEX_POINT('',#250);
#252=CARTESIAN_POINT('',(101.056883378,31.104339258,103.679640309));
#253=DIRECTION('',(0.,0.,1.));
#254=VECTOR('',#253,4.);
#255=LINE('',#252,#254);
#256=EDGE_CURVE('',#251,#243,#255,.T.);
#257=ORIENTED_EDGE('',*,*,#256,.F.);
#258=CARTESIAN_POINT('',(101.056883378,31.104339258,103.679640309));
#259=DIRECTION('',(0.,-1.,0.));
#260=VECTOR('',#259,5.5);
#261=LINE('',#258,#260);
#262=EDGE_CURVE('',#251,#235,#261,.T.);
#263=ORIENTED_EDGE('',*,*,#262,.T.);
#264=EDGE_LOOP('',(#241,#249,#257,#263));
#265=FACE_BOUND('',#264,.T.);
#266=ADVANCED_FACE('',(#265),#231,.T.);
#267=CARTESIAN_POINT('',(101.056883378,0.70569171,-449.27804383));
#268=DIRECTION('',(-1.,0.,0.));
#269=DIRECTION('',(0.,0.,1.));
#270=AXIS2_PLACEMENT_3D('',#267,#268,#269);
#271=PLANE('',#270);
#272=CARTESIAN_POINT('',(101.056883378,35.604339258,102.079640309));
#273=VERTEX_POINT('',#272);
#274=CARTESIAN_POINT('',(101.056883378,35.604339258,102.02278606));
#275=VERTEX_POINT('',#274);
#276=CARTESIAN_POINT('',(101.056883378,35.604339258,102.079640309));
#277=DIRECTION('',(0.,0.,-1.));
#278=VECTOR('',#277,0.056854249);
#279=LINE('',#276,#278);
#280=EDGE_CURVE('',#273,#275,#279,.T.);
#281=ORIENTED_EDGE('',*,*,#280,.F.);
#282=CARTESIAN_POINT('',(101.056883378,41.104339258,102.079640309));
#283=VERTEX_POINT('',#282);
#284=CARTESIAN_POINT('',(101.056883378,41.104339258,102.079640309));
#285=DIRECTION('',(0.,-1.,0.));
#286=VECTOR('',#285,5.5);
#287=LINE('',#284,#286);
#288=EDGE_CURVE('',#283,#273,#287,.T.);
#289=ORIENTED_EDGE('',*,*,#288,.F.);
#290=CARTESIAN_POINT('',(101.056883378,41.104339258,102.02278606));
#291=VERTEX_POINT('',#290);
#292=CARTESIAN_POINT('',(101.056883378,41.104339258,102.02278606));
#293=DIRECTION('',(0.,0.,1.));
#294=VECTOR('',#293,0.056854249);
#295=LINE('',#292,#294);
#296=EDGE_CURVE('',#291,#283,#295,.T.);
#297=ORIENTED_EDGE('',*,*,#296,.F.);
#298=CARTESIAN_POINT('',(101.056883378,41.104339258,102.02278606));
#299=DIRECTION('',(-0.,-1.,-0.));
#300=VECTOR('',#299,5.5);
#301=LINE('',#298,#300);
#302=EDGE_CURVE('',#291,#275,#301,.T.);
#303=ORIENTED_EDGE('',*,*,#302,.T.);
#304=EDGE_LOOP('',(#281,#289,#297,#303));
#305=FACE_BOUND('',#304,.T.);
#306=ADVANCED_FACE('',(#305),#271,.T.);
#307=CARTESIAN_POINT('',(101.056883378,0.70569171,-449.27804383));
#308=DIRECTION('',(-1.,0.,0.));
#309=DIRECTION('',(0.,0.,1.));
#310=AXIS2_PLACEMENT_3D('',#307,#308,#309);
#311=PLANE('',#310);
#312=CARTESIAN_POINT('',(101.056883378,35.604339258,107.679640309));
#313=VERTEX_POINT('',#312);
#314=CARTESIAN_POINT('',(101.056883378,35.604339258,103.679640309));
#315=VERTEX_POINT('',#314);
#316=CARTESIAN_POINT('',(101.056883378,35.604339258,107.679640309));
#317=DIRECTION('',(0.,0.,-1.));
#318=VECTOR('',#317,4.);
#319=LINE('',#316,#318);
#320=EDGE_CURVE('',#313,#315,#319,.T.);
#321=ORIENTED_EDGE('',*,*,#320,.F.);
#322=CARTESIAN_POINT('',(101.056883378,41.104339258,107.679640309));
#323=VERTEX_POINT('',#322);
#324=CARTESIAN_POINT('',(101.056883378,35.604339258,107.679640309));
#325=DIRECTION('',(0.,1.,0.));
#326=VECTOR('',#325,5.5);
#327=LINE('',#324,#326);
#328=EDGE_CURVE('',#313,#323,#327,.T.);
#329=ORIENTED_EDGE('',*,*,#328,.T.);
#330=CARTESIAN_POINT('',(101.056883378,41.104339258,103.679640309));
#331=VERTEX_POINT('',#330);
#332=CARTESIAN_POINT('',(101.056883378,41.104339258,103.679640309));
#333=DIRECTION('',(0.,0.,1.));
#334=VECTOR('',#333,4.);
#335=LINE('',#332,#334);
#336=EDGE_CURVE('',#331,#323,#335,.T.);
#337=ORIENTED_EDGE('',*,*,#336,.F.);
#338=CARTESIAN_POINT('',(101.056883378,41.104339258,103.679640309));
#339=DIRECTION('',(0.,-1.,0.));
#340=VECTOR('',#339,5.5);
#341=LINE('',#338,#340);
#342=EDGE_CURVE('',#331,#315,#341,.T.);
#343=ORIENTED_EDGE('',*,*,#342,.T.);
#344=EDGE_LOOP('',(#321,#329,#337,#343));
#345=FACE_BOUND('',#344,.T.);
#346=ADVANCED_FACE('',(#345),#311,.T.);
#347=CARTESIAN_POINT('',(101.056883378,0.70569171,-449.27804383));
#348=DIRECTION('',(-1.,0.,0.));
#349=DIRECTION('',(0.,0.,1.));
#350=AXIS2_PLACEMENT_3D('',#347,#348,#349);
#351=PLANE('',#350);
#352=CARTESIAN_POINT('',(101.056883378,45.604339258,102.079640309));
#353=VERTEX_POINT('',#352);
#354=CARTESIAN_POINT('',(101.056883378,45.604339258,102.02278606));
#355=VERTEX_POINT('',#354);
#356=CARTESIAN_POINT('',(101.056883378,45.604339258,102.079640309));
#357=DIRECTION('',(0.,0.,-1.));
#358=VECTOR('',#357,0.056854249);
#359=LINE('',#356,#358);
#360=EDGE_CURVE('',#353,#355,#359,.T.);
#361=ORIENTED_EDGE('',*,*,#360,.F.);
#362=CARTESIAN_POINT('',(101.056883378,51.104339258,102.079640309));
#363=VERTEX_POINT('',#362);
#364=CARTESIAN_POINT('',(101.056883378,51.104339258,102.079640309));
#365=DIRECTION('',(0.,-1.,0.));
#366=VECTOR('',#365,5.5);
#367=LINE('',#364,#366);
#368=EDGE_CURVE('',#363,#353,#367,.T.);
#369=ORIENTED_EDGE('',*,*,#368,.F.);
#370=CARTESIAN_POINT('',(101.056883378,51.104339258,102.02278606));
#371=VERTEX_POINT('',#370);
#372=CARTESIAN_POINT('',(101.056883378,51.104339258,102.02278606));
#373=DIRECTION('',(0.,0.,1.));
#374=VECTOR('',#373,0.056854249);
#375=LINE('',#372,#374);
#376=EDGE_CURVE('',#371,#363,#375,.T.);
#377=ORIENTED_EDGE('',*,*,#376,.F.);
#378=CARTESIAN_POINT('',(101.056883378,51.104339258,102.02278606));
#379=DIRECTION('',(-0.,-1.,-0.));
#380=VECTOR('',#379,5.5);
#381=LINE('',#378,#380);
#382=EDGE_CURVE('',#371,#355,#381,.T.);
#383=ORIENTED_EDGE('',*,*,#382,.T.);
#384=EDGE_LOOP('',(#361,#369,#377,#383));
#385=FACE_BOUND('',#384,.T.);
#386=ADVANCED_FACE('',(#385),#351,.T.);
#387=CARTESIAN_POINT('',(101.056883378,0.70569171,-449.27804383));
#388=DIRECTION('',(-1.,0.,0.));
#389=DIRECTION('',(0.,0.,1.));
#390=AXIS2_PLACEMENT_3D('',#387,#388,#389);
#391=PLANE('',#390);
#392=CARTESIAN_POINT('',(101.056883378,45.604339258,107.679640309));
#393=VERTEX_POINT('',#392);
#394=CARTESIAN_POINT('',(101.056883378,45.604339258,103.679640309));
#395=VERTEX_POINT('',#394);
#396=CARTESIAN_POINT('',(101.056883378,45.604339258,107.679640309));
#397=DIRECTION('',(0.,0.,-1.));
#398=VECTOR('',#397,4.);
#399=LINE('',#396,#398);
#400=EDGE_CURVE('',#393,#395,#399,.T.);
#401=ORIENTED_EDGE('',*,*,#400,.F.);
#402=CARTESIAN_POINT('',(101.056883378,51.104339258,107.679640309));
#403=VERTEX_POINT('',#402);
#404=CARTESIAN_POINT('',(101.056883378,45.604339258,107.679640309));
#405=DIRECTION('',(0.,1.,0.));
#406=VECTOR('',#405,5.5);
#407=LINE('',#404,#406);
#408=EDGE_CURVE('',#393,#403,#407,.T.);
#409=ORIENTED_EDGE('',*,*,#408,.T.);
#410=CARTESIAN_POINT('',(101.056883378,51.104339258,103.679640309));
#411=VERTEX_POINT('',#410);
#412=CARTESIAN_POINT('',(101.056883378,51.104339258,103.679640309));
#413=DIRECTION('',(0.,0.,1.));
#414=VECTOR('',#413,4.);
#415=LINE('',#412,#414);
#416=EDGE_CURVE('',#411,#403,#415,.T.);
#417=ORIENTED_EDGE('',*,*,#416,.F.);
#418=CARTESIAN_POINT('',(101.056883378,51.104339258,103.679640309));
#419=DIRECTION('',(0.,-1.,0.));
#420=VECTOR('',#419,5.5);
#421=LINE('',#418,#420);
#422=EDGE_CURVE('',#411,#395,#421,.T.);
#423=ORIENTED_EDGE('',*,*,#422,.T.);
#424=EDGE_LOOP('',(#401,#409,#417,#423));
#425=FACE_BOUND('',#424,.T.);
#426=ADVANCED_FACE('',(#425),#391,.T.);
#427=CARTESIAN_POINT('',(101.056883378,0.70569171,-449.27804383));
#428=DIRECTION('',(-1.,0.,0.));
#429=DIRECTION('',(0.,0.,1.));
#430=AXIS2_PLACEMENT_3D('',#427,#428,#429);
#431=PLANE('',#430);
#432=CARTESIAN_POINT('',(101.056883378,55.604339258,102.079640309));
#433=VERTEX_POINT('',#432);
#434=CARTESIAN_POINT('',(101.056883378,55.604339258,102.02278606));
#435=VERTEX_POINT('',#434);
#436=CARTESIAN_POINT('',(101.056883378,55.604339258,102.079640309));
#437=DIRECTION('',(0.,0.,-1.));
#438=VECTOR('',#437,0.056854249);
#439=LINE('',#436,#438);
#440=EDGE_CURVE('',#433,#435,#439,.T.);
#441=ORIENTED_EDGE('',*,*,#440,.F.);
#442=CARTESIAN_POINT('',(101.056883378,61.104339258,102.079640309));
#443=VERTEX_POINT('',#442);
#444=CARTESIAN_POINT('',(101.056883378,61.104339258,102.079640309));
#445=DIRECTION('',(0.,-1.,0.));
#446=VECTOR('',#445,5.5);
#447=LINE('',#444,#446);
#448=EDGE_CURVE('',#443,#433,#447,.T.);
#449=ORIENTED_EDGE('',*,*,#448,.F.);
#450=CARTESIAN_POINT('',(101.056883378,61.104339258,102.02278606));
#451=VERTEX_POINT('',#450);
#452=CARTESIAN_POINT('',(101.056883378,61.104339258,102.02278606));
#453=DIRECTION('',(0.,0.,1.));
#454=VECTOR('',#453,0.056854249);
#455=LINE('',#452,#454);
#456=EDGE_CURVE('',#451,#443,#455,.T.);
#457=ORIENTED_EDGE('',*,*,#456,.F.);
#458=CARTESIAN_POINT('',(101.056883378,61.104339258,102.02278606));
#459=DIRECTION('',(-0.,-1.,-0.));
#460=VECTOR('',#459,5.5);
#461=LINE('',#458,#460);
#462=EDGE_CURVE('',#451,#435,#461,.T.);
#463=ORIENTED_EDGE('',*,*,#462,.T.);
#464=EDGE_LOOP('',(#441,#449,#457,#463));
#465=FACE_BOUND('',#464,.T.);
#466=ADVANCED_FACE('',(#465),#431,.T.);
#467=CARTESIAN_POINT('',(101.056883378,0.70569171,-449.27804383));
#468=DIRECTION('',(-1.,0.,0.));
#469=DIRECTION('',(0.,0.,1.));
#470=AXIS2_PLACEMENT_3D('',#467,#468,#469);
#471=PLANE('',#470);
#472=CARTESIAN_POINT('',(101.056883378,55.604339258,107.679640309));
#473=VERTEX_POINT('',#472);
#474=CARTESIAN_POINT('',(101.056883378,55.604339258,103.679640309));
#475=VERTEX_POINT('',#474);
#476=CARTESIAN_POINT('',(101.056883378,55.604339258,107.679640309));
#477=DIRECTION('',(0.,0.,-1.));
#478=VECTOR('',#477,4.);
#479=LINE('',#476,#478);
#480=EDGE_CURVE('',#473,#475,#479,.T.);
#481=ORIENTED_EDGE('',*,*,#480,.F.);
#482=CARTESIAN_POINT('',(101.056883378,61.104339258,107.679640309));
#483=VERTEX_POINT('',#482);
#484=CARTESIAN_POINT('',(101.056883378,55.604339258,107.679640309));
#485=DIRECTION('',(0.,1.,0.));
#486=VECTOR('',#485,5.5);
#487=LINE('',#484,#486);
#488=EDGE_CURVE('',#473,#483,#487,.T.);
#489=ORIENTED_EDGE('',*,*,#488,.T.);
#490=CARTESIAN_POINT('',(101.056883378,61.104339258,103.679640309));
#491=VERTEX_POINT('',#490);
#492=CARTESIAN_POINT('',(101.056883378,61.104339258,103.679640309));
#493=DIRECTION('',(0.,0.,1.));
#494=VECTOR('',#493,4.);
#495=LINE('',#492,#494);
#496=EDGE_CURVE('',#491,#483,#495,.T.);
#497=ORIENTED_EDGE('',*,*,#496,.F.);
#498=CARTESIAN_POINT('',(101.056883378,61.104339258,103.679640309));
#499=DIRECTION('',(0.,-1.,0.));
#500=VECTOR('',#499,5.5);
#501=LINE('',#498,#500);
#502=EDGE_CURVE('',#491,#475,#501,.T.);
#503=ORIENTED_EDGE('',*,*,#502,.T.);
#504=EDGE_LOOP('',(#481,#489,#497,#503));
#505=FACE_BOUND('',#504,.T.);
#506=ADVANCED_FACE('',(#505),#471,.T.);
#507=CARTESIAN_POINT('',(101.056883378,0.70569171,-449.27804383));
#508=DIRECTION('',(-1.,0.,0.));
#509=DIRECTION('',(0.,0.,1.));
#510=AXIS2_PLACEMENT_3D('',#507,#508,#509);
#511=PLANE('',#510);
#512=CARTESIAN_POINT('',(101.056883378,65.604339258,102.079640309));
#513=VERTEX_POINT('',#512);
#514=CARTESIAN_POINT('',(101.056883378,65.604339258,102.02278606));
#515=VERTEX_POINT('',#514);
#516=CARTESIAN_POINT('',(101.056883378,65.604339258,102.079640309));
#517=DIRECTION('',(0.,0.,-1.));
#518=VECTOR('',#517,0.056854249);
#519=LINE('',#516,#518);
#520=EDGE_CURVE('',#513,#515,#519,.T.);
#521=ORIENTED_EDGE('',*,*,#520,.F.);
#522=CARTESIAN_POINT('',(101.056883378,71.104339258,102.079640309));
#523=VERTEX_POINT('',#522);
#524=CARTESIAN_POINT('',(101.056883378,71.104339258,102.079640309));
#525=DIRECTION('',(0.,-1.,0.));
#526=VECTOR('',#525,5.5);
#527=LINE('',#524,#526);
#528=EDGE_CURVE('',#523,#513,#527,.T.);
#529=ORIENTED_EDGE('',*,*,#528,.F.);
#530=CARTESIAN_POINT('',(101.056883378,71.104339258,102.02278606));
#531=VERTEX_POINT('',#530);
#532=CARTESIAN_POINT('',(101.056883378,71.104339258,102.02278606));
#533=DIRECTION('',(0.,0.,1.));
#534=VECTOR('',#533,0.056854249);
#535=LINE('',#532,#534);
#536=EDGE_CURVE('',#531,#523,#535,.T.);
#537=ORIENTED_EDGE('',*,*,#536,.F.);
#538=CARTESIAN_POINT('',(101.056883378,71.104339258,102.02278606));
#539=DIRECTION('',(-0.,-1.,-0.));
#540=VECTOR('',#539,5.5);
#541=LINE('',#538,#540);
#542=EDGE_CURVE('',#531,#515,#541,.T.);
#543=ORIENTED_EDGE('',*,*,#542,.T.);
#544=EDGE_LOOP('',(#521,#529,#537,#543));
#545=FACE_BOUND('',#544,.T.);
#546=ADVANCED_FACE('',(#545),#511,.T.);
#547=CARTESIAN_POINT('',(101.056883378,0.70569171,-449.27804383));
#548=DIRECTION('',(-1.,0.,0.));
#549=DIRECTION('',(0.,0.,1.));
#550=AXIS2_PLACEMENT_3D('',#547,#548,#549);
#551=PLANE('',#550);
#552=CARTESIAN_POINT('',(101.056883378,65.604339258,107.679640309));
#553=VERTEX_POINT('',#552);
#554=CARTESIAN_POINT('',(101.056883378,65.604339258,103.679640309));
#555=VERTEX_POINT('',#554);
#556=CARTESIAN_POINT('',(101.056883378,65.604339258,107.679640309));
#557=DIRECTION('',(0.,0.,-1.));
#558=VECTOR('',#557,4.);
#559=LINE('',#556,#558);
#560=EDGE_CURVE('',#553,#555,#559,.T.);
#561=ORIENTED_EDGE('',*,*,#560,.F.);
#562=CARTESIAN_POINT('',(101.056883378,71.104339258,107.679640309));
#563=VERTEX_POINT('',#562);
#564=CARTESIAN_POINT('',(101.056883378,65.604339258,107.679640309));
#565=DIRECTION('',(0.,1.,0.));
#566=VECTOR('',#565,5.5);
#567=LINE('',#564,#566);
#568=EDGE_CURVE('',#553,#563,#567,.T.);
#569=ORIENTED_EDGE('',*,*,#568,.T.);
#570=CARTESIAN_POINT('',(101.056883378,71.104339258,103.679640309));
#571=VERTEX_POINT('',#570);
#572=CARTESIAN_POINT('',(101.056883378,71.104339258,103.679640309));
#573=DIRECTION('',(0.,0.,1.));
#574=VECTOR('',#573,4.);
#575=LINE('',#572,#574);
#576=EDGE_CURVE('',#571,#563,#575,.T.);
#577=ORIENTED_EDGE('',*,*,#576,.F.);
#578=CARTESIAN_POINT('',(101.056883378,71.104339258,103.679640309));
#579=DIRECTION('',(0.,-1.,0.));
#580=VECTOR('',#579,5.5);
#581=LINE('',#578,#580);
#582=EDGE_CURVE('',#571,#555,#581,.T.);
#583=ORIENTED_EDGE('',*,*,#582,.T.);
#584=EDGE_LOOP('',(#561,#569,#577,#583));
#585=FACE_BOUND('',#584,.T.);
#586=ADVANCED_FACE('',(#585),#551,.T.);
#587=CARTESIAN_POINT('',(101.056883378,0.70569171,-449.27804383));
#588=DIRECTION('',(-1.,0.,0.));
#589=DIRECTION('',(0.,0.,1.));
#590=AXIS2_PLACEMENT_3D('',#587,#588,#589);
#591=PLANE('',#590);
#592=CARTESIAN_POINT('',(101.056883378,75.604339258,107.679640309));
#593=VERTEX_POINT('',#592);
#594=CARTESIAN_POINT('',(101.056883378,75.604339258,103.679640309));
#595=VERTEX_POINT('',#594);
#596=CARTESIAN_POINT('',(101.056883378,75.604339258,107.679640309));
#597=DIRECTION('',(0.,0.,-1.));
#598=VECTOR('',#597,4.);
#599=LINE('',#596,#598);
#600=EDGE_CURVE('',#593,#595,#599,.T.);
#601=ORIENTED_EDGE('',*,*,#600,.F.);
#602=CARTESIAN_POINT('',(101.056883378,93.068951258,107.679640309));
#603=VERTEX_POINT('',#602);
#604=CARTESIAN_POINT('',(101.056883378,75.604339258,107.679640309));
#605=DIRECTION('',(0.,1.,0.));
#606=VECTOR('',#605,17.464612);
#607=LINE('',#604,#606);
#608=EDGE_CURVE('',#593,#603,#607,.T.);
#609=ORIENTED_EDGE('',*,*,#608,.T.);
#610=CARTESIAN_POINT('',(101.056883378,97.068951258,103.679640309));
#611=VERTEX_POINT('',#610);
#612=CARTESIAN_POINT('',(101.056883378,93.068951258,103.679640309));
#613=DIRECTION('',(1.,-0.,-0.));
#614=DIRECTION('',(0.,0.,1.));
#615=AXIS2_PLACEMENT_3D('',#612,#613,#614);
#616=CIRCLE('',#615,4.);
#617=EDGE_CURVE('',#611,#603,#616,.T.);
#618=ORIENTED_EDGE('',*,*,#617,.F.);
#619=CARTESIAN_POINT('',(101.056883378,97.068951258,102.02278606));
#620=VERTEX_POINT('',#619);
#621=CARTESIAN_POINT('',(101.056883378,97.068951258,102.02278606));
#622=DIRECTION('',(0.,0.,1.));
#623=VECTOR('',#622,1.656854249);
#624=LINE('',#621,#623);
#625=EDGE_CURVE('',#620,#611,#624,.T.);
#626=ORIENTED_EDGE('',*,*,#625,.F.);
#627=CARTESIAN_POINT('',(101.056883378,75.604339258,102.02278606));
#628=VERTEX_POINT('',#627);
#629=CARTESIAN_POINT('',(101.056883378,97.068951258,102.02278606));
#630=DIRECTION('',(-0.,-1.,-0.));
#631=VECTOR('',#630,21.464612);
#632=LINE('',#629,#631);
#633=EDGE_CURVE('',#620,#628,#632,.T.);
#634=ORIENTED_EDGE('',*,*,#633,.T.);
#635=CARTESIAN_POINT('',(101.056883378,75.604339258,102.079640309));
#636=VERTEX_POINT('',#635);
#637=CARTESIAN_POINT('',(101.056883378,75.604339258,102.079640309));
#638=DIRECTION('',(0.,0.,-1.));
#639=VECTOR('',#638,0.056854249);
#640=LINE('',#637,#639);
#641=EDGE_CURVE('',#636,#628,#640,.T.);
#642=ORIENTED_EDGE('',*,*,#641,.F.);
#643=CARTESIAN_POINT('',(101.056883378,85.342432162,102.079640309));
#644=VERTEX_POINT('',#643);
#645=CARTESIAN_POINT('',(101.056883378,85.342432162,102.079640309));
#646=DIRECTION('',(0.,-1.,0.));
#647=VECTOR('',#646,9.738092905);
#648=LINE('',#645,#647);
#649=EDGE_CURVE('',#644,#636,#648,.T.);
#650=ORIENTED_EDGE('',*,*,#649,.F.);
#651=CARTESIAN_POINT('',(101.056883378,85.342432162,103.679640309));
#652=VERTEX_POINT('',#651);
#653=CARTESIAN_POINT('',(101.056883378,85.342432162,102.079640309));
#654=DIRECTION('',(0.,0.,1.));
#655=VECTOR('',#654,1.6);
#656=LINE('',#653,#655);
#657=EDGE_CURVE('',#644,#652,#656,.T.);
#658=ORIENTED_EDGE('',*,*,#657,.T.);
#659=CARTESIAN_POINT('',(101.056883378,85.342432162,103.679640309));
#660=DIRECTION('',(0.,-1.,0.));
#661=VECTOR('',#660,9.738092905);
#662=LINE('',#659,#661);
#663=EDGE_CURVE('',#652,#595,#662,.T.);
#664=ORIENTED_EDGE('',*,*,#663,.T.);
#665=EDGE_LOOP('',(#601,#609,#618,#626,#634,#642,#650,#658,#664));
#666=FACE_BOUND('',#665,.T.);
#667=ADVANCED_FACE('',(#666),#591,.T.);
#668=CARTESIAN_POINT('',(106.056883378,0.70569171,102.679640309));
#669=DIRECTION('',(-0.707106781,0.,-0.707106781));
#670=DIRECTION('',(0.,-1.,0.));
#671=AXIS2_PLACEMENT_3D('',#668,#669,#670);
#672=PLANE('',#671);
#673=CARTESIAN_POINT('',(106.056883378,5.604339258,102.679640309));
#674=VERTEX_POINT('',#673);
#675=CARTESIAN_POINT('',(106.056883378,5.604339258,102.679640309));
#676=DIRECTION('',(-0.707106781,-0.,0.707106781));
#677=VECTOR('',#676,7.071067812);
#678=LINE('',#675,#677);
#679=EDGE_CURVE('',#674,#73,#678,.T.);
#680=ORIENTED_EDGE('',*,*,#679,.F.);
#681=CARTESIAN_POINT('',(106.056883378,11.104339258,102.679640309));
#682=VERTEX_POINT('',#681);
#683=CARTESIAN_POINT('',(106.056883378,11.104339258,102.679640309));
#684=DIRECTION('',(0.,-1.,0.));
#685=VECTOR('',#684,5.5);
#686=LINE('',#683,#685);
#687=EDGE_CURVE('',#682,#674,#686,.T.);
#688=ORIENTED_EDGE('',*,*,#687,.F.);
#689=CARTESIAN_POINT('',(101.056883378,11.104339258,107.679640309));
#690=DIRECTION('',(0.707106781,-0.,-0.707106781));
#691=VECTOR('',#690,7.071067812);
#692=LINE('',#689,#691);
#693=EDGE_CURVE('',#83,#682,#692,.T.);
#694=ORIENTED_EDGE('',*,*,#693,.F.);
#695=ORIENTED_EDGE('',*,*,#88,.F.);
#696=EDGE_LOOP('',(#680,#688,#694,#695));
#697=FACE_BOUND('',#696,.T.);
#698=ADVANCED_FACE('',(#697),#672,.F.);
#699=CARTESIAN_POINT('',(106.056883378,0.70569171,102.679640309));
#700=DIRECTION('',(-0.707106781,0.,-0.707106781));
#701=DIRECTION('',(0.,-1.,0.));
#702=AXIS2_PLACEMENT_3D('',#699,#700,#701);
#703=PLANE('',#702);
#704=CARTESIAN_POINT('',(106.056883378,15.604339258,102.679640309));
#705=VERTEX_POINT('',#704);
#706=CARTESIAN_POINT('',(106.056883378,15.604339258,102.679640309));
#707=DIRECTION('',(-0.707106781,-0.,0.707106781));
#708=VECTOR('',#707,7.071067812);
#709=LINE('',#706,#708);
#710=EDGE_CURVE('',#705,#153,#709,.T.);
#711=ORIENTED_EDGE('',*,*,#710,.F.);
#712=CARTESIAN_POINT('',(106.056883378,21.104339258,102.679640309));
#713=VERTEX_POINT('',#712);
#714=CARTESIAN_POINT('',(106.056883378,21.104339258,102.679640309));
#715=DIRECTION('',(0.,-1.,0.));
#716=VECTOR('',#715,5.5);
#717=LINE('',#714,#716);
#718=EDGE_CURVE('',#713,#705,#717,.T.);
#719=ORIENTED_EDGE('',*,*,#718,.F.);
#720=CARTESIAN_POINT('',(101.056883378,21.104339258,107.679640309));
#721=DIRECTION('',(0.707106781,-0.,-0.707106781));
#722=VECTOR('',#721,7.071067812);
#723=LINE('',#720,#722);
#724=EDGE_CURVE('',#163,#713,#723,.T.);
#725=ORIENTED_EDGE('',*,*,#724,.F.);
#726=ORIENTED_EDGE('',*,*,#168,.F.);
#727=EDGE_LOOP('',(#711,#719,#725,#726));
#728=FACE_BOUND('',#727,.T.);
#729=ADVANCED_FACE('',(#728),#703,.F.);
#730=CARTESIAN_POINT('',(106.056883378,0.70569171,102.679640309));
#731=DIRECTION('',(-0.707106781,0.,-0.707106781));
#732=DIRECTION('',(0.,-1.,0.));
#733=AXIS2_PLACEMENT_3D('',#730,#731,#732);
#734=PLANE('',#733);
#735=CARTESIAN_POINT('',(106.056883378,25.604339258,102.679640309));
#736=VERTEX_POINT('',#735);
#737=CARTESIAN_POINT('',(106.056883378,25.604339258,102.679640309));
#738=DIRECTION('',(-0.707106781,-0.,0.707106781));
#739=VECTOR('',#738,7.071067812);
#740=LINE('',#737,#739);
#741=EDGE_CURVE('',#736,#233,#740,.T.);
#742=ORIENTED_EDGE('',*,*,#741,.F.);
#743=CARTESIAN_POINT('',(106.056883378,31.104339258,102.679640309));
#744=VERTEX_POINT('',#743);
#745=CARTESIAN_POINT('',(106.056883378,31.104339258,102.679640309));
#746=DIRECTION('',(0.,-1.,0.));
#747=VECTOR('',#746,5.5);
#748=LINE('',#745,#747);
#749=EDGE_CURVE('',#744,#736,#748,.T.);
#750=ORIENTED_EDGE('',*,*,#749,.F.);
#751=CARTESIAN_POINT('',(101.056883378,31.104339258,107.679640309));
#752=DIRECTION('',(0.707106781,-0.,-0.707106781));
#753=VECTOR('',#752,7.071067812);
#754=LINE('',#751,#753);
#755=EDGE_CURVE('',#243,#744,#754,.T.);
#756=ORIENTED_EDGE('',*,*,#755,.F.);
#757=ORIENTED_EDGE('',*,*,#248,.F.);
#758=EDGE_LOOP('',(#742,#750,#756,#757));
#759=FACE_BOUND('',#758,.T.);
#760=ADVANCED_FACE('',(#759),#734,.F.);
#761=CARTESIAN_POINT('',(106.056883378,0.70569171,102.679640309));
#762=DIRECTION('',(-0.707106781,0.,-0.707106781));
#763=DIRECTION('',(0.,-1.,0.));
#764=AXIS2_PLACEMENT_3D('',#761,#762,#763);
#765=PLANE('',#764);
#766=CARTESIAN_POINT('',(106.056883378,35.604339258,102.679640309));
#767=VERTEX_POINT('',#766);
#768=CARTESIAN_POINT('',(106.056883378,35.604339258,102.679640309));
#769=DIRECTION('',(-0.707106781,-0.,0.707106781));
#770=VECTOR('',#769,7.071067812);
#771=LINE('',#768,#770);
#772=EDGE_CURVE('',#767,#313,#771,.T.);
#773=ORIENTED_EDGE('',*,*,#772,.F.);
#774=CARTESIAN_POINT('',(106.056883378,41.104339258,102.679640309));
#775=VERTEX_POINT('',#774);
#776=CARTESIAN_POINT('',(106.056883378,41.104339258,102.679640309));
#777=DIRECTION('',(0.,-1.,0.));
#778=VECTOR('',#777,5.5);
#779=LINE('',#776,#778);
#780=EDGE_CURVE('',#775,#767,#779,.T.);
#781=ORIENTED_EDGE('',*,*,#780,.F.);
#782=CARTESIAN_POINT('',(101.056883378,41.104339258,107.679640309));
#783=DIRECTION('',(0.707106781,-0.,-0.707106781));
#784=VECTOR('',#783,7.071067812);
#785=LINE('',#782,#784);
#786=EDGE_CURVE('',#323,#775,#785,.T.);
#787=ORIENTED_EDGE('',*,*,#786,.F.);
#788=ORIENTED_EDGE('',*,*,#328,.F.);
#789=EDGE_LOOP('',(#773,#781,#787,#788));
#790=FACE_BOUND('',#789,.T.);
#791=ADVANCED_FACE('',(#790),#765,.F.);
#792=CARTESIAN_POINT('',(106.056883378,0.70569171,102.679640309));
#793=DIRECTION('',(-0.707106781,0.,-0.707106781));
#794=DIRECTION('',(0.,-1.,0.));
#795=AXIS2_PLACEMENT_3D('',#792,#793,#794);
#796=PLANE('',#795);
#797=CARTESIAN_POINT('',(106.056883378,45.604339258,102.679640309));
#798=VERTEX_POINT('',#797);
#799=CARTESIAN_POINT('',(106.056883378,45.604339258,102.679640309));
#800=DIRECTION('',(-0.707106781,-0.,0.707106781));
#801=VECTOR('',#800,7.071067812);
#802=LINE('',#799,#801);
#803=EDGE_CURVE('',#798,#393,#802,.T.);
#804=ORIENTED_EDGE('',*,*,#803,.F.);
#805=CARTESIAN_POINT('',(106.056883378,51.104339258,102.679640309));
#806=VERTEX_POINT('',#805);
#807=CARTESIAN_POINT('',(106.056883378,51.104339258,102.679640309));
#808=DIRECTION('',(0.,-1.,0.));
#809=VECTOR('',#808,5.5);
#810=LINE('',#807,#809);
#811=EDGE_CURVE('',#806,#798,#810,.T.);
#812=ORIENTED_EDGE('',*,*,#811,.F.);
#813=CARTESIAN_POINT('',(101.056883378,51.104339258,107.679640309));
#814=DIRECTION('',(0.707106781,-0.,-0.707106781));
#815=VECTOR('',#814,7.071067812);
#816=LINE('',#813,#815);
#817=EDGE_CURVE('',#403,#806,#816,.T.);
#818=ORIENTED_EDGE('',*,*,#817,.F.);
#819=ORIENTED_EDGE('',*,*,#408,.F.);
#820=EDGE_LOOP('',(#804,#812,#818,#819));
#821=FACE_BOUND('',#820,.T.);
#822=ADVANCED_FACE('',(#821),#796,.F.);
#823=CARTESIAN_POINT('',(106.056883378,0.70569171,102.679640309));
#824=DIRECTION('',(-0.707106781,0.,-0.707106781));
#825=DIRECTION('',(0.,-1.,0.));
#826=AXIS2_PLACEMENT_3D('',#823,#824,#825);
#827=PLANE('',#826);
#828=CARTESIAN_POINT('',(106.056883378,55.604339258,102.679640309));
#829=VERTEX_POINT('',#828);
#830=CARTESIAN_POINT('',(106.056883378,55.604339258,102.679640309));
#831=DIRECTION('',(-0.707106781,-0.,0.707106781));
#832=VECTOR('',#831,7.071067812);
#833=LINE('',#830,#832);
#834=EDGE_CURVE('',#829,#473,#833,.T.);
#835=ORIENTED_EDGE('',*,*,#834,.F.);
#836=CARTESIAN_POINT('',(106.056883378,61.104339258,102.679640309));
#837=VERTEX_POINT('',#836);
#838=CARTESIAN_POINT('',(106.056883378,61.104339258,102.679640309));
#839=DIRECTION('',(0.,-1.,0.));
#840=VECTOR('',#839,5.5);
#841=LINE('',#838,#840);
#842=EDGE_CURVE('',#837,#829,#841,.T.);
#843=ORIENTED_EDGE('',*,*,#842,.F.);
#844=CARTESIAN_POINT('',(101.056883378,61.104339258,107.679640309));
#845=DIRECTION('',(0.707106781,-0.,-0.707106781));
#846=VECTOR('',#845,7.071067812);
#847=LINE('',#844,#846);
#848=EDGE_CURVE('',#483,#837,#847,.T.);
#849=ORIENTED_EDGE('',*,*,#848,.F.);
#850=ORIENTED_EDGE('',*,*,#488,.F.);
#851=EDGE_LOOP('',(#835,#843,#849,#850));
#852=FACE_BOUND('',#851,.T.);
#853=ADVANCED_FACE('',(#852),#827,.F.);
#854=CARTESIAN_POINT('',(106.056883378,0.70569171,102.679640309));
#855=DIRECTION('',(-0.707106781,0.,-0.707106781));
#856=DIRECTION('',(0.,-1.,0.));
#857=AXIS2_PLACEMENT_3D('',#854,#855,#856);
#858=PLANE('',#857);
#859=CARTESIAN_POINT('',(106.056883378,65.604339258,102.679640309));
#860=VERTEX_POINT('',#859);
#861=CARTESIAN_POINT('',(106.056883378,65.604339258,102.679640309));
#862=DIRECTION('',(-0.707106781,-0.,0.707106781));
#863=VECTOR('',#862,7.071067812);
#864=LINE('',#861,#863);
#865=EDGE_CURVE('',#860,#553,#864,.T.);
#866=ORIENTED_EDGE('',*,*,#865,.F.);
#867=CARTESIAN_POINT('',(106.056883378,71.104339258,102.679640309));
#868=VERTEX_POINT('',#867);
#869=CARTESIAN_POINT('',(106.056883378,71.104339258,102.679640309));
#870=DIRECTION('',(0.,-1.,0.));
#871=VECTOR('',#870,5.5);
#872=LINE('',#869,#871);
#873=EDGE_CURVE('',#868,#860,#872,.T.);
#874=ORIENTED_EDGE('',*,*,#873,.F.);
#875=CARTESIAN_POINT('',(101.056883378,71.104339258,107.679640309));
#876=DIRECTION('',(0.707106781,-0.,-0.707106781));
#877=VECTOR('',#876,7.071067812);
#878=LINE('',#875,#877);
#879=EDGE_CURVE('',#563,#868,#878,.T.);
#880=ORIENTED_EDGE('',*,*,#879,.F.);
#881=ORIENTED_EDGE('',*,*,#568,.F.);
#882=EDGE_LOOP('',(#866,#874,#880,#881));
#883=FACE_BOUND('',#882,.T.);
#884=ADVANCED_FACE('',(#883),#858,.F.);
#885=CARTESIAN_POINT('',(106.056883378,0.70569171,102.679640309));
#886=DIRECTION('',(-0.707106781,0.,-0.707106781));
#887=DIRECTION('',(0.,-1.,0.));
#888=AXIS2_PLACEMENT_3D('',#885,#886,#887);
#889=PLANE('',#888);
#890=CARTESIAN_POINT('',(106.056883378,75.604339258,102.679640309));
#891=VERTEX_POINT('',#890);
#892=CARTESIAN_POINT('',(106.056883378,75.604339258,102.679640309));
#893=DIRECTION('',(-0.707106781,-0.,0.707106781));
#894=VECTOR('',#893,7.071067812);
#895=LINE('',#892,#894);
#896=EDGE_CURVE('',#891,#593,#895,.T.);
#897=ORIENTED_EDGE('',*,*,#896,.F.);
#898=CARTESIAN_POINT('',(106.056883378,97.068951258,102.679640309));
#899=VERTEX_POINT('',#898);
#900=CARTESIAN_POINT('',(106.056883378,97.068951258,102.679640309));
#901=DIRECTION('',(0.,-1.,0.));
#902=VECTOR('',#901,21.464612);
#903=LINE('',#900,#902);
#904=EDGE_CURVE('',#899,#891,#903,.T.);
#905=ORIENTED_EDGE('',*,*,#904,.F.);
#906=CARTESIAN_POINT('',(105.056883378,97.068951258,103.679640309));
#907=VERTEX_POINT('',#906);
#908=CARTESIAN_POINT('',(105.056883378,97.068951258,103.679640309));
#909=DIRECTION('',(0.707106781,-0.,-0.707106781));
#910=VECTOR('',#909,1.414213562);
#911=LINE('',#908,#910);
#912=EDGE_CURVE('',#907,#899,#911,.T.);
#913=ORIENTED_EDGE('',*,*,#912,.F.);
#914=CARTESIAN_POINT('',(105.056883378,93.068951258,103.679640309));
#915=DIRECTION('',(0.707106781,-0.,0.707106781));
#916=DIRECTION('',(0.707106781,0.,-0.707106781));
#917=AXIS2_PLACEMENT_3D('',#914,#915,#916);
#918=ELLIPSE('',#917,5.656854249,4.);
#919=EDGE_CURVE('',#907,#603,#918,.T.);
#920=ORIENTED_EDGE('',*,*,#919,.T.);
#921=ORIENTED_EDGE('',*,*,#608,.F.);
#922=EDGE_LOOP('',(#897,#905,#913,#920,#921));
#923=FACE_BOUND('',#922,.T.);
#924=ADVANCED_FACE('',(#923),#889,.F.);
#925=CARTESIAN_POINT('',(103.228456253,0.70569171,99.851213185));
#926=DIRECTION('',(-0.707106781,0.,-0.707106781));
#927=DIRECTION('',(0.,-1.,0.));
#928=AXIS2_PLACEMENT_3D('',#925,#926,#927);
#929=PLANE('',#928);
#930=CARTESIAN_POINT('',(102.056883378,11.104339258,101.02278606));
#931=VERTEX_POINT('',#930);
#932=CARTESIAN_POINT('',(102.056883378,5.604339258,101.02278606));
#933=VERTEX_POINT('',#932);
#934=CARTESIAN_POINT('',(102.056883378,11.104339258,101.02278606));
#935=DIRECTION('',(-0.,-1.,-0.));
#936=VECTOR('',#935,5.5);
#937=LINE('',#934,#936);
#938=EDGE_CURVE('',#931,#933,#937,.T.);
#939=ORIENTED_EDGE('',*,*,#938,.T.);
#940=CARTESIAN_POINT('',(102.056883378,5.604339258,101.02278606));
#941=DIRECTION('',(-0.707106781,-0.,0.707106781));
#942=VECTOR('',#941,1.414213562);
#943=LINE('',#940,#942);
#944=EDGE_CURVE('',#933,#35,#943,.T.);
#945=ORIENTED_EDGE('',*,*,#944,.T.);
#946=ORIENTED_EDGE('',*,*,#62,.F.);
#947=CARTESIAN_POINT('',(101.056883378,11.104339258,102.02278606));
#948=DIRECTION('',(0.707106781,-0.,-0.707106781));
#949=VECTOR('',#948,1.414213562);
#950=LINE('',#947,#949);
#951=EDGE_CURVE('',#51,#931,#950,.T.);
#952=ORIENTED_EDGE('',*,*,#951,.T.);
#953=EDGE_LOOP('',(#939,#945,#946,#952));
#954=FACE_BOUND('',#953,.T.);
#955=ADVANCED_FACE('',(#954),#929,.T.);
#956=CARTESIAN_POINT('',(103.228456253,0.70569171,99.851213185));
#957=DIRECTION('',(-0.707106781,0.,-0.707106781));
#958=DIRECTION('',(0.,-1.,0.));
#959=AXIS2_PLACEMENT_3D('',#956,#957,#958);
#960=PLANE('',#959);
#961=CARTESIAN_POINT('',(102.056883378,21.104339258,101.02278606));
#962=VERTEX_POINT('',#961);
#963=CARTESIAN_POINT('',(102.056883378,15.604339258,101.02278606));
#964=VERTEX_POINT('',#963);
#965=CARTESIAN_POINT('',(102.056883378,21.104339258,101.02278606));
#966=DIRECTION('',(-0.,-1.,-0.));
#967=VECTOR('',#966,5.5);
#968=LINE('',#965,#967);
#969=EDGE_CURVE('',#962,#964,#968,.T.);
#970=ORIENTED_EDGE('',*,*,#969,.T.);
#971=CARTESIAN_POINT('',(102.056883378,15.604339258,101.02278606));
#972=DIRECTION('',(-0.707106781,-0.,0.707106781));
#973=VECTOR('',#972,1.414213562);
#974=LINE('',#971,#973);
#975=EDGE_CURVE('',#964,#115,#974,.T.);
#976=ORIENTED_EDGE('',*,*,#975,.T.);
#977=ORIENTED_EDGE('',*,*,#142,.F.);
#978=CARTESIAN_POINT('',(101.056883378,21.104339258,102.02278606));
#979=DIRECTION('',(0.707106781,-0.,-0.707106781));
#980=VECTOR('',#979,1.414213562);
#981=LINE('',#978,#980);
#982=EDGE_CURVE('',#131,#962,#981,.T.);
#983=ORIENTED_EDGE('',*,*,#982,.T.);
#984=EDGE_LOOP('',(#970,#976,#977,#983));
#985=FACE_BOUND('',#984,.T.);
#986=ADVANCED_FACE('',(#985),#960,.T.);
#987=CARTESIAN_POINT('',(103.228456253,0.70569171,99.851213185));
#988=DIRECTION('',(-0.707106781,0.,-0.707106781));
#989=DIRECTION('',(0.,-1.,0.));
#990=AXIS2_PLACEMENT_3D('',#987,#988,#989);
#991=PLANE('',#990);
#992=CARTESIAN_POINT('',(102.056883378,31.104339258,101.02278606));
#993=VERTEX_POINT('',#992);
#994=CARTESIAN_POINT('',(102.056883378,25.604339258,101.02278606));
#995=VERTEX_POINT('',#994);
#996=CARTESIAN_POINT('',(102.056883378,31.104339258,101.02278606));
#997=DIRECTION('',(-0.,-1.,-0.));
#998=VECTOR('',#997,5.5);
#999=LINE('',#996,#998);
#1000=EDGE_CURVE('',#993,#995,#999,.T.);
#1001=ORIENTED_EDGE('',*,*,#1000,.T.);
#1002=CARTESIAN_POINT('',(102.056883378,25.604339258,101.02278606));
#1003=DIRECTION('',(-0.707106781,-0.,0.707106781));
#1004=VECTOR('',#1003,1.414213562);
#1005=LINE('',#1002,#1004);
#1006=EDGE_CURVE('',#995,#195,#1005,.T.);
#1007=ORIENTED_EDGE('',*,*,#1006,.T.);
#1008=ORIENTED_EDGE('',*,*,#222,.F.);
#1009=CARTESIAN_POINT('',(101.056883378,31.104339258,102.02278606));
#1010=DIRECTION('',(0.707106781,-0.,-0.707106781));
#1011=VECTOR('',#1010,1.414213562);
#1012=LINE('',#1009,#1011);
#1013=EDGE_CURVE('',#211,#993,#1012,.T.);
#1014=ORIENTED_EDGE('',*,*,#1013,.T.);
#1015=EDGE_LOOP('',(#1001,#1007,#1008,#1014));
#1016=FACE_BOUND('',#1015,.T.);
#1017=ADVANCED_FACE('',(#1016),#991,.T.);
#1018=CARTESIAN_POINT('',(103.228456253,0.70569171,99.851213185));
#1019=DIRECTION('',(-0.707106781,0.,-0.707106781));
#1020=DIRECTION('',(0.,-1.,0.));
#1021=AXIS2_PLACEMENT_3D('',#1018,#1019,#1020);
#1022=PLANE('',#1021);
#1023=CARTESIAN_POINT('',(102.056883378,41.104339258,101.02278606));
#1024=VERTEX_POINT('',#1023);
#1025=CARTESIAN_POINT('',(102.056883378,35.604339258,101.02278606));
#1026=VERTEX_POINT('',#1025);
#1027=CARTESIAN_POINT('',(102.056883378,41.104339258,101.02278606));
#1028=DIRECTION('',(-0.,-1.,-0.));
#1029=VECTOR('',#1028,5.5);
#1030=LINE('',#1027,#1029);
#1031=EDGE_CURVE('',#1024,#1026,#1030,.T.);
#1032=ORIENTED_EDGE('',*,*,#1031,.T.);
#1033=CARTESIAN_POINT('',(102.056883378,35.604339258,101.02278606));
#1034=DIRECTION('',(-0.707106781,-0.,0.707106781));
#1035=VECTOR('',#1034,1.414213562);
#1036=LINE('',#1033,#1035);
#1037=EDGE_CURVE('',#1026,#275,#1036,.T.);
#1038=ORIENTED_EDGE('',*,*,#1037,.T.);
#1039=ORIENTED_EDGE('',*,*,#302,.F.);
#1040=CARTESIAN_POINT('',(101.056883378,41.104339258,102.02278606));
#1041=DIRECTION('',(0.707106781,-0.,-0.707106781));
#1042=VECTOR('',#1041,1.414213562);
#1043=LINE('',#1040,#1042);
#1044=EDGE_CURVE('',#291,#1024,#1043,.T.);
#1045=ORIENTED_EDGE('',*,*,#1044,.T.);
#1046=EDGE_LOOP('',(#1032,#1038,#1039,#1045));
#1047=FACE_BOUND('',#1046,.T.);
#1048=ADVANCED_FACE('',(#1047),#1022,.T.);
#1049=CARTESIAN_POINT('',(103.228456253,0.70569171,99.851213185));
#1050=DIRECTION('',(-0.707106781,0.,-0.707106781));
#1051=DIRECTION('',(0.,-1.,0.));
#1052=AXIS2_PLACEMENT_3D('',#1049,#1050,#1051);
#1053=PLANE('',#1052);
#1054=CARTESIAN_POINT('',(102.056883378,51.104339258,101.02278606));
#1055=VERTEX_POINT('',#1054);
#1056=CARTESIAN_POINT('',(102.056883378,45.604339258,101.02278606));
#1057=VERTEX_POINT('',#1056);
#1058=CARTESIAN_POINT('',(102.056883378,51.104339258,101.02278606));
#1059=DIRECTION('',(-0.,-1.,-0.));
#1060=VECTOR('',#1059,5.5);
#1061=LINE('',#1058,#1060);
#1062=EDGE_CURVE('',#1055,#1057,#1061,.T.);
#1063=ORIENTED_EDGE('',*,*,#1062,.T.);
#1064=CARTESIAN_POINT('',(102.056883378,45.604339258,101.02278606));
#1065=DIRECTION('',(-0.707106781,-0.,0.707106781));
#1066=VECTOR('',#1065,1.414213562);
#1067=LINE('',#1064,#1066);
#1068=EDGE_CURVE('',#1057,#355,#1067,.T.);
#1069=ORIENTED_EDGE('',*,*,#1068,.T.);
#1070=ORIENTED_EDGE('',*,*,#382,.F.);
#1071=CARTESIAN_POINT('',(101.056883378,51.104339258,102.02278606));
#1072=DIRECTION('',(0.707106781,-0.,-0.707106781));
#1073=VECTOR('',#1072,1.414213562);
#1074=LINE('',#1071,#1073);
#1075=EDGE_CURVE('',#371,#1055,#1074,.T.);
#1076=ORIENTED_EDGE('',*,*,#1075,.T.);
#1077=EDGE_LOOP('',(#1063,#1069,#1070,#1076));
#1078=FACE_BOUND('',#1077,.T.);
#1079=ADVANCED_FACE('',(#1078),#1053,.T.);
#1080=CARTESIAN_POINT('',(103.228456253,0.70569171,99.851213185));
#1081=DIRECTION('',(-0.707106781,0.,-0.707106781));
#1082=DIRECTION('',(0.,-1.,0.));
#1083=AXIS2_PLACEMENT_3D('',#1080,#1081,#1082);
#1084=PLANE('',#1083);
#1085=CARTESIAN_POINT('',(102.056883378,61.104339258,101.02278606));
#1086=VERTEX_POINT('',#1085);
#1087=CARTESIAN_POINT('',(102.056883378,55.604339258,101.02278606));
#1088=VERTEX_POINT('',#1087);
#1089=CARTESIAN_POINT('',(102.056883378,61.104339258,101.02278606));
#1090=DIRECTION('',(-0.,-1.,-0.));
#1091=VECTOR('',#1090,5.5);
#1092=LINE('',#1089,#1091);
#1093=EDGE_CURVE('',#1086,#1088,#1092,.T.);
#1094=ORIENTED_EDGE('',*,*,#1093,.T.);
#1095=CARTESIAN_POINT('',(102.056883378,55.604339258,101.02278606));
#1096=DIRECTION('',(-0.707106781,-0.,0.707106781));
#1097=VECTOR('',#1096,1.414213562);
#1098=LINE('',#1095,#1097);
#1099=EDGE_CURVE('',#1088,#435,#1098,.T.);
#1100=ORIENTED_EDGE('',*,*,#1099,.T.);
#1101=ORIENTED_EDGE('',*,*,#462,.F.);
#1102=CARTESIAN_POINT('',(101.056883378,61.104339258,102.02278606));
#1103=DIRECTION('',(0.707106781,-0.,-0.707106781));
#1104=VECTOR('',#1103,1.414213562);
#1105=LINE('',#1102,#1104);
#1106=EDGE_CURVE('',#451,#1086,#1105,.T.);
#1107=ORIENTED_EDGE('',*,*,#1106,.T.);
#1108=EDGE_LOOP('',(#1094,#1100,#1101,#1107));
#1109=FACE_BOUND('',#1108,.T.);
#1110=ADVANCED_FACE('',(#1109),#1084,.T.);
#1111=CARTESIAN_POINT('',(103.228456253,0.70569171,99.851213185));
#1112=DIRECTION('',(-0.707106781,0.,-0.707106781));
#1113=DIRECTION('',(0.,-1.,0.));
#1114=AXIS2_PLACEMENT_3D('',#1111,#1112,#1113);
#1115=PLANE('',#1114);
#1116=CARTESIAN_POINT('',(102.056883378,71.104339258,101.02278606));
#1117=VERTEX_POINT('',#1116);
#1118=CARTESIAN_POINT('',(102.056883378,65.604339258,101.02278606));
#1119=VERTEX_POINT('',#1118);
#1120=CARTESIAN_POINT('',(102.056883378,71.104339258,101.02278606));
#1121=DIRECTION('',(-0.,-1.,-0.));
#1122=VECTOR('',#1121,5.5);
#1123=LINE('',#1120,#1122);
#1124=EDGE_CURVE('',#1117,#1119,#1123,.T.);
#1125=ORIENTED_EDGE('',*,*,#1124,.T.);
#1126=CARTESIAN_POINT('',(102.056883378,65.604339258,101.02278606));
#1127=DIRECTION('',(-0.707106781,-0.,0.707106781));
#1128=VECTOR('',#1127,1.414213562);
#1129=LINE('',#1126,#1128);
#1130=EDGE_CURVE('',#1119,#515,#1129,.T.);
#1131=ORIENTED_EDGE('',*,*,#1130,.T.);
#1132=ORIENTED_EDGE('',*,*,#542,.F.);
#1133=CARTESIAN_POINT('',(101.056883378,71.104339258,102.02278606));
#1134=DIRECTION('',(0.707106781,-0.,-0.707106781));
#1135=VECTOR('',#1134,1.414213562);
#1136=LINE('',#1133,#1135);
#1137=EDGE_CURVE('',#531,#1117,#1136,.T.);
#1138=ORIENTED_EDGE('',*,*,#1137,.T.);
#1139=EDGE_LOOP('',(#1125,#1131,#1132,#1138));
#1140=FACE_BOUND('',#1139,.T.);
#1141=ADVANCED_FACE('',(#1140),#1115,.T.);
#1142=CARTESIAN_POINT('',(103.228456253,0.70569171,99.851213185));
#1143=DIRECTION('',(-0.707106781,0.,-0.707106781));
#1144=DIRECTION('',(0.,-1.,0.));
#1145=AXIS2_PLACEMENT_3D('',#1142,#1143,#1144);
#1146=PLANE('',#1145);
#1147=CARTESIAN_POINT('',(102.056883378,97.068951258,101.02278606));
#1148=VERTEX_POINT('',#1147);
#1149=CARTESIAN_POINT('',(102.056883378,75.604339258,101.02278606));
#1150=VERTEX_POINT('',#1149);
#1151=CARTESIAN_POINT('',(102.056883378,97.068951258,101.02278606));
#1152=DIRECTION('',(-0.,-1.,-0.));
#1153=VECTOR('',#1152,21.464612);
#1154=LINE('',#1151,#1153);
#1155=EDGE_CURVE('',#1148,#1150,#1154,.T.);
#1156=ORIENTED_EDGE('',*,*,#1155,.T.);
#1157=CARTESIAN_POINT('',(102.056883378,75.604339258,101.02278606));
#1158=DIRECTION('',(-0.707106781,-0.,0.707106781));
#1159=VECTOR('',#1158,1.414213562);
#1160=LINE('',#1157,#1159);
#1161=EDGE_CURVE('',#1150,#628,#1160,.T.);
#1162=ORIENTED_EDGE('',*,*,#1161,.T.);
#1163=ORIENTED_EDGE('',*,*,#633,.F.);
#1164=CARTESIAN_POINT('',(101.056883378,97.068951258,102.02278606));
#1165=DIRECTION('',(0.707106781,-0.,-0.707106781));
#1166=VECTOR('',#1165,1.414213562);
#1167=LINE('',#1164,#1166);
#1168=EDGE_CURVE('',#620,#1148,#1167,.T.);
#1169=ORIENTED_EDGE('',*,*,#1168,.T.);
#1170=EDGE_LOOP('',(#1156,#1162,#1163,#1169));
#1171=FACE_BOUND('',#1170,.T.);
#1172=ADVANCED_FACE('',(#1171),#1146,.T.);
#1173=CARTESIAN_POINT('',(98.056883378,85.342432162,102.079640309));
#1174=DIRECTION('',(0.,0.,-1.));
#1175=DIRECTION('',(-1.,0.,0.));
#1176=AXIS2_PLACEMENT_3D('',#1173,#1174,#1175);
#1177=PLANE('',#1176);
#1178=CARTESIAN_POINT('',(98.056883378,5.604339258,102.079640309));
#1179=VERTEX_POINT('',#1178);
#1180=CARTESIAN_POINT('',(98.056883378,5.604339258,102.079640309));
#1181=DIRECTION('',(1.,0.,-0.));
#1182=VECTOR('',#1181,3.);
#1183=LINE('',#1180,#1182);
#1184=EDGE_CURVE('',#1179,#33,#1183,.T.);
#1185=ORIENTED_EDGE('',*,*,#1184,.F.);
#1186=CARTESIAN_POINT('',(98.056883378,11.104339258,102.079640309));
#1187=VERTEX_POINT('',#1186);
#1188=CARTESIAN_POINT('',(98.056883378,11.104339258,102.079640309));
#1189=DIRECTION('',(0.,-1.,0.));
#1190=VECTOR('',#1189,5.5);
#1191=LINE('',#1188,#1190);
#1192=EDGE_CURVE('',#1187,#1179,#1191,.T.);
#1193=ORIENTED_EDGE('',*,*,#1192,.F.);
#1194=CARTESIAN_POINT('',(101.056883378,11.104339258,102.079640309));
#1195=DIRECTION('',(-1.,0.,0.));
#1196=VECTOR('',#1195,3.);
#1197=LINE('',#1194,#1196);
#1198=EDGE_CURVE('',#43,#1187,#1197,.T.);
#1199=ORIENTED_EDGE('',*,*,#1198,.F.);
#1200=ORIENTED_EDGE('',*,*,#48,.T.);
#1201=EDGE_LOOP('',(#1185,#1193,#1199,#1200));
#1202=FACE_BOUND('',#1201,.T.);
#1203=ADVANCED_FACE('',(#1202),#1177,.T.);
#1204=CARTESIAN_POINT('',(98.056883378,85.342432162,102.079640309));
#1205=DIRECTION('',(0.,0.,-1.));
#1206=DIRECTION('',(-1.,0.,0.));
#1207=AXIS2_PLACEMENT_3D('',#1204,#1205,#1206);
#1208=PLANE('',#1207);
#1209=CARTESIAN_POINT('',(98.056883378,15.604339258,102.079640309));
#1210=VERTEX_POINT('',#1209);
#1211=CARTESIAN_POINT('',(98.056883378,15.604339258,102.079640309));
#1212=DIRECTION('',(1.,0.,-0.));
#1213=VECTOR('',#1212,3.);
#1214=LINE('',#1211,#1213);
#1215=EDGE_CURVE('',#1210,#113,#1214,.T.);
#1216=ORIENTED_EDGE('',*,*,#1215,.F.);
#1217=CARTESIAN_POINT('',(98.056883378,21.104339258,102.079640309));
#1218=VERTEX_POINT('',#1217);
#1219=CARTESIAN_POINT('',(98.056883378,21.104339258,102.079640309));
#1220=DIRECTION('',(0.,-1.,0.));
#1221=VECTOR('',#1220,5.5);
#1222=LINE('',#1219,#1221);
#1223=EDGE_CURVE('',#1218,#1210,#1222,.T.);
#1224=ORIENTED_EDGE('',*,*,#1223,.F.);
#1225=CARTESIAN_POINT('',(101.056883378,21.104339258,102.079640309));
#1226=DIRECTION('',(-1.,0.,0.));
#1227=VECTOR('',#1226,3.);
#1228=LINE('',#1225,#1227);
#1229=EDGE_CURVE('',#123,#1218,#1228,.T.);
#1230=ORIENTED_EDGE('',*,*,#1229,.F.);
#1231=ORIENTED_EDGE('',*,*,#128,.T.);
#1232=EDGE_LOOP('',(#1216,#1224,#1230,#1231));
#1233=FACE_BOUND('',#1232,.T.);
#1234=ADVANCED_FACE('',(#1233),#1208,.T.);
#1235=CARTESIAN_POINT('',(98.056883378,85.342432162,102.079640309));
#1236=DIRECTION('',(0.,0.,-1.));
#1237=DIRECTION('',(-1.,0.,0.));
#1238=AXIS2_PLACEMENT_3D('',#1235,#1236,#1237);
#1239=PLANE('',#1238);
#1240=CARTESIAN_POINT('',(98.056883378,25.604339258,102.079640309));
#1241=VERTEX_POINT('',#1240);
#1242=CARTESIAN_POINT('',(98.056883378,25.604339258,102.079640309));
#1243=DIRECTION('',(1.,0.,-0.));
#1244=VECTOR('',#1243,3.);
#1245=LINE('',#1242,#1244);
#1246=EDGE_CURVE('',#1241,#193,#1245,.T.);
#1247=ORIENTED_EDGE('',*,*,#1246,.F.);
#1248=CARTESIAN_POINT('',(98.056883378,31.104339258,102.079640309));
#1249=VERTEX_POINT('',#1248);
#1250=CARTESIAN_POINT('',(98.056883378,31.104339258,102.079640309));
#1251=DIRECTION('',(0.,-1.,0.));
#1252=VECTOR('',#1251,5.5);
#1253=LINE('',#1250,#1252);
#1254=EDGE_CURVE('',#1249,#1241,#1253,.T.);
#1255=ORIENTED_EDGE('',*,*,#1254,.F.);
#1256=CARTESIAN_POINT('',(101.056883378,31.104339258,102.079640309));
#1257=DIRECTION('',(-1.,0.,0.));
#1258=VECTOR('',#1257,3.);
#1259=LINE('',#1256,#1258);
#1260=EDGE_CURVE('',#203,#1249,#1259,.T.);
#1261=ORIENTED_EDGE('',*,*,#1260,.F.);
#1262=ORIENTED_EDGE('',*,*,#208,.T.);
#1263=EDGE_LOOP('',(#1247,#1255,#1261,#1262));
#1264=FACE_BOUND('',#1263,.T.);
#1265=ADVANCED_FACE('',(#1264),#1239,.T.);
#1266=CARTESIAN_POINT('',(98.056883378,85.342432162,102.079640309));
#1267=DIRECTION('',(0.,0.,-1.));
#1268=DIRECTION('',(-1.,0.,0.));
#1269=AXIS2_PLACEMENT_3D('',#1266,#1267,#1268);
#1270=PLANE('',#1269);
#1271=CARTESIAN_POINT('',(98.056883378,35.604339258,102.079640309));
#1272=VERTEX_POINT('',#1271);
#1273=CARTESIAN_POINT('',(98.056883378,35.604339258,102.079640309));
#1274=DIRECTION('',(1.,0.,-0.));
#1275=VECTOR('',#1274,3.);
#1276=LINE('',#1273,#1275);
#1277=EDGE_CURVE('',#1272,#273,#1276,.T.);
#1278=ORIENTED_EDGE('',*,*,#1277,.F.);
#1279=CARTESIAN_POINT('',(98.056883378,41.104339258,102.079640309));
#1280=VERTEX_POINT('',#1279);
#1281=CARTESIAN_POINT('',(98.056883378,41.104339258,102.079640309));
#1282=DIRECTION('',(0.,-1.,0.));
#1283=VECTOR('',#1282,5.5);
#1284=LINE('',#1281,#1283);
#1285=EDGE_CURVE('',#1280,#1272,#1284,.T.);
#1286=ORIENTED_EDGE('',*,*,#1285,.F.);
#1287=CARTESIAN_POINT('',(101.056883378,41.104339258,102.079640309));
#1288=DIRECTION('',(-1.,0.,0.));
#1289=VECTOR('',#1288,3.);
#1290=LINE('',#1287,#1289);
#1291=EDGE_CURVE('',#283,#1280,#1290,.T.);
#1292=ORIENTED_EDGE('',*,*,#1291,.F.);
#1293=ORIENTED_EDGE('',*,*,#288,.T.);
#1294=EDGE_LOOP('',(#1278,#1286,#1292,#1293));
#1295=FACE_BOUND('',#1294,.T.);
#1296=ADVANCED_FACE('',(#1295),#1270,.T.);
#1297=CARTESIAN_POINT('',(98.056883378,85.342432162,102.079640309));
#1298=DIRECTION('',(0.,0.,-1.));
#1299=DIRECTION('',(-1.,0.,0.));
#1300=AXIS2_PLACEMENT_3D('',#1297,#1298,#1299);
#1301=PLANE('',#1300);
#1302=CARTESIAN_POINT('',(98.056883378,45.604339258,102.079640309));
#1303=VERTEX_POINT('',#1302);
#1304=CARTESIAN_POINT('',(98.056883378,45.604339258,102.079640309));
#1305=DIRECTION('',(1.,0.,-0.));
#1306=VECTOR('',#1305,3.);
#1307=LINE('',#1304,#1306);
#1308=EDGE_CURVE('',#1303,#353,#1307,.T.);
#1309=ORIENTED_EDGE('',*,*,#1308,.F.);
#1310=CARTESIAN_POINT('',(98.056883378,51.104339258,102.079640309));
#1311=VERTEX_POINT('',#1310);
#1312=CARTESIAN_POINT('',(98.056883378,51.104339258,102.079640309));
#1313=DIRECTION('',(0.,-1.,0.));
#1314=VECTOR('',#1313,5.5);
#1315=LINE('',#1312,#1314);
#1316=EDGE_CURVE('',#1311,#1303,#1315,.T.);
#1317=ORIENTED_EDGE('',*,*,#1316,.F.);
#1318=CARTESIAN_POINT('',(101.056883378,51.104339258,102.079640309));
#1319=DIRECTION('',(-1.,0.,0.));
#1320=VECTOR('',#1319,3.);
#1321=LINE('',#1318,#1320);
#1322=EDGE_CURVE('',#363,#1311,#1321,.T.);
#1323=ORIENTED_EDGE('',*,*,#1322,.F.);
#1324=ORIENTED_EDGE('',*,*,#368,.T.);
#1325=EDGE_LOOP('',(#1309,#1317,#1323,#1324));
#1326=FACE_BOUND('',#1325,.T.);
#1327=ADVANCED_FACE('',(#1326),#1301,.T.);
#1328=CARTESIAN_POINT('',(98.056883378,85.342432162,102.079640309));
#1329=DIRECTION('',(0.,0.,-1.));
#1330=DIRECTION('',(-1.,0.,0.));
#1331=AXIS2_PLACEMENT_3D('',#1328,#1329,#1330);
#1332=PLANE('',#1331);
#1333=CARTESIAN_POINT('',(98.056883378,55.604339258,102.079640309));
#1334=VERTEX_POINT('',#1333);
#1335=CARTESIAN_POINT('',(98.056883378,55.604339258,102.079640309));
#1336=DIRECTION('',(1.,0.,-0.));
#1337=VECTOR('',#1336,3.);
#1338=LINE('',#1335,#1337);
#1339=EDGE_CURVE('',#1334,#433,#1338,.T.);
#1340=ORIENTED_EDGE('',*,*,#1339,.F.);
#1341=CARTESIAN_POINT('',(98.056883378,61.104339258,102.079640309));
#1342=VERTEX_POINT('',#1341);
#1343=CARTESIAN_POINT('',(98.056883378,61.104339258,102.079640309));
#1344=DIRECTION('',(0.,-1.,0.));
#1345=VECTOR('',#1344,5.5);
#1346=LINE('',#1343,#1345);
#1347=EDGE_CURVE('',#1342,#1334,#1346,.T.);
#1348=ORIENTED_EDGE('',*,*,#1347,.F.);
#1349=CARTESIAN_POINT('',(101.056883378,61.104339258,102.079640309));
#1350=DIRECTION('',(-1.,0.,0.));
#1351=VECTOR('',#1350,3.);
#1352=LINE('',#1349,#1351);
#1353=EDGE_CURVE('',#443,#1342,#1352,.T.);
#1354=ORIENTED_EDGE('',*,*,#1353,.F.);
#1355=ORIENTED_EDGE('',*,*,#448,.T.);
#1356=EDGE_LOOP('',(#1340,#1348,#1354,#1355));
#1357=FACE_BOUND('',#1356,.T.);
#1358=ADVANCED_FACE('',(#1357),#1332,.T.);
#1359=CARTESIAN_POINT('',(98.056883378,85.342432162,102.079640309));
#1360=DIRECTION('',(0.,0.,-1.));
#1361=DIRECTION('',(-1.,0.,0.));
#1362=AXIS2_PLACEMENT_3D('',#1359,#1360,#1361);
#1363=PLANE('',#1362);
#1364=CARTESIAN_POINT('',(98.056883378,65.604339258,102.079640309));
#1365=VERTEX_POINT('',#1364);
#1366=CARTESIAN_POINT('',(98.056883378,65.604339258,102.079640309));
#1367=DIRECTION('',(1.,0.,-0.));
#1368=VECTOR('',#1367,3.);
#1369=LINE('',#1366,#1368);
#1370=EDGE_CURVE('',#1365,#513,#1369,.T.);
#1371=ORIENTED_EDGE('',*,*,#1370,.F.);
#1372=CARTESIAN_POINT('',(98.056883378,71.104339258,102.079640309));
#1373=VERTEX_POINT('',#1372);
#1374=CARTESIAN_POINT('',(98.056883378,71.104339258,102.079640309));
#1375=DIRECTION('',(0.,-1.,0.));
#1376=VECTOR('',#1375,5.5);
#1377=LINE('',#1374,#1376);
#1378=EDGE_CURVE('',#1373,#1365,#1377,.T.);
#1379=ORIENTED_EDGE('',*,*,#1378,.F.);
#1380=CARTESIAN_POINT('',(101.056883378,71.104339258,102.079640309));
#1381=DIRECTION('',(-1.,0.,0.));
#1382=VECTOR('',#1381,3.);
#1383=LINE('',#1380,#1382);
#1384=EDGE_CURVE('',#523,#1373,#1383,.T.);
#1385=ORIENTED_EDGE('',*,*,#1384,.F.);
#1386=ORIENTED_EDGE('',*,*,#528,.T.);
#1387=EDGE_LOOP('',(#1371,#1379,#1385,#1386));
#1388=FACE_BOUND('',#1387,.T.);
#1389=ADVANCED_FACE('',(#1388),#1363,.T.);
#1390=CARTESIAN_POINT('',(98.056883378,85.342432162,102.079640309));
#1391=DIRECTION('',(0.,0.,-1.));
#1392=DIRECTION('',(-1.,0.,0.));
#1393=AXIS2_PLACEMENT_3D('',#1390,#1391,#1392);
#1394=PLANE('',#1393);
#1395=CARTESIAN_POINT('',(98.056883378,75.604339258,102.079640309));
#1396=VERTEX_POINT('',#1395);
#1397=CARTESIAN_POINT('',(98.056883378,75.604339258,102.079640309));
#1398=DIRECTION('',(1.,0.,-0.));
#1399=VECTOR('',#1398,3.);
#1400=LINE('',#1397,#1399);
#1401=EDGE_CURVE('',#1396,#636,#1400,.T.);
#1402=ORIENTED_EDGE('',*,*,#1401,.F.);
#1403=CARTESIAN_POINT('',(98.056883378,85.342432162,102.079640309));
#1404=VERTEX_POINT('',#1403);
#1405=CARTESIAN_POINT('',(98.056883378,85.342432162,102.079640309));
#1406=DIRECTION('',(0.,-1.,0.));
#1407=VECTOR('',#1406,9.738092905);
#1408=LINE('',#1405,#1407);
#1409=EDGE_CURVE('',#1404,#1396,#1408,.T.);
#1410=ORIENTED_EDGE('',*,*,#1409,.F.);
#1411=CARTESIAN_POINT('',(98.056883378,85.342432162,102.079640309));
#1412=DIRECTION('',(1.,0.,-0.));
#1413=VECTOR('',#1412,3.);
#1414=LINE('',#1411,#1413);
#1415=EDGE_CURVE('',#1404,#644,#1414,.T.);
#1416=ORIENTED_EDGE('',*,*,#1415,.T.);
#1417=ORIENTED_EDGE('',*,*,#649,.T.);
#1418=EDGE_LOOP('',(#1402,#1410,#1416,#1417));
#1419=FACE_BOUND('',#1418,.T.);
#1420=ADVANCED_FACE('',(#1419),#1394,.T.);
#1421=CARTESIAN_POINT('',(98.056883378,85.342432162,103.679640309));
#1422=DIRECTION('',(-1.,0.,0.));
#1423=DIRECTION('',(0.,0.,1.));
#1424=AXIS2_PLACEMENT_3D('',#1421,#1422,#1423);
#1425=PLANE('',#1424);
#1426=CARTESIAN_POINT('',(98.056883378,5.604339258,103.679640309));
#1427=VERTEX_POINT('',#1426);
#1428=CARTESIAN_POINT('',(98.056883378,5.604339258,103.679640309));
#1429=DIRECTION('',(0.,0.,-1.));
#1430=VECTOR('',#1429,1.6);
#1431=LINE('',#1428,#1430);
#1432=EDGE_CURVE('',#1427,#1179,#1431,.T.);
#1433=ORIENTED_EDGE('',*,*,#1432,.F.);
#1434=CARTESIAN_POINT('',(98.056883378,11.104339258,103.679640309));
#1435=VERTEX_POINT('',#1434);
#1436=CARTESIAN_POINT('',(98.056883378,11.104339258,103.679640309));
#1437=DIRECTION('',(0.,-1.,0.));
#1438=VECTOR('',#1437,5.5);
#1439=LINE('',#1436,#1438);
#1440=EDGE_CURVE('',#1435,#1427,#1439,.T.);
#1441=ORIENTED_EDGE('',*,*,#1440,.F.);
#1442=CARTESIAN_POINT('',(98.056883378,11.104339258,102.079640309));
#1443=DIRECTION('',(0.,0.,1.));
#1444=VECTOR('',#1443,1.6);
#1445=LINE('',#1442,#1444);
#1446=EDGE_CURVE('',#1187,#1435,#1445,.T.);
#1447=ORIENTED_EDGE('',*,*,#1446,.F.);
#1448=ORIENTED_EDGE('',*,*,#1192,.T.);
#1449=EDGE_LOOP('',(#1433,#1441,#1447,#1448));
#1450=FACE_BOUND('',#1449,.T.);
#1451=ADVANCED_FACE('',(#1450),#1425,.T.);
#1452=CARTESIAN_POINT('',(98.056883378,85.342432162,103.679640309));
#1453=DIRECTION('',(-1.,0.,0.));
#1454=DIRECTION('',(0.,0.,1.));
#1455=AXIS2_PLACEMENT_3D('',#1452,#1453,#1454);
#1456=PLANE('',#1455);
#1457=CARTESIAN_POINT('',(98.056883378,15.604339258,103.679640309));
#1458=VERTEX_POINT('',#1457);
#1459=CARTESIAN_POINT('',(98.056883378,15.604339258,103.679640309));
#1460=DIRECTION('',(0.,0.,-1.));
#1461=VECTOR('',#1460,1.6);
#1462=LINE('',#1459,#1461);
#1463=EDGE_CURVE('',#1458,#1210,#1462,.T.);
#1464=ORIENTED_EDGE('',*,*,#1463,.F.);
#1465=CARTESIAN_POINT('',(98.056883378,21.104339258,103.679640309));
#1466=VERTEX_POINT('',#1465);
#1467=CARTESIAN_POINT('',(98.056883378,21.104339258,103.679640309));
#1468=DIRECTION('',(0.,-1.,0.));
#1469=VECTOR('',#1468,5.5);
#1470=LINE('',#1467,#1469);
#1471=EDGE_CURVE('',#1466,#1458,#1470,.T.);
#1472=ORIENTED_EDGE('',*,*,#1471,.F.);
#1473=CARTESIAN_POINT('',(98.056883378,21.104339258,102.079640309));
#1474=DIRECTION('',(0.,0.,1.));
#1475=VECTOR('',#1474,1.6);
#1476=LINE('',#1473,#1475);
#1477=EDGE_CURVE('',#1218,#1466,#1476,.T.);
#1478=ORIENTED_EDGE('',*,*,#1477,.F.);
#1479=ORIENTED_EDGE('',*,*,#1223,.T.);
#1480=EDGE_LOOP('',(#1464,#1472,#1478,#1479));
#1481=FACE_BOUND('',#1480,.T.);
#1482=ADVANCED_FACE('',(#1481),#1456,.T.);
#1483=CARTESIAN_POINT('',(98.056883378,85.342432162,103.679640309));
#1484=DIRECTION('',(-1.,0.,0.));
#1485=DIRECTION('',(0.,0.,1.));
#1486=AXIS2_PLACEMENT_3D('',#1483,#1484,#1485);
#1487=PLANE('',#1486);
#1488=CARTESIAN_POINT('',(98.056883378,25.604339258,103.679640309));
#1489=VERTEX_POINT('',#1488);
#1490=CARTESIAN_POINT('',(98.056883378,25.604339258,103.679640309));
#1491=DIRECTION('',(0.,0.,-1.));
#1492=VECTOR('',#1491,1.6);
#1493=LINE('',#1490,#1492);
#1494=EDGE_CURVE('',#1489,#1241,#1493,.T.);
#1495=ORIENTED_EDGE('',*,*,#1494,.F.);
#1496=CARTESIAN_POINT('',(98.056883378,31.104339258,103.679640309));
#1497=VERTEX_POINT('',#1496);
#1498=CARTESIAN_POINT('',(98.056883378,31.104339258,103.679640309));
#1499=DIRECTION('',(0.,-1.,0.));
#1500=VECTOR('',#1499,5.5);
#1501=LINE('',#1498,#1500);
#1502=EDGE_CURVE('',#1497,#1489,#1501,.T.);
#1503=ORIENTED_EDGE('',*,*,#1502,.F.);
#1504=CARTESIAN_POINT('',(98.056883378,31.104339258,102.079640309));
#1505=DIRECTION('',(0.,0.,1.));
#1506=VECTOR('',#1505,1.6);
#1507=LINE('',#1504,#1506);
#1508=EDGE_CURVE('',#1249,#1497,#1507,.T.);
#1509=ORIENTED_EDGE('',*,*,#1508,.F.);
#1510=ORIENTED_EDGE('',*,*,#1254,.T.);
#1511=EDGE_LOOP('',(#1495,#1503,#1509,#1510));
#1512=FACE_BOUND('',#1511,.T.);
#1513=ADVANCED_FACE('',(#1512),#1487,.T.);
#1514=CARTESIAN_POINT('',(98.056883378,85.342432162,103.679640309));
#1515=DIRECTION('',(-1.,0.,0.));
#1516=DIRECTION('',(0.,0.,1.));
#1517=AXIS2_PLACEMENT_3D('',#1514,#1515,#1516);
#1518=PLANE('',#1517);
#1519=CARTESIAN_POINT('',(98.056883378,35.604339258,103.679640309));
#1520=VERTEX_POINT('',#1519);
#1521=CARTESIAN_POINT('',(98.056883378,35.604339258,103.679640309));
#1522=DIRECTION('',(0.,0.,-1.));
#1523=VECTOR('',#1522,1.6);
#1524=LINE('',#1521,#1523);
#1525=EDGE_CURVE('',#1520,#1272,#1524,.T.);
#1526=ORIENTED_EDGE('',*,*,#1525,.F.);
#1527=CARTESIAN_POINT('',(98.056883378,41.104339258,103.679640309));
#1528=VERTEX_POINT('',#1527);
#1529=CARTESIAN_POINT('',(98.056883378,41.104339258,103.679640309));
#1530=DIRECTION('',(0.,-1.,0.));
#1531=VECTOR('',#1530,5.5);
#1532=LINE('',#1529,#1531);
#1533=EDGE_CURVE('',#1528,#1520,#1532,.T.);
#1534=ORIENTED_EDGE('',*,*,#1533,.F.);
#1535=CARTESIAN_POINT('',(98.056883378,41.104339258,102.079640309));
#1536=DIRECTION('',(0.,0.,1.));
#1537=VECTOR('',#1536,1.6);
#1538=LINE('',#1535,#1537);
#1539=EDGE_CURVE('',#1280,#1528,#1538,.T.);
#1540=ORIENTED_EDGE('',*,*,#1539,.F.);
#1541=ORIENTED_EDGE('',*,*,#1285,.T.);
#1542=EDGE_LOOP('',(#1526,#1534,#1540,#1541));
#1543=FACE_BOUND('',#1542,.T.);
#1544=ADVANCED_FACE('',(#1543),#1518,.T.);
#1545=CARTESIAN_POINT('',(98.056883378,85.342432162,103.679640309));
#1546=DIRECTION('',(-1.,0.,0.));
#1547=DIRECTION('',(0.,0.,1.));
#1548=AXIS2_PLACEMENT_3D('',#1545,#1546,#1547);
#1549=PLANE('',#1548);
#1550=CARTESIAN_POINT('',(98.056883378,45.604339258,103.679640309));
#1551=VERTEX_POINT('',#1550);
#1552=CARTESIAN_POINT('',(98.056883378,45.604339258,103.679640309));
#1553=DIRECTION('',(0.,0.,-1.));
#1554=VECTOR('',#1553,1.6);
#1555=LINE('',#1552,#1554);
#1556=EDGE_CURVE('',#1551,#1303,#1555,.T.);
#1557=ORIENTED_EDGE('',*,*,#1556,.F.);
#1558=CARTESIAN_POINT('',(98.056883378,51.104339258,103.679640309));
#1559=VERTEX_POINT('',#1558);
#1560=CARTESIAN_POINT('',(98.056883378,51.104339258,103.679640309));
#1561=DIRECTION('',(0.,-1.,0.));
#1562=VECTOR('',#1561,5.5);
#1563=LINE('',#1560,#1562);
#1564=EDGE_CURVE('',#1559,#1551,#1563,.T.);
#1565=ORIENTED_EDGE('',*,*,#1564,.F.);
#1566=CARTESIAN_POINT('',(98.056883378,51.104339258,102.079640309));
#1567=DIRECTION('',(0.,0.,1.));
#1568=VECTOR('',#1567,1.6);
#1569=LINE('',#1566,#1568);
#1570=EDGE_CURVE('',#1311,#1559,#1569,.T.);
#1571=ORIENTED_EDGE('',*,*,#1570,.F.);
#1572=ORIENTED_EDGE('',*,*,#1316,.T.);
#1573=EDGE_LOOP('',(#1557,#1565,#1571,#1572));
#1574=FACE_BOUND('',#1573,.T.);
#1575=ADVANCED_FACE('',(#1574),#1549,.T.);
#1576=CARTESIAN_POINT('',(98.056883378,85.342432162,103.679640309));
#1577=DIRECTION('',(-1.,0.,0.));
#1578=DIRECTION('',(0.,0.,1.));
#1579=AXIS2_PLACEMENT_3D('',#1576,#1577,#1578);
#1580=PLANE('',#1579);
#1581=CARTESIAN_POINT('',(98.056883378,55.604339258,103.679640309));
#1582=VERTEX_POINT('',#1581);
#1583=CARTESIAN_POINT('',(98.056883378,55.604339258,103.679640309));
#1584=DIRECTION('',(0.,0.,-1.));
#1585=VECTOR('',#1584,1.6);
#1586=LINE('',#1583,#1585);
#1587=EDGE_CURVE('',#1582,#1334,#1586,.T.);
#1588=ORIENTED_EDGE('',*,*,#1587,.F.);
#1589=CARTESIAN_POINT('',(98.056883378,61.104339258,103.679640309));
#1590=VERTEX_POINT('',#1589);
#1591=CARTESIAN_POINT('',(98.056883378,61.104339258,103.679640309));
#1592=DIRECTION('',(0.,-1.,0.));
#1593=VECTOR('',#1592,5.5);
#1594=LINE('',#1591,#1593);
#1595=EDGE_CURVE('',#1590,#1582,#1594,.T.);
#1596=ORIENTED_EDGE('',*,*,#1595,.F.);
#1597=CARTESIAN_POINT('',(98.056883378,61.104339258,102.079640309));
#1598=DIRECTION('',(0.,0.,1.));
#1599=VECTOR('',#1598,1.6);
#1600=LINE('',#1597,#1599);
#1601=EDGE_CURVE('',#1342,#1590,#1600,.T.);
#1602=ORIENTED_EDGE('',*,*,#1601,.F.);
#1603=ORIENTED_EDGE('',*,*,#1347,.T.);
#1604=EDGE_LOOP('',(#1588,#1596,#1602,#1603));
#1605=FACE_BOUND('',#1604,.T.);
#1606=ADVANCED_FACE('',(#1605),#1580,.T.);
#1607=CARTESIAN_POINT('',(98.056883378,85.342432162,103.679640309));
#1608=DIRECTION('',(-1.,0.,0.));
#1609=DIRECTION('',(0.,0.,1.));
#1610=AXIS2_PLACEMENT_3D('',#1607,#1608,#1609);
#1611=PLANE('',#1610);
#1612=CARTESIAN_POINT('',(98.056883378,65.604339258,103.679640309));
#1613=VERTEX_POINT('',#1612);
#1614=CARTESIAN_POINT('',(98.056883378,65.604339258,103.679640309));
#1615=DIRECTION('',(0.,0.,-1.));
#1616=VECTOR('',#1615,1.6);
#1617=LINE('',#1614,#1616);
#1618=EDGE_CURVE('',#1613,#1365,#1617,.T.);
#1619=ORIENTED_EDGE('',*,*,#1618,.F.);
#1620=CARTESIAN_POINT('',(98.056883378,71.104339258,103.679640309));
#1621=VERTEX_POINT('',#1620);
#1622=CARTESIAN_POINT('',(98.056883378,71.104339258,103.679640309));
#1623=DIRECTION('',(0.,-1.,0.));
#1624=VECTOR('',#1623,5.5);
#1625=LINE('',#1622,#1624);
#1626=EDGE_CURVE('',#1621,#1613,#1625,.T.);
#1627=ORIENTED_EDGE('',*,*,#1626,.F.);
#1628=CARTESIAN_POINT('',(98.056883378,71.104339258,102.079640309));
#1629=DIRECTION('',(0.,0.,1.));
#1630=VECTOR('',#1629,1.6);
#1631=LINE('',#1628,#1630);
#1632=EDGE_CURVE('',#1373,#1621,#1631,.T.);
#1633=ORIENTED_EDGE('',*,*,#1632,.F.);
#1634=ORIENTED_EDGE('',*,*,#1378,.T.);
#1635=EDGE_LOOP('',(#1619,#1627,#1633,#1634));
#1636=FACE_BOUND('',#1635,.T.);
#1637=ADVANCED_FACE('',(#1636),#1611,.T.);
#1638=CARTESIAN_POINT('',(98.056883378,85.342432162,103.679640309));
#1639=DIRECTION('',(-1.,0.,0.));
#1640=DIRECTION('',(0.,0.,1.));
#1641=AXIS2_PLACEMENT_3D('',#1638,#1639,#1640);
#1642=PLANE('',#1641);
#1643=CARTESIAN_POINT('',(98.056883378,75.604339258,103.679640309));
#1644=VERTEX_POINT('',#1643);
#1645=CARTESIAN_POINT('',(98.056883378,75.604339258,103.679640309));
#1646=DIRECTION('',(0.,0.,-1.));
#1647=VECTOR('',#1646,1.6);
#1648=LINE('',#1645,#1647);
#1649=EDGE_CURVE('',#1644,#1396,#1648,.T.);
#1650=ORIENTED_EDGE('',*,*,#1649,.F.);
#1651=CARTESIAN_POINT('',(98.056883378,85.342432162,103.679640309));
#1652=VERTEX_POINT('',#1651);
#1653=CARTESIAN_POINT('',(98.056883378,85.342432162,103.679640309));
#1654=DIRECTION('',(0.,-1.,0.));
#1655=VECTOR('',#1654,9.738092905);
#1656=LINE('',#1653,#1655);
#1657=EDGE_CURVE('',#1652,#1644,#1656,.T.);
#1658=ORIENTED_EDGE('',*,*,#1657,.F.);
#1659=CARTESIAN_POINT('',(98.056883378,85.342432162,103.679640309));
#1660=DIRECTION('',(0.,0.,-1.));
#1661=VECTOR('',#1660,1.6);
#1662=LINE('',#1659,#1661);
#1663=EDGE_CURVE('',#1652,#1404,#1662,.T.);
#1664=ORIENTED_EDGE('',*,*,#1663,.T.);
#1665=ORIENTED_EDGE('',*,*,#1409,.T.);
#1666=EDGE_LOOP('',(#1650,#1658,#1664,#1665));
#1667=FACE_BOUND('',#1666,.T.);
#1668=ADVANCED_FACE('',(#1667),#1642,.T.);
#1669=CARTESIAN_POINT('',(101.056883378,85.342432162,103.679640309));
#1670=DIRECTION('',(0.,0.,1.));
#1671=DIRECTION('',(1.,0.,0.));
#1672=AXIS2_PLACEMENT_3D('',#1669,#1670,#1671);
#1673=PLANE('',#1672);
#1674=CARTESIAN_POINT('',(101.056883378,5.604339258,103.679640309));
#1675=DIRECTION('',(-1.,0.,0.));
#1676=VECTOR('',#1675,3.);
#1677=LINE('',#1674,#1676);
#1678=EDGE_CURVE('',#75,#1427,#1677,.T.);
#1679=ORIENTED_EDGE('',*,*,#1678,.F.);
#1680=ORIENTED_EDGE('',*,*,#102,.F.);
#1681=CARTESIAN_POINT('',(98.056883378,11.104339258,103.679640309));
#1682=DIRECTION('',(1.,0.,-0.));
#1683=VECTOR('',#1682,3.);
#1684=LINE('',#1681,#1683);
#1685=EDGE_CURVE('',#1435,#91,#1684,.T.);
#1686=ORIENTED_EDGE('',*,*,#1685,.F.);
#1687=ORIENTED_EDGE('',*,*,#1440,.T.);
#1688=EDGE_LOOP('',(#1679,#1680,#1686,#1687));
#1689=FACE_BOUND('',#1688,.T.);
#1690=ADVANCED_FACE('',(#1689),#1673,.T.);
#1691=CARTESIAN_POINT('',(101.056883378,85.342432162,103.679640309));
#1692=DIRECTION('',(0.,0.,1.));
#1693=DIRECTION('',(1.,0.,0.));
#1694=AXIS2_PLACEMENT_3D('',#1691,#1692,#1693);
#1695=PLANE('',#1694);
#1696=CARTESIAN_POINT('',(101.056883378,15.604339258,103.679640309));
#1697=DIRECTION('',(-1.,0.,0.));
#1698=VECTOR('',#1697,3.);
#1699=LINE('',#1696,#1698);
#1700=EDGE_CURVE('',#155,#1458,#1699,.T.);
#1701=ORIENTED_EDGE('',*,*,#1700,.F.);
#1702=ORIENTED_EDGE('',*,*,#182,.F.);
#1703=CARTESIAN_POINT('',(98.056883378,21.104339258,103.679640309));
#1704=DIRECTION('',(1.,0.,-0.));
#1705=VECTOR('',#1704,3.);
#1706=LINE('',#1703,#1705);
#1707=EDGE_CURVE('',#1466,#171,#1706,.T.);
#1708=ORIENTED_EDGE('',*,*,#1707,.F.);
#1709=ORIENTED_EDGE('',*,*,#1471,.T.);
#1710=EDGE_LOOP('',(#1701,#1702,#1708,#1709));
#1711=FACE_BOUND('',#1710,.T.);
#1712=ADVANCED_FACE('',(#1711),#1695,.T.);
#1713=CARTESIAN_POINT('',(101.056883378,85.342432162,103.679640309));
#1714=DIRECTION('',(0.,0.,1.));
#1715=DIRECTION('',(1.,0.,0.));
#1716=AXIS2_PLACEMENT_3D('',#1713,#1714,#1715);
#1717=PLANE('',#1716);
#1718=CARTESIAN_POINT('',(101.056883378,25.604339258,103.679640309));
#1719=DIRECTION('',(-1.,0.,0.));
#1720=VECTOR('',#1719,3.);
#1721=LINE('',#1718,#1720);
#1722=EDGE_CURVE('',#235,#1489,#1721,.T.);
#1723=ORIENTED_EDGE('',*,*,#1722,.F.);
#1724=ORIENTED_EDGE('',*,*,#262,.F.);
#1725=CARTESIAN_POINT('',(98.056883378,31.104339258,103.679640309));
#1726=DIRECTION('',(1.,0.,-0.));
#1727=VECTOR('',#1726,3.);
#1728=LINE('',#1725,#1727);
#1729=EDGE_CURVE('',#1497,#251,#1728,.T.);
#1730=ORIENTED_EDGE('',*,*,#1729,.F.);
#1731=ORIENTED_EDGE('',*,*,#1502,.T.);
#1732=EDGE_LOOP('',(#1723,#1724,#1730,#1731));
#1733=FACE_BOUND('',#1732,.T.);
#1734=ADVANCED_FACE('',(#1733),#1717,.T.);
#1735=CARTESIAN_POINT('',(101.056883378,85.342432162,103.679640309));
#1736=DIRECTION('',(0.,0.,1.));
#1737=DIRECTION('',(1.,0.,0.));
#1738=AXIS2_PLACEMENT_3D('',#1735,#1736,#1737);
#1739=PLANE('',#1738);
#1740=CARTESIAN_POINT('',(101.056883378,35.604339258,103.679640309));
#1741=DIRECTION('',(-1.,0.,0.));
#1742=VECTOR('',#1741,3.);
#1743=LINE('',#1740,#1742);
#1744=EDGE_CURVE('',#315,#1520,#1743,.T.);
#1745=ORIENTED_EDGE('',*,*,#1744,.F.);
#1746=ORIENTED_EDGE('',*,*,#342,.F.);
#1747=CARTESIAN_POINT('',(98.056883378,41.104339258,103.679640309));
#1748=DIRECTION('',(1.,0.,-0.));
#1749=VECTOR('',#1748,3.);
#1750=LINE('',#1747,#1749);
#1751=EDGE_CURVE('',#1528,#331,#1750,.T.);
#1752=ORIENTED_EDGE('',*,*,#1751,.F.);
#1753=ORIENTED_EDGE('',*,*,#1533,.T.);
#1754=EDGE_LOOP('',(#1745,#1746,#1752,#1753));
#1755=FACE_BOUND('',#1754,.T.);
#1756=ADVANCED_FACE('',(#1755),#1739,.T.);
#1757=CARTESIAN_POINT('',(101.056883378,85.342432162,103.679640309));
#1758=DIRECTION('',(0.,0.,1.));
#1759=DIRECTION('',(1.,0.,0.));
#1760=AXIS2_PLACEMENT_3D('',#1757,#1758,#1759);
#1761=PLANE('',#1760);
#1762=CARTESIAN_POINT('',(101.056883378,45.604339258,103.679640309));
#1763=DIRECTION('',(-1.,0.,0.));
#1764=VECTOR('',#1763,3.);
#1765=LINE('',#1762,#1764);
#1766=EDGE_CURVE('',#395,#1551,#1765,.T.);
#1767=ORIENTED_EDGE('',*,*,#1766,.F.);
#1768=ORIENTED_EDGE('',*,*,#422,.F.);
#1769=CARTESIAN_POINT('',(98.056883378,51.104339258,103.679640309));
#1770=DIRECTION('',(1.,0.,-0.));
#1771=VECTOR('',#1770,3.);
#1772=LINE('',#1769,#1771);
#1773=EDGE_CURVE('',#1559,#411,#1772,.T.);
#1774=ORIENTED_EDGE('',*,*,#1773,.F.);
#1775=ORIENTED_EDGE('',*,*,#1564,.T.);
#1776=EDGE_LOOP('',(#1767,#1768,#1774,#1775));
#1777=FACE_BOUND('',#1776,.T.);
#1778=ADVANCED_FACE('',(#1777),#1761,.T.);
#1779=CARTESIAN_POINT('',(101.056883378,85.342432162,103.679640309));
#1780=DIRECTION('',(0.,0.,1.));
#1781=DIRECTION('',(1.,0.,0.));
#1782=AXIS2_PLACEMENT_3D('',#1779,#1780,#1781);
#1783=PLANE('',#1782);
#1784=CARTESIAN_POINT('',(101.056883378,55.604339258,103.679640309));
#1785=DIRECTION('',(-1.,0.,0.));
#1786=VECTOR('',#1785,3.);
#1787=LINE('',#1784,#1786);
#1788=EDGE_CURVE('',#475,#1582,#1787,.T.);
#1789=ORIENTED_EDGE('',*,*,#1788,.F.);
#1790=ORIENTED_EDGE('',*,*,#502,.F.);
#1791=CARTESIAN_POINT('',(98.056883378,61.104339258,103.679640309));
#1792=DIRECTION('',(1.,0.,-0.));
#1793=VECTOR('',#1792,3.);
#1794=LINE('',#1791,#1793);
#1795=EDGE_CURVE('',#1590,#491,#1794,.T.);
#1796=ORIENTED_EDGE('',*,*,#1795,.F.);
#1797=ORIENTED_EDGE('',*,*,#1595,.T.);
#1798=EDGE_LOOP('',(#1789,#1790,#1796,#1797));
#1799=FACE_BOUND('',#1798,.T.);
#1800=ADVANCED_FACE('',(#1799),#1783,.T.);
#1801=CARTESIAN_POINT('',(101.056883378,85.342432162,103.679640309));
#1802=DIRECTION('',(0.,0.,1.));
#1803=DIRECTION('',(1.,0.,0.));
#1804=AXIS2_PLACEMENT_3D('',#1801,#1802,#1803);
#1805=PLANE('',#1804);
#1806=CARTESIAN_POINT('',(101.056883378,65.604339258,103.679640309));
#1807=DIRECTION('',(-1.,0.,0.));
#1808=VECTOR('',#1807,3.);
#1809=LINE('',#1806,#1808);
#1810=EDGE_CURVE('',#555,#1613,#1809,.T.);
#1811=ORIENTED_EDGE('',*,*,#1810,.F.);
#1812=ORIENTED_EDGE('',*,*,#582,.F.);
#1813=CARTESIAN_POINT('',(98.056883378,71.104339258,103.679640309));
#1814=DIRECTION('',(1.,0.,-0.));
#1815=VECTOR('',#1814,3.);
#1816=LINE('',#1813,#1815);
#1817=EDGE_CURVE('',#1621,#571,#1816,.T.);
#1818=ORIENTED_EDGE('',*,*,#1817,.F.);
#1819=ORIENTED_EDGE('',*,*,#1626,.T.);
#1820=EDGE_LOOP('',(#1811,#1812,#1818,#1819));
#1821=FACE_BOUND('',#1820,.T.);
#1822=ADVANCED_FACE('',(#1821),#1805,.T.);
#1823=CARTESIAN_POINT('',(101.056883378,85.342432162,103.679640309));
#1824=DIRECTION('',(0.,0.,1.));
#1825=DIRECTION('',(1.,0.,0.));
#1826=AXIS2_PLACEMENT_3D('',#1823,#1824,#1825);
#1827=PLANE('',#1826);
#1828=CARTESIAN_POINT('',(101.056883378,75.604339258,103.679640309));
#1829=DIRECTION('',(-1.,0.,0.));
#1830=VECTOR('',#1829,3.);
#1831=LINE('',#1828,#1830);
#1832=EDGE_CURVE('',#595,#1644,#1831,.T.);
#1833=ORIENTED_EDGE('',*,*,#1832,.F.);
#1834=ORIENTED_EDGE('',*,*,#663,.F.);
#1835=CARTESIAN_POINT('',(101.056883378,85.342432162,103.679640309));
#1836=DIRECTION('',(-1.,0.,0.));
#1837=VECTOR('',#1836,3.);
#1838=LINE('',#1835,#1837);
#1839=EDGE_CURVE('',#652,#1652,#1838,.T.);
#1840=ORIENTED_EDGE('',*,*,#1839,.T.);
#1841=ORIENTED_EDGE('',*,*,#1657,.T.);
#1842=EDGE_LOOP('',(#1833,#1834,#1840,#1841));
#1843=FACE_BOUND('',#1842,.T.);
#1844=ADVANCED_FACE('',(#1843),#1827,.T.);
#1845=CARTESIAN_POINT('',(101.056883378,0.70569171,-449.27804383));
#1846=DIRECTION('',(-1.,0.,0.));
#1847=DIRECTION('',(0.,0.,1.));
#1848=AXIS2_PLACEMENT_3D('',#1845,#1846,#1847);
#1849=PLANE('',#1848);
#1850=CARTESIAN_POINT('',(101.056883378,-88.657567838,20.540531749));
#1851=VERTEX_POINT('',#1850);
#1852=CARTESIAN_POINT('',(101.056883378,-88.657567838,103.632043338));
#1853=VERTEX_POINT('',#1852);
#1854=CARTESIAN_POINT('',(101.056883378,-88.657567838,20.540531749));
#1855=DIRECTION('',(0.,0.,1.));
#1856=VECTOR('',#1855,83.091511589);
#1857=LINE('',#1854,#1856);
#1858=EDGE_CURVE('',#1851,#1853,#1857,.T.);
#1859=ORIENTED_EDGE('',*,*,#1858,.T.);
#1860=CARTESIAN_POINT('',(101.056883378,-84.609970867,107.679640309));
#1861=VERTEX_POINT('',#1860);
#1862=CARTESIAN_POINT('',(101.056883378,-80.562373896,99.584446368));
#1863=DIRECTION('',(-1.,0.,0.));
#1864=DIRECTION('',(0.,-0.707106781,0.707106781));
#1865=AXIS2_PLACEMENT_3D('',#1862,#1863,#1864);
#1866=ELLIPSE('',#1865,9.914547263,5.724166531);
#1867=EDGE_CURVE('',#1853,#1861,#1866,.T.);
#1868=ORIENTED_EDGE('',*,*,#1867,.T.);
#1869=CARTESIAN_POINT('',(101.056883378,1.104339258,107.679640309));
#1870=VERTEX_POINT('',#1869);
#1871=CARTESIAN_POINT('',(101.056883378,-84.609970867,107.679640309));
#1872=DIRECTION('',(0.,1.,0.));
#1873=VECTOR('',#1872,85.714310125);
#1874=LINE('',#1871,#1873);
#1875=EDGE_CURVE('',#1861,#1870,#1874,.T.);
#1876=ORIENTED_EDGE('',*,*,#1875,.T.);
#1877=CARTESIAN_POINT('',(101.056883378,1.104339258,103.679640309));
#1878=VERTEX_POINT('',#1877);
#1879=CARTESIAN_POINT('',(101.056883378,1.104339258,103.679640309));
#1880=DIRECTION('',(0.,0.,1.));
#1881=VECTOR('',#1880,4.);
#1882=LINE('',#1879,#1881);
#1883=EDGE_CURVE('',#1878,#1870,#1882,.T.);
#1884=ORIENTED_EDGE('',*,*,#1883,.F.);
#1885=CARTESIAN_POINT('',(101.056883378,-74.357567838,103.679640309));
#1886=VERTEX_POINT('',#1885);
#1887=CARTESIAN_POINT('',(101.056883378,1.104339258,103.679640309));
#1888=DIRECTION('',(0.,-1.,0.));
#1889=VECTOR('',#1888,75.461907095);
#1890=LINE('',#1887,#1889);
#1891=EDGE_CURVE('',#1878,#1886,#1890,.T.);
#1892=ORIENTED_EDGE('',*,*,#1891,.T.);
#1893=CARTESIAN_POINT('',(101.056883378,-74.357567838,102.079640309));
#1894=VERTEX_POINT('',#1893);
#1895=CARTESIAN_POINT('',(101.056883378,-74.357567838,102.079640309));
#1896=DIRECTION('',(0.,0.,1.));
#1897=VECTOR('',#1896,1.6);
#1898=LINE('',#1895,#1897);
#1899=EDGE_CURVE('',#1894,#1886,#1898,.T.);
#1900=ORIENTED_EDGE('',*,*,#1899,.F.);
#1901=CARTESIAN_POINT('',(101.056883378,1.104339258,102.079640309));
#1902=VERTEX_POINT('',#1901);
#1903=CARTESIAN_POINT('',(101.056883378,1.104339258,102.079640309));
#1904=DIRECTION('',(0.,-1.,0.));
#1905=VECTOR('',#1904,75.461907095);
#1906=LINE('',#1903,#1905);
#1907=EDGE_CURVE('',#1902,#1894,#1906,.T.);
#1908=ORIENTED_EDGE('',*,*,#1907,.F.);
#1909=CARTESIAN_POINT('',(101.056883378,1.104339258,102.02278606));
#1910=VERTEX_POINT('',#1909);
#1911=CARTESIAN_POINT('',(101.056883378,1.104339258,102.02278606));
#1912=DIRECTION('',(0.,0.,1.));
#1913=VECTOR('',#1912,0.056854249);
#1914=LINE('',#1911,#1913);
#1915=EDGE_CURVE('',#1910,#1902,#1914,.T.);
#1916=ORIENTED_EDGE('',*,*,#1915,.F.);
#1917=CARTESIAN_POINT('',(101.056883378,-74.657567838,102.02278606));
#1918=VERTEX_POINT('',#1917);
#1919=CARTESIAN_POINT('',(101.056883378,1.104339258,102.02278606));
#1920=DIRECTION('',(-0.,-1.,-0.));
#1921=VECTOR('',#1920,75.761907095);
#1922=LINE('',#1919,#1921);
#1923=EDGE_CURVE('',#1910,#1918,#1922,.T.);
#1924=ORIENTED_EDGE('',*,*,#1923,.T.);
#1925=CARTESIAN_POINT('',(101.056883378,-83.000713588,93.679640309));
#1926=VERTEX_POINT('',#1925);
#1927=CARTESIAN_POINT('',(101.056883378,-74.657567838,93.679640309));
#1928=DIRECTION('',(1.,-0.,-0.));
#1929=DIRECTION('',(0.,0.,1.));
#1930=AXIS2_PLACEMENT_3D('',#1927,#1928,#1929);
#1931=CIRCLE('',#1930,8.343145751);
#1932=EDGE_CURVE('',#1918,#1926,#1931,.T.);
#1933=ORIENTED_EDGE('',*,*,#1932,.T.);
#1934=CARTESIAN_POINT('',(101.056883378,-83.000713588,93.579640309));
#1935=VERTEX_POINT('',#1934);
#1936=CARTESIAN_POINT('',(101.056883378,-83.000713588,93.579640309));
#1937=DIRECTION('',(0.,0.,1.));
#1938=VECTOR('',#1937,0.1);
#1939=LINE('',#1936,#1938);
#1940=EDGE_CURVE('',#1935,#1926,#1939,.T.);
#1941=ORIENTED_EDGE('',*,*,#1940,.F.);
#1942=CARTESIAN_POINT('',(101.056883378,-86.253404782,93.579640309));
#1943=VERTEX_POINT('',#1942);
#1944=CARTESIAN_POINT('',(101.056883378,-83.000713588,93.579640309));
#1945=DIRECTION('',(0.,-1.,-0.));
#1946=VECTOR('',#1945,3.252691193);
#1947=LINE('',#1944,#1946);
#1948=EDGE_CURVE('',#1935,#1943,#1947,.T.);
#1949=ORIENTED_EDGE('',*,*,#1948,.T.);
#1950=CARTESIAN_POINT('',(101.056883378,-86.253404782,21.540531749));
#1951=VERTEX_POINT('',#1950);
#1952=CARTESIAN_POINT('',(101.056883378,-86.253404782,93.579640309));
#1953=DIRECTION('',(0.,0.,-1.));
#1954=VECTOR('',#1953,72.03910856);
#1955=LINE('',#1952,#1954);
#1956=EDGE_CURVE('',#1943,#1951,#1955,.T.);
#1957=ORIENTED_EDGE('',*,*,#1956,.T.);
#1958=CARTESIAN_POINT('',(101.056883378,-86.253404782,20.540531749));
#1959=VERTEX_POINT('',#1958);
#1960=CARTESIAN_POINT('',(101.056883378,-86.253404782,21.540531749));
#1961=DIRECTION('',(0.,0.,-1.));
#1962=VECTOR('',#1961,1.);
#1963=LINE('',#1960,#1962);
#1964=EDGE_CURVE('',#1951,#1959,#1963,.T.);
#1965=ORIENTED_EDGE('',*,*,#1964,.T.);
#1966=CARTESIAN_POINT('',(101.056883378,-88.657567838,20.540531749));
#1967=DIRECTION('',(0.,1.,0.));
#1968=VECTOR('',#1967,2.404163056);
#1969=LINE('',#1966,#1968);
#1970=EDGE_CURVE('',#1851,#1959,#1969,.T.);
#1971=ORIENTED_EDGE('',*,*,#1970,.F.);
#1972=EDGE_LOOP('',(#1859,#1868,#1876,#1884,#1892,#1900,#1908,#1916,#1924,#1933,#1941,#1949,#1957,#1965,#1971));
#1973=FACE_BOUND('',#1972,.T.);
#1974=ADVANCED_FACE('',(#1973),#1849,.T.);
#1975=CARTESIAN_POINT('',(106.056883378,0.70569171,6.040531749));
#1976=DIRECTION('',(1.,0.,0.));
#1977=DIRECTION('',(0.,0.,-1.));
#1978=AXIS2_PLACEMENT_3D('',#1975,#1976,#1977);
#1979=PLANE('',#1978);
#1980=CARTESIAN_POINT('',(106.056883378,1.104339258,102.679640309));
#1981=VERTEX_POINT('',#1980);
#1982=CARTESIAN_POINT('',(106.056883378,-79.609970867,102.679640309));
#1983=VERTEX_POINT('',#1982);
#1984=CARTESIAN_POINT('',(106.056883378,1.104339258,102.679640309));
#1985=DIRECTION('',(0.,-1.,0.));
#1986=VECTOR('',#1985,80.714310125);
#1987=LINE('',#1984,#1986);
#1988=EDGE_CURVE('',#1981,#1983,#1987,.T.);
#1989=ORIENTED_EDGE('',*,*,#1988,.T.);
#1990=CARTESIAN_POINT('',(106.056883378,-83.657567838,98.632043338));
#1991=VERTEX_POINT('',#1990);
#1992=CARTESIAN_POINT('',(106.056883378,-75.562373896,94.584446368));
#1993=DIRECTION('',(1.,0.,0.));
#1994=DIRECTION('',(0.,-0.707106781,0.707106781));
#1995=AXIS2_PLACEMENT_3D('',#1992,#1993,#1994);
#1996=ELLIPSE('',#1995,9.914547263,5.724166531);
#1997=EDGE_CURVE('',#1983,#1991,#1996,.T.);
#1998=ORIENTED_EDGE('',*,*,#1997,.T.);
#1999=CARTESIAN_POINT('',(106.056883378,-83.657567838,20.540531749));
#2000=VERTEX_POINT('',#1999);
#2001=CARTESIAN_POINT('',(106.056883378,-83.657567838,98.632043338));
#2002=DIRECTION('',(0.,0.,-1.));
#2003=VECTOR('',#2002,78.091511589);
#2004=LINE('',#2001,#2003);
#2005=EDGE_CURVE('',#1991,#2000,#2004,.T.);
#2006=ORIENTED_EDGE('',*,*,#2005,.T.);
#2007=CARTESIAN_POINT('',(106.056883378,97.068951258,20.540531749));
#2008=VERTEX_POINT('',#2007);
#2009=CARTESIAN_POINT('',(106.056883378,-83.657567838,20.540531749));
#2010=DIRECTION('',(0.,1.,0.));
#2011=VECTOR('',#2010,180.726519096);
#2012=LINE('',#2009,#2011);
#2013=EDGE_CURVE('',#2000,#2008,#2012,.T.);
#2014=ORIENTED_EDGE('',*,*,#2013,.T.);
#2015=CARTESIAN_POINT('',(106.056883378,97.068951258,20.540531749));
#2016=DIRECTION('',(0.,0.,1.));
#2017=VECTOR('',#2016,82.13910856);
#2018=LINE('',#2015,#2017);
#2019=EDGE_CURVE('',#2008,#899,#2018,.T.);
#2020=ORIENTED_EDGE('',*,*,#2019,.T.);
#2021=ORIENTED_EDGE('',*,*,#904,.T.);
#2022=CARTESIAN_POINT('',(106.056883378,75.604339258,70.661336163));
#2023=VERTEX_POINT('',#2022);
#2024=CARTESIAN_POINT('',(106.056883378,75.604339258,70.661336163));
#2025=DIRECTION('',(0.,0.,1.));
#2026=VECTOR('',#2025,32.018304147);
#2027=LINE('',#2024,#2026);
#2028=EDGE_CURVE('',#2023,#891,#2027,.T.);
#2029=ORIENTED_EDGE('',*,*,#2028,.F.);
#2030=CARTESIAN_POINT('',(106.056883378,73.404339258,68.461336163));
#2031=VERTEX_POINT('',#2030);
#2032=CARTESIAN_POINT('',(106.056883378,73.404339258,70.661336163));
#2033=DIRECTION('',(1.,0.,0.));
#2034=DIRECTION('',(0.,0.,-1.));
#2035=AXIS2_PLACEMENT_3D('',#2032,#2033,#2034);
#2036=CIRCLE('',#2035,2.2);
#2037=EDGE_CURVE('',#2031,#2023,#2036,.T.);
#2038=ORIENTED_EDGE('',*,*,#2037,.F.);
#2039=CARTESIAN_POINT('',(106.056883378,73.304339258,68.461336163));
#2040=VERTEX_POINT('',#2039);
#2041=CARTESIAN_POINT('',(106.056883378,73.304339258,68.461336163));
#2042=DIRECTION('',(0.,1.,0.));
#2043=VECTOR('',#2042,0.1);
#2044=LINE('',#2041,#2043);
#2045=EDGE_CURVE('',#2040,#2031,#2044,.T.);
#2046=ORIENTED_EDGE('',*,*,#2045,.F.);
#2047=CARTESIAN_POINT('',(106.056883378,71.104339258,70.661336163));
#2048=VERTEX_POINT('',#2047);
#2049=CARTESIAN_POINT('',(106.056883378,73.304339258,70.661336163));
#2050=DIRECTION('',(1.,0.,0.));
#2051=DIRECTION('',(0.,0.,-1.));
#2052=AXIS2_PLACEMENT_3D('',#2049,#2050,#2051);
#2053=CIRCLE('',#2052,2.2);
#2054=EDGE_CURVE('',#2048,#2040,#2053,.T.);
#2055=ORIENTED_EDGE('',*,*,#2054,.F.);
#2056=CARTESIAN_POINT('',(106.056883378,71.104339258,102.679640309));
#2057=DIRECTION('',(0.,0.,-1.));
#2058=VECTOR('',#2057,32.018304147);
#2059=LINE('',#2056,#2058);
#2060=EDGE_CURVE('',#868,#2048,#2059,.T.);
#2061=ORIENTED_EDGE('',*,*,#2060,.F.);
#2062=ORIENTED_EDGE('',*,*,#873,.T.);
#2063=CARTESIAN_POINT('',(106.056883378,65.604339258,70.661336163));
#2064=VERTEX_POINT('',#2063);
#2065=CARTESIAN_POINT('',(106.056883378,65.604339258,70.661336163));
#2066=DIRECTION('',(0.,0.,1.));
#2067=VECTOR('',#2066,32.018304147);
#2068=LINE('',#2065,#2067);
#2069=EDGE_CURVE('',#2064,#860,#2068,.T.);
#2070=ORIENTED_EDGE('',*,*,#2069,.F.);
#2071=CARTESIAN_POINT('',(106.056883378,63.404339258,68.461336163));
#2072=VERTEX_POINT('',#2071);
#2073=CARTESIAN_POINT('',(106.056883378,63.404339258,70.661336163));
#2074=DIRECTION('',(1.,0.,0.));
#2075=DIRECTION('',(0.,0.,-1.));
#2076=AXIS2_PLACEMENT_3D('',#2073,#2074,#2075);
#2077=CIRCLE('',#2076,2.2);
#2078=EDGE_CURVE('',#2072,#2064,#2077,.T.);
#2079=ORIENTED_EDGE('',*,*,#2078,.F.);
#2080=CARTESIAN_POINT('',(106.056883378,63.304339258,68.461336163));
#2081=VERTEX_POINT('',#2080);
#2082=CARTESIAN_POINT('',(106.056883378,63.304339258,68.461336163));
#2083=DIRECTION('',(0.,1.,0.));
#2084=VECTOR('',#2083,0.1);
#2085=LINE('',#2082,#2084);
#2086=EDGE_CURVE('',#2081,#2072,#2085,.T.);
#2087=ORIENTED_EDGE('',*,*,#2086,.F.);
#2088=CARTESIAN_POINT('',(106.056883378,61.104339258,70.661336163));
#2089=VERTEX_POINT('',#2088);
#2090=CARTESIAN_POINT('',(106.056883378,63.304339258,70.661336163));
#2091=DIRECTION('',(1.,0.,0.));
#2092=DIRECTION('',(0.,0.,-1.));
#2093=AXIS2_PLACEMENT_3D('',#2090,#2091,#2092);
#2094=CIRCLE('',#2093,2.2);
#2095=EDGE_CURVE('',#2089,#2081,#2094,.T.);
#2096=ORIENTED_EDGE('',*,*,#2095,.F.);
#2097=CARTESIAN_POINT('',(106.056883378,61.104339258,102.679640309));
#2098=DIRECTION('',(0.,0.,-1.));
#2099=VECTOR('',#2098,32.018304147);
#2100=LINE('',#2097,#2099);
#2101=EDGE_CURVE('',#837,#2089,#2100,.T.);
#2102=ORIENTED_EDGE('',*,*,#2101,.F.);
#2103=ORIENTED_EDGE('',*,*,#842,.T.);
#2104=CARTESIAN_POINT('',(106.056883378,55.604339258,70.661336163));
#2105=VERTEX_POINT('',#2104);
#2106=CARTESIAN_POINT('',(106.056883378,55.604339258,70.661336163));
#2107=DIRECTION('',(0.,0.,1.));
#2108=VECTOR('',#2107,32.018304147);
#2109=LINE('',#2106,#2108);
#2110=EDGE_CURVE('',#2105,#829,#2109,.T.);
#2111=ORIENTED_EDGE('',*,*,#2110,.F.);
#2112=CARTESIAN_POINT('',(106.056883378,53.404339258,68.461336163));
#2113=VERTEX_POINT('',#2112);
#2114=CARTESIAN_POINT('',(106.056883378,53.404339258,70.661336163));
#2115=DIRECTION('',(1.,0.,0.));
#2116=DIRECTION('',(0.,0.,-1.));
#2117=AXIS2_PLACEMENT_3D('',#2114,#2115,#2116);
#2118=CIRCLE('',#2117,2.2);
#2119=EDGE_CURVE('',#2113,#2105,#2118,.T.);
#2120=ORIENTED_EDGE('',*,*,#2119,.F.);
#2121=CARTESIAN_POINT('',(106.056883378,53.304339258,68.461336163));
#2122=VERTEX_POINT('',#2121);
#2123=CARTESIAN_POINT('',(106.056883378,53.304339258,68.461336163));
#2124=DIRECTION('',(0.,1.,0.));
#2125=VECTOR('',#2124,0.1);
#2126=LINE('',#2123,#2125);
#2127=EDGE_CURVE('',#2122,#2113,#2126,.T.);
#2128=ORIENTED_EDGE('',*,*,#2127,.F.);
#2129=CARTESIAN_POINT('',(106.056883378,51.104339258,70.661336163));
#2130=VERTEX_POINT('',#2129);
#2131=CARTESIAN_POINT('',(106.056883378,53.304339258,70.661336163));
#2132=DIRECTION('',(1.,0.,0.));
#2133=DIRECTION('',(0.,0.,-1.));
#2134=AXIS2_PLACEMENT_3D('',#2131,#2132,#2133);
#2135=CIRCLE('',#2134,2.2);
#2136=EDGE_CURVE('',#2130,#2122,#2135,.T.);
#2137=ORIENTED_EDGE('',*,*,#2136,.F.);
#2138=CARTESIAN_POINT('',(106.056883378,51.104339258,102.679640309));
#2139=DIRECTION('',(0.,0.,-1.));
#2140=VECTOR('',#2139,32.018304147);
#2141=LINE('',#2138,#2140);
#2142=EDGE_CURVE('',#806,#2130,#2141,.T.);
#2143=ORIENTED_EDGE('',*,*,#2142,.F.);
#2144=ORIENTED_EDGE('',*,*,#811,.T.);
#2145=CARTESIAN_POINT('',(106.056883378,45.604339258,70.661336163));
#2146=VERTEX_POINT('',#2145);
#2147=CARTESIAN_POINT('',(106.056883378,45.604339258,70.661336163));
#2148=DIRECTION('',(0.,0.,1.));
#2149=VECTOR('',#2148,32.018304147);
#2150=LINE('',#2147,#2149);
#2151=EDGE_CURVE('',#2146,#798,#2150,.T.);
#2152=ORIENTED_EDGE('',*,*,#2151,.F.);
#2153=CARTESIAN_POINT('',(106.056883378,43.404339258,68.461336163));
#2154=VERTEX_POINT('',#2153);
#2155=CARTESIAN_POINT('',(106.056883378,43.404339258,70.661336163));
#2156=DIRECTION('',(1.,0.,0.));
#2157=DIRECTION('',(0.,0.,-1.));
#2158=AXIS2_PLACEMENT_3D('',#2155,#2156,#2157);
#2159=CIRCLE('',#2158,2.2);
#2160=EDGE_CURVE('',#2154,#2146,#2159,.T.);
#2161=ORIENTED_EDGE('',*,*,#2160,.F.);
#2162=CARTESIAN_POINT('',(106.056883378,43.304339258,68.461336163));
#2163=VERTEX_POINT('',#2162);
#2164=CARTESIAN_POINT('',(106.056883378,43.304339258,68.461336163));
#2165=DIRECTION('',(0.,1.,0.));
#2166=VECTOR('',#2165,0.1);
#2167=LINE('',#2164,#2166);
#2168=EDGE_CURVE('',#2163,#2154,#2167,.T.);
#2169=ORIENTED_EDGE('',*,*,#2168,.F.);
#2170=CARTESIAN_POINT('',(106.056883378,41.104339258,70.661336163));
#2171=VERTEX_POINT('',#2170);
#2172=CARTESIAN_POINT('',(106.056883378,43.304339258,70.661336163));
#2173=DIRECTION('',(1.,0.,0.));
#2174=DIRECTION('',(0.,0.,-1.));
#2175=AXIS2_PLACEMENT_3D('',#2172,#2173,#2174);
#2176=CIRCLE('',#2175,2.2);
#2177=EDGE_CURVE('',#2171,#2163,#2176,.T.);
#2178=ORIENTED_EDGE('',*,*,#2177,.F.);
#2179=CARTESIAN_POINT('',(106.056883378,41.104339258,102.679640309));
#2180=DIRECTION('',(0.,0.,-1.));
#2181=VECTOR('',#2180,32.018304147);
#2182=LINE('',#2179,#2181);
#2183=EDGE_CURVE('',#775,#2171,#2182,.T.);
#2184=ORIENTED_EDGE('',*,*,#2183,.F.);
#2185=ORIENTED_EDGE('',*,*,#780,.T.);
#2186=CARTESIAN_POINT('',(106.056883378,35.604339258,70.661336163));
#2187=VERTEX_POINT('',#2186);
#2188=CARTESIAN_POINT('',(106.056883378,35.604339258,70.661336163));
#2189=DIRECTION('',(0.,0.,1.));
#2190=VECTOR('',#2189,32.018304147);
#2191=LINE('',#2188,#2190);
#2192=EDGE_CURVE('',#2187,#767,#2191,.T.);
#2193=ORIENTED_EDGE('',*,*,#2192,.F.);
#2194=CARTESIAN_POINT('',(106.056883378,33.404339258,68.461336163));
#2195=VERTEX_POINT('',#2194);
#2196=CARTESIAN_POINT('',(106.056883378,33.404339258,70.661336163));
#2197=DIRECTION('',(1.,0.,0.));
#2198=DIRECTION('',(0.,0.,-1.));
#2199=AXIS2_PLACEMENT_3D('',#2196,#2197,#2198);
#2200=CIRCLE('',#2199,2.2);
#2201=EDGE_CURVE('',#2195,#2187,#2200,.T.);
#2202=ORIENTED_EDGE('',*,*,#2201,.F.);
#2203=CARTESIAN_POINT('',(106.056883378,33.304339258,68.461336163));
#2204=VERTEX_POINT('',#2203);
#2205=CARTESIAN_POINT('',(106.056883378,33.304339258,68.461336163));
#2206=DIRECTION('',(0.,1.,0.));
#2207=VECTOR('',#2206,0.1);
#2208=LINE('',#2205,#2207);
#2209=EDGE_CURVE('',#2204,#2195,#2208,.T.);
#2210=ORIENTED_EDGE('',*,*,#2209,.F.);
#2211=CARTESIAN_POINT('',(106.056883378,31.104339258,70.661336163));
#2212=VERTEX_POINT('',#2211);
#2213=CARTESIAN_POINT('',(106.056883378,33.304339258,70.661336163));
#2214=DIRECTION('',(1.,0.,0.));
#2215=DIRECTION('',(0.,0.,-1.));
#2216=AXIS2_PLACEMENT_3D('',#2213,#2214,#2215);
#2217=CIRCLE('',#2216,2.2);
#2218=EDGE_CURVE('',#2212,#2204,#2217,.T.);
#2219=ORIENTED_EDGE('',*,*,#2218,.F.);
#2220=CARTESIAN_POINT('',(106.056883378,31.104339258,102.679640309));
#2221=DIRECTION('',(0.,0.,-1.));
#2222=VECTOR('',#2221,32.018304147);
#2223=LINE('',#2220,#2222);
#2224=EDGE_CURVE('',#744,#2212,#2223,.T.);
#2225=ORIENTED_EDGE('',*,*,#2224,.F.);
#2226=ORIENTED_EDGE('',*,*,#749,.T.);
#2227=CARTESIAN_POINT('',(106.056883378,25.604339258,70.661336163));
#2228=VERTEX_POINT('',#2227);
#2229=CARTESIAN_POINT('',(106.056883378,25.604339258,70.661336163));
#2230=DIRECTION('',(0.,0.,1.));
#2231=VECTOR('',#2230,32.018304147);
#2232=LINE('',#2229,#2231);
#2233=EDGE_CURVE('',#2228,#736,#2232,.T.);
#2234=ORIENTED_EDGE('',*,*,#2233,.F.);
#2235=CARTESIAN_POINT('',(106.056883378,23.404339258,68.461336163));
#2236=VERTEX_POINT('',#2235);
#2237=CARTESIAN_POINT('',(106.056883378,23.404339258,70.661336163));
#2238=DIRECTION('',(1.,0.,0.));
#2239=DIRECTION('',(0.,0.,-1.));
#2240=AXIS2_PLACEMENT_3D('',#2237,#2238,#2239);
#2241=CIRCLE('',#2240,2.2);
#2242=EDGE_CURVE('',#2236,#2228,#2241,.T.);
#2243=ORIENTED_EDGE('',*,*,#2242,.F.);
#2244=CARTESIAN_POINT('',(106.056883378,23.304339258,68.461336163));
#2245=VERTEX_POINT('',#2244);
#2246=CARTESIAN_POINT('',(106.056883378,23.304339258,68.461336163));
#2247=DIRECTION('',(0.,1.,0.));
#2248=VECTOR('',#2247,0.1);
#2249=LINE('',#2246,#2248);
#2250=EDGE_CURVE('',#2245,#2236,#2249,.T.);
#2251=ORIENTED_EDGE('',*,*,#2250,.F.);
#2252=CARTESIAN_POINT('',(106.056883378,21.104339258,70.661336163));
#2253=VERTEX_POINT('',#2252);
#2254=CARTESIAN_POINT('',(106.056883378,23.304339258,70.661336163));
#2255=DIRECTION('',(1.,0.,0.));
#2256=DIRECTION('',(0.,0.,-1.));
#2257=AXIS2_PLACEMENT_3D('',#2254,#2255,#2256);
#2258=CIRCLE('',#2257,2.2);
#2259=EDGE_CURVE('',#2253,#2245,#2258,.T.);
#2260=ORIENTED_EDGE('',*,*,#2259,.F.);
#2261=CARTESIAN_POINT('',(106.056883378,21.104339258,102.679640309));
#2262=DIRECTION('',(0.,0.,-1.));
#2263=VECTOR('',#2262,32.018304147);
#2264=LINE('',#2261,#2263);
#2265=EDGE_CURVE('',#713,#2253,#2264,.T.);
#2266=ORIENTED_EDGE('',*,*,#2265,.F.);
#2267=ORIENTED_EDGE('',*,*,#718,.T.);
#2268=CARTESIAN_POINT('',(106.056883378,15.604339258,70.661336163));
#2269=VERTEX_POINT('',#2268);
#2270=CARTESIAN_POINT('',(106.056883378,15.604339258,70.661336163));
#2271=DIRECTION('',(0.,0.,1.));
#2272=VECTOR('',#2271,32.018304147);
#2273=LINE('',#2270,#2272);
#2274=EDGE_CURVE('',#2269,#705,#2273,.T.);
#2275=ORIENTED_EDGE('',*,*,#2274,.F.);
#2276=CARTESIAN_POINT('',(106.056883378,13.404339258,68.461336163));
#2277=VERTEX_POINT('',#2276);
#2278=CARTESIAN_POINT('',(106.056883378,13.404339258,70.661336163));
#2279=DIRECTION('',(1.,0.,0.));
#2280=DIRECTION('',(0.,0.,-1.));
#2281=AXIS2_PLACEMENT_3D('',#2278,#2279,#2280);
#2282=CIRCLE('',#2281,2.2);
#2283=EDGE_CURVE('',#2277,#2269,#2282,.T.);
#2284=ORIENTED_EDGE('',*,*,#2283,.F.);
#2285=CARTESIAN_POINT('',(106.056883378,13.304339258,68.461336163));
#2286=VERTEX_POINT('',#2285);
#2287=CARTESIAN_POINT('',(106.056883378,13.304339258,68.461336163));
#2288=DIRECTION('',(0.,1.,0.));
#2289=VECTOR('',#2288,0.1);
#2290=LINE('',#2287,#2289);
#2291=EDGE_CURVE('',#2286,#2277,#2290,.T.);
#2292=ORIENTED_EDGE('',*,*,#2291,.F.);
#2293=CARTESIAN_POINT('',(106.056883378,11.104339258,70.661336163));
#2294=VERTEX_POINT('',#2293);
#2295=CARTESIAN_POINT('',(106.056883378,13.304339258,70.661336163));
#2296=DIRECTION('',(1.,0.,0.));
#2297=DIRECTION('',(0.,0.,-1.));
#2298=AXIS2_PLACEMENT_3D('',#2295,#2296,#2297);
#2299=CIRCLE('',#2298,2.2);
#2300=EDGE_CURVE('',#2294,#2286,#2299,.T.);
#2301=ORIENTED_EDGE('',*,*,#2300,.F.);
#2302=CARTESIAN_POINT('',(106.056883378,11.104339258,102.679640309));
#2303=DIRECTION('',(0.,0.,-1.));
#2304=VECTOR('',#2303,32.018304147);
#2305=LINE('',#2302,#2304);
#2306=EDGE_CURVE('',#682,#2294,#2305,.T.);
#2307=ORIENTED_EDGE('',*,*,#2306,.F.);
#2308=ORIENTED_EDGE('',*,*,#687,.T.);
#2309=CARTESIAN_POINT('',(106.056883378,5.604339258,70.661336163));
#2310=VERTEX_POINT('',#2309);
#2311=CARTESIAN_POINT('',(106.056883378,5.604339258,70.661336163));
#2312=DIRECTION('',(0.,0.,1.));
#2313=VECTOR('',#2312,32.018304147);
#2314=LINE('',#2311,#2313);
#2315=EDGE_CURVE('',#2310,#674,#2314,.T.);
#2316=ORIENTED_EDGE('',*,*,#2315,.F.);
#2317=CARTESIAN_POINT('',(106.056883378,3.404339258,68.461336163));
#2318=VERTEX_POINT('',#2317);
#2319=CARTESIAN_POINT('',(106.056883378,3.404339258,70.661336163));
#2320=DIRECTION('',(1.,0.,0.));
#2321=DIRECTION('',(0.,0.,-1.));
#2322=AXIS2_PLACEMENT_3D('',#2319,#2320,#2321);
#2323=CIRCLE('',#2322,2.2);
#2324=EDGE_CURVE('',#2318,#2310,#2323,.T.);
#2325=ORIENTED_EDGE('',*,*,#2324,.F.);
#2326=CARTESIAN_POINT('',(106.056883378,3.304339258,68.461336163));
#2327=VERTEX_POINT('',#2326);
#2328=CARTESIAN_POINT('',(106.056883378,3.304339258,68.461336163));
#2329=DIRECTION('',(0.,1.,0.));
#2330=VECTOR('',#2329,0.1);
#2331=LINE('',#2328,#2330);
#2332=EDGE_CURVE('',#2327,#2318,#2331,.T.);
#2333=ORIENTED_EDGE('',*,*,#2332,.F.);
#2334=CARTESIAN_POINT('',(106.056883378,1.104339258,70.661336163));
#2335=VERTEX_POINT('',#2334);
#2336=CARTESIAN_POINT('',(106.056883378,3.304339258,70.661336163));
#2337=DIRECTION('',(1.,0.,0.));
#2338=DIRECTION('',(0.,0.,-1.));
#2339=AXIS2_PLACEMENT_3D('',#2336,#2337,#2338);
#2340=CIRCLE('',#2339,2.2);
#2341=EDGE_CURVE('',#2335,#2327,#2340,.T.);
#2342=ORIENTED_EDGE('',*,*,#2341,.F.);
#2343=CARTESIAN_POINT('',(106.056883378,1.104339258,102.679640309));
#2344=DIRECTION('',(0.,0.,-1.));
#2345=VECTOR('',#2344,32.018304147);
#2346=LINE('',#2343,#2345);
#2347=EDGE_CURVE('',#1981,#2335,#2346,.T.);
#2348=ORIENTED_EDGE('',*,*,#2347,.F.);
#2349=EDGE_LOOP('',(#1989,#1998,#2006,#2014,#2020,#2021,#2029,#2038,#2046,#2055,#2061,#2062,#2070,#2079,#2087,#2096,#2102,#2103,#2111,#2120,#2128,#2137,#2143,#2144,#2152,#2161,
#2169,#2178,#2184,#2185,#2193,#2202,#2210,#2219,#2225,#2226,#2234,#2243,#2251,#2260,#2266,#2267,#2275,#2284,#2292,#2301,#2307,#2308,#2316,#2325,#2333,
#2342,#2348));
#2350=FACE_BOUND('',#2349,.T.);
#2351=ADVANCED_FACE('',(#2350),#1979,.T.);
#2352=CARTESIAN_POINT('',(102.056883378,0.70569171,6.040531749));
#2353=DIRECTION('',(1.,0.,0.));
#2354=DIRECTION('',(0.,0.,-1.));
#2355=AXIS2_PLACEMENT_3D('',#2352,#2353,#2354);
#2356=PLANE('',#2355);
#2357=CARTESIAN_POINT('',(102.056883378,1.104339258,101.02278606));
#2358=VERTEX_POINT('',#2357);
#2359=CARTESIAN_POINT('',(102.056883378,-74.657567838,101.02278606));
#2360=VERTEX_POINT('',#2359);
#2361=CARTESIAN_POINT('',(102.056883378,1.104339258,101.02278606));
#2362=DIRECTION('',(-0.,-1.,-0.));
#2363=VECTOR('',#2362,75.761907095);
#2364=LINE('',#2361,#2363);
#2365=EDGE_CURVE('',#2358,#2360,#2364,.T.);
#2366=ORIENTED_EDGE('',*,*,#2365,.F.);
#2367=CARTESIAN_POINT('',(102.056883378,1.104339258,70.661336163));
#2368=VERTEX_POINT('',#2367);
#2369=CARTESIAN_POINT('',(102.056883378,1.104339258,101.02278606));
#2370=DIRECTION('',(0.,0.,-1.));
#2371=VECTOR('',#2370,30.361449897);
#2372=LINE('',#2369,#2371);
#2373=EDGE_CURVE('',#2358,#2368,#2372,.T.);
#2374=ORIENTED_EDGE('',*,*,#2373,.T.);
#2375=CARTESIAN_POINT('',(102.056883378,3.304339258,68.461336163));
#2376=VERTEX_POINT('',#2375);
#2377=CARTESIAN_POINT('',(102.056883378,3.304339258,70.661336163));
#2378=DIRECTION('',(1.,0.,0.));
#2379=DIRECTION('',(0.,0.,-1.));
#2380=AXIS2_PLACEMENT_3D('',#2377,#2378,#2379);
#2381=CIRCLE('',#2380,2.2);
#2382=EDGE_CURVE('',#2368,#2376,#2381,.T.);
#2383=ORIENTED_EDGE('',*,*,#2382,.T.);
#2384=CARTESIAN_POINT('',(102.056883378,3.404339258,68.461336163));
#2385=VERTEX_POINT('',#2384);
#2386=CARTESIAN_POINT('',(102.056883378,3.304339258,68.461336163));
#2387=DIRECTION('',(0.,1.,0.));
#2388=VECTOR('',#2387,0.1);
#2389=LINE('',#2386,#2388);
#2390=EDGE_CURVE('',#2376,#2385,#2389,.T.);
#2391=ORIENTED_EDGE('',*,*,#2390,.T.);
#2392=CARTESIAN_POINT('',(102.056883378,5.604339258,70.661336163));
#2393=VERTEX_POINT('',#2392);
#2394=CARTESIAN_POINT('',(102.056883378,3.404339258,70.661336163));
#2395=DIRECTION('',(1.,0.,0.));
#2396=DIRECTION('',(0.,0.,-1.));
#2397=AXIS2_PLACEMENT_3D('',#2394,#2395,#2396);
#2398=CIRCLE('',#2397,2.2);
#2399=EDGE_CURVE('',#2385,#2393,#2398,.T.);
#2400=ORIENTED_EDGE('',*,*,#2399,.T.);
#2401=CARTESIAN_POINT('',(102.056883378,5.604339258,70.661336163));
#2402=DIRECTION('',(0.,0.,1.));
#2403=VECTOR('',#2402,30.361449897);
#2404=LINE('',#2401,#2403);
#2405=EDGE_CURVE('',#2393,#933,#2404,.T.);
#2406=ORIENTED_EDGE('',*,*,#2405,.T.);
#2407=ORIENTED_EDGE('',*,*,#938,.F.);
#2408=CARTESIAN_POINT('',(102.056883378,11.104339258,70.661336163));
#2409=VERTEX_POINT('',#2408);
#2410=CARTESIAN_POINT('',(102.056883378,11.104339258,101.02278606));
#2411=DIRECTION('',(0.,0.,-1.));
#2412=VECTOR('',#2411,30.361449897);
#2413=LINE('',#2410,#2412);
#2414=EDGE_CURVE('',#931,#2409,#2413,.T.);
#2415=ORIENTED_EDGE('',*,*,#2414,.T.);
#2416=CARTESIAN_POINT('',(102.056883378,13.304339258,68.461336163));
#2417=VERTEX_POINT('',#2416);
#2418=CARTESIAN_POINT('',(102.056883378,13.304339258,70.661336163));
#2419=DIRECTION('',(1.,0.,0.));
#2420=DIRECTION('',(0.,0.,-1.));
#2421=AXIS2_PLACEMENT_3D('',#2418,#2419,#2420);
#2422=CIRCLE('',#2421,2.2);
#2423=EDGE_CURVE('',#2409,#2417,#2422,.T.);
#2424=ORIENTED_EDGE('',*,*,#2423,.T.);
#2425=CARTESIAN_POINT('',(102.056883378,13.404339258,68.461336163));
#2426=VERTEX_POINT('',#2425);
#2427=CARTESIAN_POINT('',(102.056883378,13.304339258,68.461336163));
#2428=DIRECTION('',(0.,1.,0.));
#2429=VECTOR('',#2428,0.1);
#2430=LINE('',#2427,#2429);
#2431=EDGE_CURVE('',#2417,#2426,#2430,.T.);
#2432=ORIENTED_EDGE('',*,*,#2431,.T.);
#2433=CARTESIAN_POINT('',(102.056883378,15.604339258,70.661336163));
#2434=VERTEX_POINT('',#2433);
#2435=CARTESIAN_POINT('',(102.056883378,13.404339258,70.661336163));
#2436=DIRECTION('',(1.,0.,0.));
#2437=DIRECTION('',(0.,0.,-1.));
#2438=AXIS2_PLACEMENT_3D('',#2435,#2436,#2437);
#2439=CIRCLE('',#2438,2.2);
#2440=EDGE_CURVE('',#2426,#2434,#2439,.T.);
#2441=ORIENTED_EDGE('',*,*,#2440,.T.);
#2442=CARTESIAN_POINT('',(102.056883378,15.604339258,70.661336163));
#2443=DIRECTION('',(0.,0.,1.));
#2444=VECTOR('',#2443,30.361449897);
#2445=LINE('',#2442,#2444);
#2446=EDGE_CURVE('',#2434,#964,#2445,.T.);
#2447=ORIENTED_EDGE('',*,*,#2446,.T.);
#2448=ORIENTED_EDGE('',*,*,#969,.F.);
#2449=CARTESIAN_POINT('',(102.056883378,21.104339258,70.661336163));
#2450=VERTEX_POINT('',#2449);
#2451=CARTESIAN_POINT('',(102.056883378,21.104339258,101.02278606));
#2452=DIRECTION('',(0.,0.,-1.));
#2453=VECTOR('',#2452,30.361449897);
#2454=LINE('',#2451,#2453);
#2455=EDGE_CURVE('',#962,#2450,#2454,.T.);
#2456=ORIENTED_EDGE('',*,*,#2455,.T.);
#2457=CARTESIAN_POINT('',(102.056883378,23.304339258,68.461336163));
#2458=VERTEX_POINT('',#2457);
#2459=CARTESIAN_POINT('',(102.056883378,23.304339258,70.661336163));
#2460=DIRECTION('',(1.,0.,0.));
#2461=DIRECTION('',(0.,0.,-1.));
#2462=AXIS2_PLACEMENT_3D('',#2459,#2460,#2461);
#2463=CIRCLE('',#2462,2.2);
#2464=EDGE_CURVE('',#2450,#2458,#2463,.T.);
#2465=ORIENTED_EDGE('',*,*,#2464,.T.);
#2466=CARTESIAN_POINT('',(102.056883378,23.404339258,68.461336163));
#2467=VERTEX_POINT('',#2466);
#2468=CARTESIAN_POINT('',(102.056883378,23.304339258,68.461336163));
#2469=DIRECTION('',(0.,1.,0.));
#2470=VECTOR('',#2469,0.1);
#2471=LINE('',#2468,#2470);
#2472=EDGE_CURVE('',#2458,#2467,#2471,.T.);
#2473=ORIENTED_EDGE('',*,*,#2472,.T.);
#2474=CARTESIAN_POINT('',(102.056883378,25.604339258,70.661336163));
#2475=VERTEX_POINT('',#2474);
#2476=CARTESIAN_POINT('',(102.056883378,23.404339258,70.661336163));
#2477=DIRECTION('',(1.,0.,0.));
#2478=DIRECTION('',(0.,0.,-1.));
#2479=AXIS2_PLACEMENT_3D('',#2476,#2477,#2478);
#2480=CIRCLE('',#2479,2.2);
#2481=EDGE_CURVE('',#2467,#2475,#2480,.T.);
#2482=ORIENTED_EDGE('',*,*,#2481,.T.);
#2483=CARTESIAN_POINT('',(102.056883378,25.604339258,70.661336163));
#2484=DIRECTION('',(0.,0.,1.));
#2485=VECTOR('',#2484,30.361449897);
#2486=LINE('',#2483,#2485);
#2487=EDGE_CURVE('',#2475,#995,#2486,.T.);
#2488=ORIENTED_EDGE('',*,*,#2487,.T.);
#2489=ORIENTED_EDGE('',*,*,#1000,.F.);
#2490=CARTESIAN_POINT('',(102.056883378,31.104339258,70.661336163));
#2491=VERTEX_POINT('',#2490);
#2492=CARTESIAN_POINT('',(102.056883378,31.104339258,101.02278606));
#2493=DIRECTION('',(0.,0.,-1.));
#2494=VECTOR('',#2493,30.361449897);
#2495=LINE('',#2492,#2494);
#2496=EDGE_CURVE('',#993,#2491,#2495,.T.);
#2497=ORIENTED_EDGE('',*,*,#2496,.T.);
#2498=CARTESIAN_POINT('',(102.056883378,33.304339258,68.461336163));
#2499=VERTEX_POINT('',#2498);
#2500=CARTESIAN_POINT('',(102.056883378,33.304339258,70.661336163));
#2501=DIRECTION('',(1.,0.,0.));
#2502=DIRECTION('',(0.,0.,-1.));
#2503=AXIS2_PLACEMENT_3D('',#2500,#2501,#2502);
#2504=CIRCLE('',#2503,2.2);
#2505=EDGE_CURVE('',#2491,#2499,#2504,.T.);
#2506=ORIENTED_EDGE('',*,*,#2505,.T.);
#2507=CARTESIAN_POINT('',(102.056883378,33.404339258,68.461336163));
#2508=VERTEX_POINT('',#2507);
#2509=CARTESIAN_POINT('',(102.056883378,33.304339258,68.461336163));
#2510=DIRECTION('',(0.,1.,0.));
#2511=VECTOR('',#2510,0.1);
#2512=LINE('',#2509,#2511);
#2513=EDGE_CURVE('',#2499,#2508,#2512,.T.);
#2514=ORIENTED_EDGE('',*,*,#2513,.T.);
#2515=CARTESIAN_POINT('',(102.056883378,35.604339258,70.661336163));
#2516=VERTEX_POINT('',#2515);
#2517=CARTESIAN_POINT('',(102.056883378,33.404339258,70.661336163));
#2518=DIRECTION('',(1.,0.,0.));
#2519=DIRECTION('',(0.,0.,-1.));
#2520=AXIS2_PLACEMENT_3D('',#2517,#2518,#2519);
#2521=CIRCLE('',#2520,2.2);
#2522=EDGE_CURVE('',#2508,#2516,#2521,.T.);
#2523=ORIENTED_EDGE('',*,*,#2522,.T.);
#2524=CARTESIAN_POINT('',(102.056883378,35.604339258,70.661336163));
#2525=DIRECTION('',(0.,0.,1.));
#2526=VECTOR('',#2525,30.361449897);
#2527=LINE('',#2524,#2526);
#2528=EDGE_CURVE('',#2516,#1026,#2527,.T.);
#2529=ORIENTED_EDGE('',*,*,#2528,.T.);
#2530=ORIENTED_EDGE('',*,*,#1031,.F.);
#2531=CARTESIAN_POINT('',(102.056883378,41.104339258,70.661336163));
#2532=VERTEX_POINT('',#2531);
#2533=CARTESIAN_POINT('',(102.056883378,41.104339258,101.02278606));
#2534=DIRECTION('',(0.,0.,-1.));
#2535=VECTOR('',#2534,30.361449897);
#2536=LINE('',#2533,#2535);
#2537=EDGE_CURVE('',#1024,#2532,#2536,.T.);
#2538=ORIENTED_EDGE('',*,*,#2537,.T.);
#2539=CARTESIAN_POINT('',(102.056883378,43.304339258,68.461336163));
#2540=VERTEX_POINT('',#2539);
#2541=CARTESIAN_POINT('',(102.056883378,43.304339258,70.661336163));
#2542=DIRECTION('',(1.,0.,0.));
#2543=DIRECTION('',(0.,0.,-1.));
#2544=AXIS2_PLACEMENT_3D('',#2541,#2542,#2543);
#2545=CIRCLE('',#2544,2.2);
#2546=EDGE_CURVE('',#2532,#2540,#2545,.T.);
#2547=ORIENTED_EDGE('',*,*,#2546,.T.);
#2548=CARTESIAN_POINT('',(102.056883378,43.404339258,68.461336163));
#2549=VERTEX_POINT('',#2548);
#2550=CARTESIAN_POINT('',(102.056883378,43.304339258,68.461336163));
#2551=DIRECTION('',(0.,1.,0.));
#2552=VECTOR('',#2551,0.1);
#2553=LINE('',#2550,#2552);
#2554=EDGE_CURVE('',#2540,#2549,#2553,.T.);
#2555=ORIENTED_EDGE('',*,*,#2554,.T.);
#2556=CARTESIAN_POINT('',(102.056883378,45.604339258,70.661336163));
#2557=VERTEX_POINT('',#2556);
#2558=CARTESIAN_POINT('',(102.056883378,43.404339258,70.661336163));
#2559=DIRECTION('',(1.,0.,0.));
#2560=DIRECTION('',(0.,0.,-1.));
#2561=AXIS2_PLACEMENT_3D('',#2558,#2559,#2560);
#2562=CIRCLE('',#2561,2.2);
#2563=EDGE_CURVE('',#2549,#2557,#2562,.T.);
#2564=ORIENTED_EDGE('',*,*,#2563,.T.);
#2565=CARTESIAN_POINT('',(102.056883378,45.604339258,70.661336163));
#2566=DIRECTION('',(0.,0.,1.));
#2567=VECTOR('',#2566,30.361449897);
#2568=LINE('',#2565,#2567);
#2569=EDGE_CURVE('',#2557,#1057,#2568,.T.);
#2570=ORIENTED_EDGE('',*,*,#2569,.T.);
#2571=ORIENTED_EDGE('',*,*,#1062,.F.);
#2572=CARTESIAN_POINT('',(102.056883378,51.104339258,70.661336163));
#2573=VERTEX_POINT('',#2572);
#2574=CARTESIAN_POINT('',(102.056883378,51.104339258,101.02278606));
#2575=DIRECTION('',(0.,0.,-1.));
#2576=VECTOR('',#2575,30.361449897);
#2577=LINE('',#2574,#2576);
#2578=EDGE_CURVE('',#1055,#2573,#2577,.T.);
#2579=ORIENTED_EDGE('',*,*,#2578,.T.);
#2580=CARTESIAN_POINT('',(102.056883378,53.304339258,68.461336163));
#2581=VERTEX_POINT('',#2580);
#2582=CARTESIAN_POINT('',(102.056883378,53.304339258,70.661336163));
#2583=DIRECTION('',(1.,0.,0.));
#2584=DIRECTION('',(0.,0.,-1.));
#2585=AXIS2_PLACEMENT_3D('',#2582,#2583,#2584);
#2586=CIRCLE('',#2585,2.2);
#2587=EDGE_CURVE('',#2573,#2581,#2586,.T.);
#2588=ORIENTED_EDGE('',*,*,#2587,.T.);
#2589=CARTESIAN_POINT('',(102.056883378,53.404339258,68.461336163));
#2590=VERTEX_POINT('',#2589);
#2591=CARTESIAN_POINT('',(102.056883378,53.304339258,68.461336163));
#2592=DIRECTION('',(0.,1.,0.));
#2593=VECTOR('',#2592,0.1);
#2594=LINE('',#2591,#2593);
#2595=EDGE_CURVE('',#2581,#2590,#2594,.T.);
#2596=ORIENTED_EDGE('',*,*,#2595,.T.);
#2597=CARTESIAN_POINT('',(102.056883378,55.604339258,70.661336163));
#2598=VERTEX_POINT('',#2597);
#2599=CARTESIAN_POINT('',(102.056883378,53.404339258,70.661336163));
#2600=DIRECTION('',(1.,0.,0.));
#2601=DIRECTION('',(0.,0.,-1.));
#2602=AXIS2_PLACEMENT_3D('',#2599,#2600,#2601);
#2603=CIRCLE('',#2602,2.2);
#2604=EDGE_CURVE('',#2590,#2598,#2603,.T.);
#2605=ORIENTED_EDGE('',*,*,#2604,.T.);
#2606=CARTESIAN_POINT('',(102.056883378,55.604339258,70.661336163));
#2607=DIRECTION('',(0.,0.,1.));
#2608=VECTOR('',#2607,30.361449897);
#2609=LINE('',#2606,#2608);
#2610=EDGE_CURVE('',#2598,#1088,#2609,.T.);
#2611=ORIENTED_EDGE('',*,*,#2610,.T.);
#2612=ORIENTED_EDGE('',*,*,#1093,.F.);
#2613=CARTESIAN_POINT('',(102.056883378,61.104339258,70.661336163));
#2614=VERTEX_POINT('',#2613);
#2615=CARTESIAN_POINT('',(102.056883378,61.104339258,101.02278606));
#2616=DIRECTION('',(0.,0.,-1.));
#2617=VECTOR('',#2616,30.361449897);
#2618=LINE('',#2615,#2617);
#2619=EDGE_CURVE('',#1086,#2614,#2618,.T.);
#2620=ORIENTED_EDGE('',*,*,#2619,.T.);
#2621=CARTESIAN_POINT('',(102.056883378,63.304339258,68.461336163));
#2622=VERTEX_POINT('',#2621);
#2623=CARTESIAN_POINT('',(102.056883378,63.304339258,70.661336163));
#2624=DIRECTION('',(1.,0.,0.));
#2625=DIRECTION('',(0.,0.,-1.));
#2626=AXIS2_PLACEMENT_3D('',#2623,#2624,#2625);
#2627=CIRCLE('',#2626,2.2);
#2628=EDGE_CURVE('',#2614,#2622,#2627,.T.);
#2629=ORIENTED_EDGE('',*,*,#2628,.T.);
#2630=CARTESIAN_POINT('',(102.056883378,63.404339258,68.461336163));
#2631=VERTEX_POINT('',#2630);
#2632=CARTESIAN_POINT('',(102.056883378,63.304339258,68.461336163));
#2633=DIRECTION('',(0.,1.,0.));
#2634=VECTOR('',#2633,0.1);
#2635=LINE('',#2632,#2634);
#2636=EDGE_CURVE('',#2622,#2631,#2635,.T.);
#2637=ORIENTED_EDGE('',*,*,#2636,.T.);
#2638=CARTESIAN_POINT('',(102.056883378,65.604339258,70.661336163));
#2639=VERTEX_POINT('',#2638);
#2640=CARTESIAN_POINT('',(102.056883378,63.404339258,70.661336163));
#2641=DIRECTION('',(1.,0.,0.));
#2642=DIRECTION('',(0.,0.,-1.));
#2643=AXIS2_PLACEMENT_3D('',#2640,#2641,#2642);
#2644=CIRCLE('',#2643,2.2);
#2645=EDGE_CURVE('',#2631,#2639,#2644,.T.);
#2646=ORIENTED_EDGE('',*,*,#2645,.T.);
#2647=CARTESIAN_POINT('',(102.056883378,65.604339258,70.661336163));
#2648=DIRECTION('',(0.,0.,1.));
#2649=VECTOR('',#2648,30.361449897);
#2650=LINE('',#2647,#2649);
#2651=EDGE_CURVE('',#2639,#1119,#2650,.T.);
#2652=ORIENTED_EDGE('',*,*,#2651,.T.);
#2653=ORIENTED_EDGE('',*,*,#1124,.F.);
#2654=CARTESIAN_POINT('',(102.056883378,71.104339258,70.661336163));
#2655=VERTEX_POINT('',#2654);
#2656=CARTESIAN_POINT('',(102.056883378,71.104339258,101.02278606));
#2657=DIRECTION('',(0.,0.,-1.));
#2658=VECTOR('',#2657,30.361449897);
#2659=LINE('',#2656,#2658);
#2660=EDGE_CURVE('',#1117,#2655,#2659,.T.);
#2661=ORIENTED_EDGE('',*,*,#2660,.T.);
#2662=CARTESIAN_POINT('',(102.056883378,73.304339258,68.461336163));
#2663=VERTEX_POINT('',#2662);
#2664=CARTESIAN_POINT('',(102.056883378,73.304339258,70.661336163));
#2665=DIRECTION('',(1.,0.,0.));
#2666=DIRECTION('',(0.,0.,-1.));
#2667=AXIS2_PLACEMENT_3D('',#2664,#2665,#2666);
#2668=CIRCLE('',#2667,2.2);
#2669=EDGE_CURVE('',#2655,#2663,#2668,.T.);
#2670=ORIENTED_EDGE('',*,*,#2669,.T.);
#2671=CARTESIAN_POINT('',(102.056883378,73.404339258,68.461336163));
#2672=VERTEX_POINT('',#2671);
#2673=CARTESIAN_POINT('',(102.056883378,73.304339258,68.461336163));
#2674=DIRECTION('',(0.,1.,0.));
#2675=VECTOR('',#2674,0.1);
#2676=LINE('',#2673,#2675);
#2677=EDGE_CURVE('',#2663,#2672,#2676,.T.);
#2678=ORIENTED_EDGE('',*,*,#2677,.T.);
#2679=CARTESIAN_POINT('',(102.056883378,75.604339258,70.661336163));
#2680=VERTEX_POINT('',#2679);
#2681=CARTESIAN_POINT('',(102.056883378,73.404339258,70.661336163));
#2682=DIRECTION('',(1.,0.,0.));
#2683=DIRECTION('',(0.,0.,-1.));
#2684=AXIS2_PLACEMENT_3D('',#2681,#2682,#2683);
#2685=CIRCLE('',#2684,2.2);
#2686=EDGE_CURVE('',#2672,#2680,#2685,.T.);
#2687=ORIENTED_EDGE('',*,*,#2686,.T.);
#2688=CARTESIAN_POINT('',(102.056883378,75.604339258,70.661336163));
#2689=DIRECTION('',(0.,0.,1.));
#2690=VECTOR('',#2689,30.361449897);
#2691=LINE('',#2688,#2690);
#2692=EDGE_CURVE('',#2680,#1150,#2691,.T.);
#2693=ORIENTED_EDGE('',*,*,#2692,.T.);
#2694=ORIENTED_EDGE('',*,*,#1155,.F.);
#2695=CARTESIAN_POINT('',(102.056883378,97.068951258,21.540531749));
#2696=VERTEX_POINT('',#2695);
#2697=CARTESIAN_POINT('',(102.056883378,97.068951258,101.02278606));
#2698=DIRECTION('',(0.,0.,-1.));
#2699=VECTOR('',#2698,79.482254311);
#2700=LINE('',#2697,#2699);
#2701=EDGE_CURVE('',#1148,#2696,#2700,.T.);
#2702=ORIENTED_EDGE('',*,*,#2701,.T.);
#2703=CARTESIAN_POINT('',(102.056883378,-82.000713588,21.540531749));
#2704=VERTEX_POINT('',#2703);
#2705=CARTESIAN_POINT('',(102.056883378,-82.000713588,21.540531749));
#2706=DIRECTION('',(0.,1.,0.));
#2707=VECTOR('',#2706,179.069664846);
#2708=LINE('',#2705,#2707);
#2709=EDGE_CURVE('',#2704,#2696,#2708,.T.);
#2710=ORIENTED_EDGE('',*,*,#2709,.F.);
#2711=CARTESIAN_POINT('',(102.056883378,-82.000713588,93.679640309));
#2712=VERTEX_POINT('',#2711);
#2713=CARTESIAN_POINT('',(102.056883378,-82.000713588,93.679640309));
#2714=DIRECTION('',(-0.,-0.,-1.));
#2715=VECTOR('',#2714,72.13910856);
#2716=LINE('',#2713,#2715);
#2717=EDGE_CURVE('',#2712,#2704,#2716,.T.);
#2718=ORIENTED_EDGE('',*,*,#2717,.F.);
#2719=CARTESIAN_POINT('',(102.056883378,-74.657567838,93.679640309));
#2720=DIRECTION('',(1.,0.,0.));
#2721=DIRECTION('',(0.,0.,-1.));
#2722=AXIS2_PLACEMENT_3D('',#2719,#2720,#2721);
#2723=CIRCLE('',#2722,7.343145751);
#2724=EDGE_CURVE('',#2360,#2712,#2723,.T.);
#2725=ORIENTED_EDGE('',*,*,#2724,.F.);
#2726=EDGE_LOOP('',(#2366,#2374,#2383,#2391,#2400,#2406,#2407,#2415,#2424,#2432,#2441,#2447,#2448,#2456,#2465,#2473,#2482,#2488,#2489,#2497,#2506,#2514,#2523,#2529,#2530,#2538,
#2547,#2555,#2564,#2570,#2571,#2579,#2588,#2596,#2605,#2611,#2612,#2620,#2629,#2637,#2646,#2652,#2653,#2661,#2670,#2678,#2687,#2693,#2694,#2702,#2710,
#2718,#2725));
#2727=FACE_BOUND('',#2726,.T.);
#2728=ADVANCED_FACE('',(#2727),#2356,.F.);
#2729=CARTESIAN_POINT('',(104.356883378,0.70569171,21.540531749));
#2730=DIRECTION('',(1.,0.,0.));
#2731=DIRECTION('',(0.,0.,-1.));
#2732=AXIS2_PLACEMENT_3D('',#2729,#2730,#2731);
#2733=PLANE('',#2732);
#2734=CARTESIAN_POINT('',(104.356883378,97.068951258,20.540531749));
#2735=VERTEX_POINT('',#2734);
#2736=CARTESIAN_POINT('',(104.356883378,-82.953404782,20.540531749));
#2737=VERTEX_POINT('',#2736);
#2738=CARTESIAN_POINT('',(104.356883378,97.068951258,20.540531749));
#2739=DIRECTION('',(0.,-1.,0.));
#2740=VECTOR('',#2739,180.02235604);
#2741=LINE('',#2738,#2740);
#2742=EDGE_CURVE('',#2735,#2737,#2741,.T.);
#2743=ORIENTED_EDGE('',*,*,#2742,.T.);
#2744=CARTESIAN_POINT('',(104.356883378,-82.953404782,21.540531749));
#2745=VERTEX_POINT('',#2744);
#2746=CARTESIAN_POINT('',(104.356883378,-82.953404782,21.540531749));
#2747=DIRECTION('',(0.,0.,-1.));
#2748=VECTOR('',#2747,1.);
#2749=LINE('',#2746,#2748);
#2750=EDGE_CURVE('',#2745,#2737,#2749,.T.);
#2751=ORIENTED_EDGE('',*,*,#2750,.F.);
#2752=CARTESIAN_POINT('',(104.356883378,97.068951258,21.540531749));
#2753=VERTEX_POINT('',#2752);
#2754=CARTESIAN_POINT('',(104.356883378,97.068951258,21.540531749));
#2755=DIRECTION('',(-0.,-1.,-0.));
#2756=VECTOR('',#2755,180.02235604);
#2757=LINE('',#2754,#2756);
#2758=EDGE_CURVE('',#2753,#2745,#2757,.T.);
#2759=ORIENTED_EDGE('',*,*,#2758,.F.);
#2760=CARTESIAN_POINT('',(104.356883378,97.068951258,21.540531749));
#2761=DIRECTION('',(0.,0.,-1.));
#2762=VECTOR('',#2761,1.);
#2763=LINE('',#2760,#2762);
#2764=EDGE_CURVE('',#2753,#2735,#2763,.T.);
#2765=ORIENTED_EDGE('',*,*,#2764,.T.);
#2766=EDGE_LOOP('',(#2743,#2751,#2759,#2765));
#2767=FACE_BOUND('',#2766,.T.);
#2768=ADVANCED_FACE('',(#2767),#2733,.F.);
#2769=CARTESIAN_POINT('',(145.576365858,-41.733922301,21.540531749));
#2770=DIRECTION('',(0.707106781,-0.707106781,0.));
#2771=DIRECTION('',(0.707106781,0.707106781,0.));
#2772=AXIS2_PLACEMENT_3D('',#2769,#2770,#2771);
#2773=PLANE('',#2772);
#2774=ORIENTED_EDGE('',*,*,#1964,.F.);
#2775=CARTESIAN_POINT('',(104.356883378,-82.953404782,21.540531749));
#2776=DIRECTION('',(-0.707106781,-0.707106781,-0.));
#2777=VECTOR('',#2776,4.666904756);
#2778=LINE('',#2775,#2777);
#2779=EDGE_CURVE('',#2745,#1951,#2778,.T.);
#2780=ORIENTED_EDGE('',*,*,#2779,.F.);
#2781=ORIENTED_EDGE('',*,*,#2750,.T.);
#2782=CARTESIAN_POINT('',(104.356883378,-82.953404782,20.540531749));
#2783=DIRECTION('',(-0.707106781,-0.707106781,0.));
#2784=VECTOR('',#2783,4.666904756);
#2785=LINE('',#2782,#2784);
#2786=EDGE_CURVE('',#2737,#1959,#2785,.T.);
#2787=ORIENTED_EDGE('',*,*,#2786,.T.);
#2788=EDGE_LOOP('',(#2774,#2780,#2781,#2787));
#2789=FACE_BOUND('',#2788,.T.);
#2790=ADVANCED_FACE('',(#2789),#2773,.F.);
#2791=CARTESIAN_POINT('',(101.056883378,-88.657567838,6.040531749));
#2792=DIRECTION('',(-0.707106781,0.707106781,0.));
#2793=DIRECTION('',(0.,0.,1.));
#2794=AXIS2_PLACEMENT_3D('',#2791,#2792,#2793);
#2795=PLANE('',#2794);
#2796=ORIENTED_EDGE('',*,*,#2005,.F.);
#2797=CARTESIAN_POINT('',(106.056883378,-83.657567838,98.632043338));
#2798=DIRECTION('',(-0.577350269,-0.577350269,0.577350269));
#2799=VECTOR('',#2798,8.660254038);
#2800=LINE('',#2797,#2799);
#2801=EDGE_CURVE('',#1991,#1853,#2800,.T.);
#2802=ORIENTED_EDGE('',*,*,#2801,.T.);
#2803=ORIENTED_EDGE('',*,*,#1858,.F.);
#2804=CARTESIAN_POINT('',(106.056883378,-83.657567838,20.540531749));
#2805=DIRECTION('',(-0.707106781,-0.707106781,-0.));
#2806=VECTOR('',#2805,7.071067812);
#2807=LINE('',#2804,#2806);
#2808=EDGE_CURVE('',#2000,#1851,#2807,.T.);
#2809=ORIENTED_EDGE('',*,*,#2808,.F.);
#2810=EDGE_LOOP('',(#2796,#2802,#2803,#2809));
#2811=FACE_BOUND('',#2810,.T.);
#2812=ADVANCED_FACE('',(#2811),#2795,.F.);
#2813=CARTESIAN_POINT('',(106.056883378,0.70569171,102.679640309));
#2814=DIRECTION('',(-0.707106781,0.,-0.707106781));
#2815=DIRECTION('',(0.,-1.,0.));
#2816=AXIS2_PLACEMENT_3D('',#2813,#2814,#2815);
#2817=PLANE('',#2816);
#2818=ORIENTED_EDGE('',*,*,#1875,.F.);
#2819=CARTESIAN_POINT('',(101.056883378,-84.609970867,107.679640309));
#2820=DIRECTION('',(0.577350269,0.577350269,-0.577350269));
#2821=VECTOR('',#2820,8.660254038);
#2822=LINE('',#2819,#2821);
#2823=EDGE_CURVE('',#1861,#1983,#2822,.T.);
#2824=ORIENTED_EDGE('',*,*,#2823,.T.);
#2825=ORIENTED_EDGE('',*,*,#1988,.F.);
#2826=CARTESIAN_POINT('',(101.056883378,1.104339258,107.679640309));
#2827=DIRECTION('',(0.707106781,-0.,-0.707106781));
#2828=VECTOR('',#2827,7.071067812);
#2829=LINE('',#2826,#2828);
#2830=EDGE_CURVE('',#1870,#1981,#2829,.T.);
#2831=ORIENTED_EDGE('',*,*,#2830,.F.);
#2832=EDGE_LOOP('',(#2818,#2824,#2825,#2831));
#2833=FACE_BOUND('',#2832,.T.);
#2834=ADVANCED_FACE('',(#2833),#2817,.F.);
#2835=CARTESIAN_POINT('',(98.228456253,-85.829140713,6.040531749));
#2836=DIRECTION('',(-0.707106781,0.707106781,0.));
#2837=DIRECTION('',(0.,0.,1.));
#2838=AXIS2_PLACEMENT_3D('',#2835,#2836,#2837);
#2839=PLANE('',#2838);
#2840=CARTESIAN_POINT('',(101.056883378,-83.000713588,21.540531749));
#2841=VERTEX_POINT('',#2840);
#2842=CARTESIAN_POINT('',(101.056883378,-83.000713588,93.579640309));
#2843=DIRECTION('',(-0.,-0.,-1.));
#2844=VECTOR('',#2843,72.03910856);
#2845=LINE('',#2842,#2844);
#2846=EDGE_CURVE('',#1935,#2841,#2845,.T.);
#2847=ORIENTED_EDGE('',*,*,#2846,.F.);
#2848=ORIENTED_EDGE('',*,*,#1940,.T.);
#2849=CARTESIAN_POINT('',(102.056883378,-82.000713588,93.679640309));
#2850=DIRECTION('',(-0.707106781,-0.707106781,-0.));
#2851=VECTOR('',#2850,1.414213562);
#2852=LINE('',#2849,#2851);
#2853=EDGE_CURVE('',#2712,#1926,#2852,.T.);
#2854=ORIENTED_EDGE('',*,*,#2853,.F.);
#2855=ORIENTED_EDGE('',*,*,#2717,.T.);
#2856=CARTESIAN_POINT('',(102.056883378,-82.000713588,21.540531749));
#2857=DIRECTION('',(-0.707106781,-0.707106781,-0.));
#2858=VECTOR('',#2857,1.414213562);
#2859=LINE('',#2856,#2858);
#2860=EDGE_CURVE('',#2704,#2841,#2859,.T.);
#2861=ORIENTED_EDGE('',*,*,#2860,.T.);
#2862=EDGE_LOOP('',(#2847,#2848,#2854,#2855,#2861));
#2863=FACE_BOUND('',#2862,.T.);
#2864=ADVANCED_FACE('',(#2863),#2839,.T.);
#2865=CARTESIAN_POINT('',(103.228456253,-74.657567838,93.679640309));
#2866=DIRECTION('',(-1.,0.,0.));
#2867=DIRECTION('',(0.,0.,1.));
#2868=AXIS2_PLACEMENT_3D('',#2865,#2866,#2867);
#2869=CONICAL_SURFACE('',#2868,6.171572875,45.);
#2870=ORIENTED_EDGE('',*,*,#1932,.F.);
#2871=CARTESIAN_POINT('',(102.056883378,-74.657567838,101.02278606));
#2872=DIRECTION('',(-0.707106781,0.,0.707106781));
#2873=VECTOR('',#2872,1.414213562);
#2874=LINE('',#2871,#2873);
#2875=EDGE_CURVE('',#2360,#1918,#2874,.T.);
#2876=ORIENTED_EDGE('',*,*,#2875,.F.);
#2877=ORIENTED_EDGE('',*,*,#2724,.T.);
#2878=ORIENTED_EDGE('',*,*,#2853,.T.);
#2879=EDGE_LOOP('',(#2870,#2876,#2877,#2878));
#2880=FACE_BOUND('',#2879,.T.);
#2881=ADVANCED_FACE('',(#2880),#2869,.F.);
#2882=CARTESIAN_POINT('',(103.228456253,0.70569171,99.851213185));
#2883=DIRECTION('',(-0.707106781,0.,-0.707106781));
#2884=DIRECTION('',(0.,-1.,0.));
#2885=AXIS2_PLACEMENT_3D('',#2882,#2883,#2884);
#2886=PLANE('',#2885);
#2887=ORIENTED_EDGE('',*,*,#1923,.F.);
#2888=CARTESIAN_POINT('',(101.056883378,1.104339258,102.02278606));
#2889=DIRECTION('',(0.707106781,-0.,-0.707106781));
#2890=VECTOR('',#2889,1.414213562);
#2891=LINE('',#2888,#2890);
#2892=EDGE_CURVE('',#1910,#2358,#2891,.T.);
#2893=ORIENTED_EDGE('',*,*,#2892,.T.);
#2894=ORIENTED_EDGE('',*,*,#2365,.T.);
#2895=ORIENTED_EDGE('',*,*,#2875,.T.);
#2896=EDGE_LOOP('',(#2887,#2893,#2894,#2895));
#2897=FACE_BOUND('',#2896,.T.);
#2898=ADVANCED_FACE('',(#2897),#2886,.T.);
#2899=CARTESIAN_POINT('',(1.056883378,97.068951258,6.040531749));
#2900=DIRECTION('',(0.,1.,0.));
#2901=DIRECTION('',(0.,0.,1.));
#2902=AXIS2_PLACEMENT_3D('',#2899,#2900,#2901);
#2903=PLANE('',#2902);
#2904=ORIENTED_EDGE('',*,*,#1168,.F.);
#2905=ORIENTED_EDGE('',*,*,#625,.T.);
#2906=CARTESIAN_POINT('',(101.056883378,97.068951258,103.679640309));
#2907=DIRECTION('',(1.,0.,-0.));
#2908=VECTOR('',#2907,4.);
#2909=LINE('',#2906,#2908);
#2910=EDGE_CURVE('',#611,#907,#2909,.T.);
#2911=ORIENTED_EDGE('',*,*,#2910,.T.);
#2912=ORIENTED_EDGE('',*,*,#912,.T.);
#2913=ORIENTED_EDGE('',*,*,#2019,.F.);
#2914=CARTESIAN_POINT('',(106.056883378,97.068951258,20.540531749));
#2915=DIRECTION('',(-1.,0.,0.));
#2916=VECTOR('',#2915,1.7);
#2917=LINE('',#2914,#2916);
#2918=EDGE_CURVE('',#2008,#2735,#2917,.T.);
#2919=ORIENTED_EDGE('',*,*,#2918,.T.);
#2920=ORIENTED_EDGE('',*,*,#2764,.F.);
#2921=CARTESIAN_POINT('',(102.056883378,97.068951258,21.540531749));
#2922=DIRECTION('',(1.,0.,-0.));
#2923=VECTOR('',#2922,2.3);
#2924=LINE('',#2921,#2923);
#2925=EDGE_CURVE('',#2696,#2753,#2924,.T.);
#2926=ORIENTED_EDGE('',*,*,#2925,.F.);
#2927=ORIENTED_EDGE('',*,*,#2701,.F.);
#2928=EDGE_LOOP('',(#2904,#2905,#2911,#2912,#2913,#2919,#2920,#2926,#2927));
#2929=FACE_BOUND('',#2928,.T.);
#2930=ADVANCED_FACE('',(#2929),#2903,.T.);
#2931=CARTESIAN_POINT('',(1.056883378,93.068951258,103.679640309));
#2932=DIRECTION('',(1.,0.,0.));
#2933=DIRECTION('',(0.,0.,-1.));
#2934=AXIS2_PLACEMENT_3D('',#2931,#2932,#2933);
#2935=CYLINDRICAL_SURFACE('',#2934,4.);
#2936=ORIENTED_EDGE('',*,*,#2910,.F.);
#2937=ORIENTED_EDGE('',*,*,#617,.T.);
#2938=ORIENTED_EDGE('',*,*,#919,.F.);
#2939=EDGE_LOOP('',(#2936,#2937,#2938));
#2940=FACE_BOUND('',#2939,.T.);
#2941=ADVANCED_FACE('',(#2940),#2935,.T.);
#2942=CARTESIAN_POINT('',(1.056883378,-86.157567838,21.540531749));
#2943=DIRECTION('',(0.,-0.,1.));
#2944=DIRECTION('',(0.,-1.,-0.));
#2945=AXIS2_PLACEMENT_3D('',#2942,#2943,#2944);
#2946=PLANE('',#2945);
#2947=CARTESIAN_POINT('',(99.400029128,-86.253404782,21.540531749));
#2948=VERTEX_POINT('',#2947);
#2949=CARTESIAN_POINT('',(99.400029128,-84.700713588,21.540531749));
#2950=VERTEX_POINT('',#2949);
#2951=CARTESIAN_POINT('',(99.400029128,-86.253404782,21.540531749));
#2952=DIRECTION('',(-0.,1.,-0.));
#2953=VECTOR('',#2952,1.552691193);
#2954=LINE('',#2951,#2953);
#2955=EDGE_CURVE('',#2948,#2950,#2954,.T.);
#2956=ORIENTED_EDGE('',*,*,#2955,.T.);
#2957=CARTESIAN_POINT('',(101.050029128,-83.000713588,21.540531749));
#2958=VERTEX_POINT('',#2957);
#2959=CARTESIAN_POINT('',(99.400029128,-84.700713588,21.540531749));
#2960=DIRECTION('',(0.696475377,0.717580692,0.));
#2961=VECTOR('',#2960,2.369071548);
#2962=LINE('',#2959,#2961);
#2963=EDGE_CURVE('',#2950,#2958,#2962,.T.);
#2964=ORIENTED_EDGE('',*,*,#2963,.T.);
#2965=CARTESIAN_POINT('',(101.050029128,-83.000713588,21.540531749));
#2966=DIRECTION('',(1.,-0.,-0.));
#2967=VECTOR('',#2966,0.006854249);
#2968=LINE('',#2965,#2967);
#2969=EDGE_CURVE('',#2958,#2841,#2968,.T.);
#2970=ORIENTED_EDGE('',*,*,#2969,.T.);
#2971=ORIENTED_EDGE('',*,*,#2860,.F.);
#2972=ORIENTED_EDGE('',*,*,#2709,.T.);
#2973=ORIENTED_EDGE('',*,*,#2925,.T.);
#2974=ORIENTED_EDGE('',*,*,#2758,.T.);
#2975=ORIENTED_EDGE('',*,*,#2779,.T.);
#2976=CARTESIAN_POINT('',(101.056883378,-86.253404782,21.540531749));
#2977=DIRECTION('',(-1.,0.,0.));
#2978=VECTOR('',#2977,1.656854249);
#2979=LINE('',#2976,#2978);
#2980=EDGE_CURVE('',#1951,#2948,#2979,.T.);
#2981=ORIENTED_EDGE('',*,*,#2980,.T.);
#2982=EDGE_LOOP('',(#2956,#2964,#2970,#2971,#2972,#2973,#2974,#2975,#2981));
#2983=FACE_BOUND('',#2982,.T.);
#2984=ADVANCED_FACE('',(#2983),#2946,.F.);
#2985=CARTESIAN_POINT('',(-103.943116622,207.785560179,20.540531749));
#2986=DIRECTION('',(0.,0.,-1.));
#2987=DIRECTION('',(-1.,0.,0.));
#2988=AXIS2_PLACEMENT_3D('',#2985,#2986,#2987);
#2989=PLANE('',#2988);
#2990=ORIENTED_EDGE('',*,*,#2808,.T.);
#2991=ORIENTED_EDGE('',*,*,#1970,.T.);
#2992=ORIENTED_EDGE('',*,*,#2786,.F.);
#2993=ORIENTED_EDGE('',*,*,#2742,.F.);
#2994=ORIENTED_EDGE('',*,*,#2918,.F.);
#2995=ORIENTED_EDGE('',*,*,#2013,.F.);
#2996=EDGE_LOOP('',(#2990,#2991,#2992,#2993,#2994,#2995));
#2997=FACE_BOUND('',#2996,.T.);
#2998=ADVANCED_FACE('',(#2997),#2989,.T.);
#2999=CARTESIAN_POINT('',(101.056883378,-83.000713588,93.679640309));
#3000=DIRECTION('',(0.,1.,0.));
#3001=DIRECTION('',(0.,-0.,1.));
#3002=AXIS2_PLACEMENT_3D('',#2999,#3000,#3001);
#3003=PLANE('',#3002);
#3004=ORIENTED_EDGE('',*,*,#2969,.F.);
#3005=CARTESIAN_POINT('',(101.050029128,-83.000713588,93.579640309));
#3006=VERTEX_POINT('',#3005);
#3007=CARTESIAN_POINT('',(101.050029128,-83.000713588,21.540531749));
#3008=DIRECTION('',(0.,-0.,1.));
#3009=VECTOR('',#3008,72.03910856);
#3010=LINE('',#3007,#3009);
#3011=EDGE_CURVE('',#2958,#3006,#3010,.T.);
#3012=ORIENTED_EDGE('',*,*,#3011,.T.);
#3013=CARTESIAN_POINT('',(101.050029128,-83.000713588,93.579640309));
#3014=DIRECTION('',(1.,0.,-0.));
#3015=VECTOR('',#3014,0.006854249);
#3016=LINE('',#3013,#3015);
#3017=EDGE_CURVE('',#3006,#1935,#3016,.T.);
#3018=ORIENTED_EDGE('',*,*,#3017,.T.);
#3019=ORIENTED_EDGE('',*,*,#2846,.T.);
#3020=EDGE_LOOP('',(#3004,#3012,#3018,#3019));
#3021=FACE_BOUND('',#3020,.T.);
#3022=ADVANCED_FACE('',(#3021),#3003,.T.);
#3023=CARTESIAN_POINT('',(101.056883378,-86.253404782,93.679640309));
#3024=DIRECTION('',(0.,-1.,-0.));
#3025=DIRECTION('',(0.,0.,-1.));
#3026=AXIS2_PLACEMENT_3D('',#3023,#3024,#3025);
#3027=PLANE('',#3026);
#3028=ORIENTED_EDGE('',*,*,#2980,.F.);
#3029=ORIENTED_EDGE('',*,*,#1956,.F.);
#3030=CARTESIAN_POINT('',(99.400029128,-86.253404782,93.579640309));
#3031=VERTEX_POINT('',#3030);
#3032=CARTESIAN_POINT('',(101.056883378,-86.253404782,93.579640309));
#3033=DIRECTION('',(-1.,0.,0.));
#3034=VECTOR('',#3033,1.656854249);
#3035=LINE('',#3032,#3034);
#3036=EDGE_CURVE('',#1943,#3031,#3035,.T.);
#3037=ORIENTED_EDGE('',*,*,#3036,.T.);
#3038=CARTESIAN_POINT('',(99.400029128,-86.253404782,93.579640309));
#3039=DIRECTION('',(0.,0.,-1.));
#3040=VECTOR('',#3039,72.03910856);
#3041=LINE('',#3038,#3040);
#3042=EDGE_CURVE('',#3031,#2948,#3041,.T.);
#3043=ORIENTED_EDGE('',*,*,#3042,.T.);
#3044=EDGE_LOOP('',(#3028,#3029,#3037,#3043));
#3045=FACE_BOUND('',#3044,.T.);
#3046=ADVANCED_FACE('',(#3045),#3027,.T.);
#3047=CARTESIAN_POINT('',(99.400029128,-84.657567838,93.679640309));
#3048=DIRECTION('',(-1.,0.,0.));
#3049=DIRECTION('',(0.,0.,1.));
#3050=AXIS2_PLACEMENT_3D('',#3047,#3048,#3049);
#3051=PLANE('',#3050);
#3052=CARTESIAN_POINT('',(99.400029128,-84.700713588,93.579640309));
#3053=VERTEX_POINT('',#3052);
#3054=CARTESIAN_POINT('',(99.400029128,-86.253404782,93.579640309));
#3055=DIRECTION('',(0.,1.,0.));
#3056=VECTOR('',#3055,1.552691193);
#3057=LINE('',#3054,#3056);
#3058=EDGE_CURVE('',#3031,#3053,#3057,.T.);
#3059=ORIENTED_EDGE('',*,*,#3058,.T.);
#3060=CARTESIAN_POINT('',(99.400029128,-84.700713588,93.579640309));
#3061=DIRECTION('',(0.,0.,-1.));
#3062=VECTOR('',#3061,72.03910856);
#3063=LINE('',#3060,#3062);
#3064=EDGE_CURVE('',#3053,#2950,#3063,.T.);
#3065=ORIENTED_EDGE('',*,*,#3064,.T.);
#3066=ORIENTED_EDGE('',*,*,#2955,.F.);
#3067=ORIENTED_EDGE('',*,*,#3042,.F.);
#3068=EDGE_LOOP('',(#3059,#3065,#3066,#3067));
#3069=FACE_BOUND('',#3068,.T.);
#3070=ADVANCED_FACE('',(#3069),#3051,.T.);
#3071=CARTESIAN_POINT('',(102.706883378,5.407773238,93.579640309));
#3072=DIRECTION('',(0.,0.,-1.));
#3073=DIRECTION('',(0.,1.,0.));
#3074=AXIS2_PLACEMENT_3D('',#3071,#3072,#3073);
#3075=PLANE('',#3074);
#3076=ORIENTED_EDGE('',*,*,#3017,.F.);
#3077=CARTESIAN_POINT('',(101.050029128,-83.000713588,93.579640309));
#3078=DIRECTION('',(-0.696475377,-0.717580692,-0.));
#3079=VECTOR('',#3078,2.369071548);
#3080=LINE('',#3077,#3079);
#3081=EDGE_CURVE('',#3006,#3053,#3080,.T.);
#3082=ORIENTED_EDGE('',*,*,#3081,.T.);
#3083=ORIENTED_EDGE('',*,*,#3058,.F.);
#3084=ORIENTED_EDGE('',*,*,#3036,.F.);
#3085=ORIENTED_EDGE('',*,*,#1948,.F.);
#3086=EDGE_LOOP('',(#3076,#3082,#3083,#3084,#3085));
#3087=FACE_BOUND('',#3086,.T.);
#3088=ADVANCED_FACE('',(#3087),#3075,.F.);
#3089=CARTESIAN_POINT('',(99.400029128,-84.700713588,93.679640309));
#3090=DIRECTION('',(0.717580692,-0.696475377,-0.));
#3091=DIRECTION('',(-0.,0.,-1.));
#3092=AXIS2_PLACEMENT_3D('',#3089,#3090,#3091);
#3093=PLANE('',#3092);
#3094=ORIENTED_EDGE('',*,*,#3081,.F.);
#3095=ORIENTED_EDGE('',*,*,#3011,.F.);
#3096=ORIENTED_EDGE('',*,*,#2963,.F.);
#3097=ORIENTED_EDGE('',*,*,#3064,.F.);
#3098=EDGE_LOOP('',(#3094,#3095,#3096,#3097));
#3099=FACE_BOUND('',#3098,.T.);
#3100=ADVANCED_FACE('',(#3099),#3093,.F.);
#3101=CARTESIAN_POINT('',(98.056883378,85.342432162,102.079640309));
#3102=DIRECTION('',(0.,0.,-1.));
#3103=DIRECTION('',(-1.,0.,0.));
#3104=AXIS2_PLACEMENT_3D('',#3101,#3102,#3103);
#3105=PLANE('',#3104);
#3106=CARTESIAN_POINT('',(98.056883378,1.104339258,102.079640309));
#3107=VERTEX_POINT('',#3106);
#3108=CARTESIAN_POINT('',(101.056883378,1.104339258,102.079640309));
#3109=DIRECTION('',(-1.,0.,0.));
#3110=VECTOR('',#3109,3.);
#3111=LINE('',#3108,#3110);
#3112=EDGE_CURVE('',#1902,#3107,#3111,.T.);
#3113=ORIENTED_EDGE('',*,*,#3112,.F.);
#3114=ORIENTED_EDGE('',*,*,#1907,.T.);
#3115=CARTESIAN_POINT('',(98.056883378,-74.357567838,102.079640309));
#3116=VERTEX_POINT('',#3115);
#3117=CARTESIAN_POINT('',(98.056883378,-74.357567838,102.079640309));
#3118=DIRECTION('',(1.,0.,-0.));
#3119=VECTOR('',#3118,3.);
#3120=LINE('',#3117,#3119);
#3121=EDGE_CURVE('',#3116,#1894,#3120,.T.);
#3122=ORIENTED_EDGE('',*,*,#3121,.F.);
#3123=CARTESIAN_POINT('',(98.056883378,1.104339258,102.079640309));
#3124=DIRECTION('',(0.,-1.,0.));
#3125=VECTOR('',#3124,75.461907095);
#3126=LINE('',#3123,#3125);
#3127=EDGE_CURVE('',#3107,#3116,#3126,.T.);
#3128=ORIENTED_EDGE('',*,*,#3127,.F.);
#3129=EDGE_LOOP('',(#3113,#3114,#3122,#3128));
#3130=FACE_BOUND('',#3129,.T.);
#3131=ADVANCED_FACE('',(#3130),#3105,.T.);
#3132=CARTESIAN_POINT('',(98.056883378,85.342432162,103.679640309));
#3133=DIRECTION('',(-1.,0.,0.));
#3134=DIRECTION('',(0.,0.,1.));
#3135=AXIS2_PLACEMENT_3D('',#3132,#3133,#3134);
#3136=PLANE('',#3135);
#3137=CARTESIAN_POINT('',(98.056883378,1.104339258,103.679640309));
#3138=VERTEX_POINT('',#3137);
#3139=CARTESIAN_POINT('',(98.056883378,1.104339258,102.079640309));
#3140=DIRECTION('',(0.,0.,1.));
#3141=VECTOR('',#3140,1.6);
#3142=LINE('',#3139,#3141);
#3143=EDGE_CURVE('',#3107,#3138,#3142,.T.);
#3144=ORIENTED_EDGE('',*,*,#3143,.F.);
#3145=ORIENTED_EDGE('',*,*,#3127,.T.);
#3146=CARTESIAN_POINT('',(98.056883378,-74.357567838,103.679640309));
#3147=VERTEX_POINT('',#3146);
#3148=CARTESIAN_POINT('',(98.056883378,-74.357567838,103.679640309));
#3149=DIRECTION('',(0.,0.,-1.));
#3150=VECTOR('',#3149,1.6);
#3151=LINE('',#3148,#3150);
#3152=EDGE_CURVE('',#3147,#3116,#3151,.T.);
#3153=ORIENTED_EDGE('',*,*,#3152,.F.);
#3154=CARTESIAN_POINT('',(98.056883378,1.104339258,103.679640309));
#3155=DIRECTION('',(0.,-1.,0.));
#3156=VECTOR('',#3155,75.461907095);
#3157=LINE('',#3154,#3156);
#3158=EDGE_CURVE('',#3138,#3147,#3157,.T.);
#3159=ORIENTED_EDGE('',*,*,#3158,.F.);
#3160=EDGE_LOOP('',(#3144,#3145,#3153,#3159));
#3161=FACE_BOUND('',#3160,.T.);
#3162=ADVANCED_FACE('',(#3161),#3136,.T.);
#3163=CARTESIAN_POINT('',(101.056883378,85.342432162,103.679640309));
#3164=DIRECTION('',(0.,0.,1.));
#3165=DIRECTION('',(1.,0.,0.));
#3166=AXIS2_PLACEMENT_3D('',#3163,#3164,#3165);
#3167=PLANE('',#3166);
#3168=CARTESIAN_POINT('',(98.056883378,1.104339258,103.679640309));
#3169=DIRECTION('',(1.,0.,-0.));
#3170=VECTOR('',#3169,3.);
#3171=LINE('',#3168,#3170);
#3172=EDGE_CURVE('',#3138,#1878,#3171,.T.);
#3173=ORIENTED_EDGE('',*,*,#3172,.F.);
#3174=ORIENTED_EDGE('',*,*,#3158,.T.);
#3175=CARTESIAN_POINT('',(101.056883378,-74.357567838,103.679640309));
#3176=DIRECTION('',(-1.,0.,0.));
#3177=VECTOR('',#3176,3.);
#3178=LINE('',#3175,#3177);
#3179=EDGE_CURVE('',#1886,#3147,#3178,.T.);
#3180=ORIENTED_EDGE('',*,*,#3179,.F.);
#3181=ORIENTED_EDGE('',*,*,#1891,.F.);
#3182=EDGE_LOOP('',(#3173,#3174,#3180,#3181));
#3183=FACE_BOUND('',#3182,.T.);
#3184=ADVANCED_FACE('',(#3183),#3167,.T.);
#3185=CARTESIAN_POINT('',(-97.443116622,85.342432162,102.879640309));
#3186=DIRECTION('',(0.,1.,0.));
#3187=DIRECTION('',(0.,0.,1.));
#3188=AXIS2_PLACEMENT_3D('',#3185,#3186,#3187);
#3189=PLANE('',#3188);
#3190=ORIENTED_EDGE('',*,*,#657,.F.);
#3191=ORIENTED_EDGE('',*,*,#1415,.F.);
#3192=ORIENTED_EDGE('',*,*,#1663,.F.);
#3193=ORIENTED_EDGE('',*,*,#1839,.F.);
#3194=EDGE_LOOP('',(#3190,#3191,#3192,#3193));
#3195=FACE_BOUND('',#3194,.T.);
#3196=ADVANCED_FACE('',(#3195),#3189,.T.);
#3197=CARTESIAN_POINT('',(-97.443116622,-74.357567838,102.879640309));
#3198=DIRECTION('',(0.,1.,0.));
#3199=DIRECTION('',(0.,0.,1.));
#3200=AXIS2_PLACEMENT_3D('',#3197,#3198,#3199);
#3201=PLANE('',#3200);
#3202=ORIENTED_EDGE('',*,*,#1899,.T.);
#3203=ORIENTED_EDGE('',*,*,#3179,.T.);
#3204=ORIENTED_EDGE('',*,*,#3152,.T.);
#3205=ORIENTED_EDGE('',*,*,#3121,.T.);
#3206=EDGE_LOOP('',(#3202,#3203,#3204,#3205));
#3207=FACE_BOUND('',#3206,.T.);
#3208=ADVANCED_FACE('',(#3207),#3201,.F.);
#3209=CARTESIAN_POINT('',(120.468650466,73.354339258,68.461336163));
#3210=DIRECTION('',(0.,0.,-1.));
#3211=DIRECTION('',(-1.,0.,0.));
#3212=AXIS2_PLACEMENT_3D('',#3209,#3210,#3211);
#3213=PLANE('',#3212);
#3214=ORIENTED_EDGE('',*,*,#2045,.T.);
#3215=CARTESIAN_POINT('',(102.056883378,73.404339258,68.461336163));
#3216=DIRECTION('',(1.,-0.,-0.));
#3217=VECTOR('',#3216,4.);
#3218=LINE('',#3215,#3217);
#3219=EDGE_CURVE('',#2672,#2031,#3218,.T.);
#3220=ORIENTED_EDGE('',*,*,#3219,.F.);
#3221=ORIENTED_EDGE('',*,*,#2677,.F.);
#3222=CARTESIAN_POINT('',(106.056883378,73.304339258,68.461336163));
#3223=DIRECTION('',(-1.,-0.,0.));
#3224=VECTOR('',#3223,4.);
#3225=LINE('',#3222,#3224);
#3226=EDGE_CURVE('',#2040,#2663,#3225,.T.);
#3227=ORIENTED_EDGE('',*,*,#3226,.F.);
#3228=EDGE_LOOP('',(#3214,#3220,#3221,#3227));
#3229=FACE_BOUND('',#3228,.T.);
#3230=ADVANCED_FACE('',(#3229),#3213,.F.);
#3231=CARTESIAN_POINT('',(120.468650466,73.304339258,70.661336163));
#3232=DIRECTION('',(1.,0.,0.));
#3233=DIRECTION('',(0.,0.,-1.));
#3234=AXIS2_PLACEMENT_3D('',#3231,#3232,#3233);
#3235=CYLINDRICAL_SURFACE('',#3234,2.2);
#3236=ORIENTED_EDGE('',*,*,#2054,.T.);
#3237=ORIENTED_EDGE('',*,*,#3226,.T.);
#3238=ORIENTED_EDGE('',*,*,#2669,.F.);
#3239=CARTESIAN_POINT('',(102.056883378,71.104339258,70.661336163));
#3240=DIRECTION('',(1.,0.,-0.));
#3241=VECTOR('',#3240,4.);
#3242=LINE('',#3239,#3241);
#3243=EDGE_CURVE('',#2655,#2048,#3242,.T.);
#3244=ORIENTED_EDGE('',*,*,#3243,.T.);
#3245=EDGE_LOOP('',(#3236,#3237,#3238,#3244));
#3246=FACE_BOUND('',#3245,.T.);
#3247=ADVANCED_FACE('',(#3246),#3235,.F.);
#3248=CARTESIAN_POINT('',(120.468650466,73.404339258,70.661336163));
#3249=DIRECTION('',(-1.,0.,0.));
#3250=DIRECTION('',(0.,0.,1.));
#3251=AXIS2_PLACEMENT_3D('',#3248,#3249,#3250);
#3252=CYLINDRICAL_SURFACE('',#3251,2.2);
#3253=ORIENTED_EDGE('',*,*,#2037,.T.);
#3254=CARTESIAN_POINT('',(106.056883378,75.604339258,70.661336163));
#3255=DIRECTION('',(-1.,0.,0.));
#3256=VECTOR('',#3255,4.);
#3257=LINE('',#3254,#3256);
#3258=EDGE_CURVE('',#2023,#2680,#3257,.T.);
#3259=ORIENTED_EDGE('',*,*,#3258,.T.);
#3260=ORIENTED_EDGE('',*,*,#2686,.F.);
#3261=ORIENTED_EDGE('',*,*,#3219,.T.);
#3262=EDGE_LOOP('',(#3253,#3259,#3260,#3261));
#3263=FACE_BOUND('',#3262,.T.);
#3264=ADVANCED_FACE('',(#3263),#3252,.F.);
#3265=CARTESIAN_POINT('',(120.468650466,75.604339258,68.461336163));
#3266=DIRECTION('',(0.,1.,0.));
#3267=DIRECTION('',(0.,0.,1.));
#3268=AXIS2_PLACEMENT_3D('',#3265,#3266,#3267);
#3269=PLANE('',#3268);
#3270=ORIENTED_EDGE('',*,*,#2028,.T.);
#3271=ORIENTED_EDGE('',*,*,#896,.T.);
#3272=ORIENTED_EDGE('',*,*,#600,.T.);
#3273=ORIENTED_EDGE('',*,*,#1832,.T.);
#3274=ORIENTED_EDGE('',*,*,#1649,.T.);
#3275=ORIENTED_EDGE('',*,*,#1401,.T.);
#3276=ORIENTED_EDGE('',*,*,#641,.T.);
#3277=ORIENTED_EDGE('',*,*,#1161,.F.);
#3278=ORIENTED_EDGE('',*,*,#2692,.F.);
#3279=ORIENTED_EDGE('',*,*,#3258,.F.);
#3280=EDGE_LOOP('',(#3270,#3271,#3272,#3273,#3274,#3275,#3276,#3277,#3278,#3279));
#3281=FACE_BOUND('',#3280,.T.);
#3282=ADVANCED_FACE('',(#3281),#3269,.F.);
#3283=CARTESIAN_POINT('',(120.468650466,71.104339258,68.461336163));
#3284=DIRECTION('',(0.,-1.,0.));
#3285=DIRECTION('',(0.,0.,-1.));
#3286=AXIS2_PLACEMENT_3D('',#3283,#3284,#3285);
#3287=PLANE('',#3286);
#3288=ORIENTED_EDGE('',*,*,#2060,.T.);
#3289=ORIENTED_EDGE('',*,*,#3243,.F.);
#3290=ORIENTED_EDGE('',*,*,#2660,.F.);
#3291=ORIENTED_EDGE('',*,*,#1137,.F.);
#3292=ORIENTED_EDGE('',*,*,#536,.T.);
#3293=ORIENTED_EDGE('',*,*,#1384,.T.);
#3294=ORIENTED_EDGE('',*,*,#1632,.T.);
#3295=ORIENTED_EDGE('',*,*,#1817,.T.);
#3296=ORIENTED_EDGE('',*,*,#576,.T.);
#3297=ORIENTED_EDGE('',*,*,#879,.T.);
#3298=EDGE_LOOP('',(#3288,#3289,#3290,#3291,#3292,#3293,#3294,#3295,#3296,#3297));
#3299=FACE_BOUND('',#3298,.T.);
#3300=ADVANCED_FACE('',(#3299),#3287,.F.);
#3301=CARTESIAN_POINT('',(120.468650466,63.354339258,68.461336163));
#3302=DIRECTION('',(0.,0.,-1.));
#3303=DIRECTION('',(-1.,0.,0.));
#3304=AXIS2_PLACEMENT_3D('',#3301,#3302,#3303);
#3305=PLANE('',#3304);
#3306=ORIENTED_EDGE('',*,*,#2086,.T.);
#3307=CARTESIAN_POINT('',(102.056883378,63.404339258,68.461336163));
#3308=DIRECTION('',(1.,-0.,-0.));
#3309=VECTOR('',#3308,4.);
#3310=LINE('',#3307,#3309);
#3311=EDGE_CURVE('',#2631,#2072,#3310,.T.);
#3312=ORIENTED_EDGE('',*,*,#3311,.F.);
#3313=ORIENTED_EDGE('',*,*,#2636,.F.);
#3314=CARTESIAN_POINT('',(106.056883378,63.304339258,68.461336163));
#3315=DIRECTION('',(-1.,-0.,0.));
#3316=VECTOR('',#3315,4.);
#3317=LINE('',#3314,#3316);
#3318=EDGE_CURVE('',#2081,#2622,#3317,.T.);
#3319=ORIENTED_EDGE('',*,*,#3318,.F.);
#3320=EDGE_LOOP('',(#3306,#3312,#3313,#3319));
#3321=FACE_BOUND('',#3320,.T.);
#3322=ADVANCED_FACE('',(#3321),#3305,.F.);
#3323=CARTESIAN_POINT('',(120.468650466,63.304339258,70.661336163));
#3324=DIRECTION('',(1.,0.,0.));
#3325=DIRECTION('',(0.,0.,-1.));
#3326=AXIS2_PLACEMENT_3D('',#3323,#3324,#3325);
#3327=CYLINDRICAL_SURFACE('',#3326,2.2);
#3328=ORIENTED_EDGE('',*,*,#2095,.T.);
#3329=ORIENTED_EDGE('',*,*,#3318,.T.);
#3330=ORIENTED_EDGE('',*,*,#2628,.F.);
#3331=CARTESIAN_POINT('',(102.056883378,61.104339258,70.661336163));
#3332=DIRECTION('',(1.,0.,-0.));
#3333=VECTOR('',#3332,4.);
#3334=LINE('',#3331,#3333);
#3335=EDGE_CURVE('',#2614,#2089,#3334,.T.);
#3336=ORIENTED_EDGE('',*,*,#3335,.T.);
#3337=EDGE_LOOP('',(#3328,#3329,#3330,#3336));
#3338=FACE_BOUND('',#3337,.T.);
#3339=ADVANCED_FACE('',(#3338),#3327,.F.);
#3340=CARTESIAN_POINT('',(120.468650466,63.404339258,70.661336163));
#3341=DIRECTION('',(-1.,0.,0.));
#3342=DIRECTION('',(0.,0.,1.));
#3343=AXIS2_PLACEMENT_3D('',#3340,#3341,#3342);
#3344=CYLINDRICAL_SURFACE('',#3343,2.2);
#3345=ORIENTED_EDGE('',*,*,#2078,.T.);
#3346=CARTESIAN_POINT('',(106.056883378,65.604339258,70.661336163));
#3347=DIRECTION('',(-1.,0.,0.));
#3348=VECTOR('',#3347,4.);
#3349=LINE('',#3346,#3348);
#3350=EDGE_CURVE('',#2064,#2639,#3349,.T.);
#3351=ORIENTED_EDGE('',*,*,#3350,.T.);
#3352=ORIENTED_EDGE('',*,*,#2645,.F.);
#3353=ORIENTED_EDGE('',*,*,#3311,.T.);
#3354=EDGE_LOOP('',(#3345,#3351,#3352,#3353));
#3355=FACE_BOUND('',#3354,.T.);
#3356=ADVANCED_FACE('',(#3355),#3344,.F.);
#3357=CARTESIAN_POINT('',(120.468650466,65.604339258,68.461336163));
#3358=DIRECTION('',(0.,1.,0.));
#3359=DIRECTION('',(0.,0.,1.));
#3360=AXIS2_PLACEMENT_3D('',#3357,#3358,#3359);
#3361=PLANE('',#3360);
#3362=ORIENTED_EDGE('',*,*,#2069,.T.);
#3363=ORIENTED_EDGE('',*,*,#865,.T.);
#3364=ORIENTED_EDGE('',*,*,#560,.T.);
#3365=ORIENTED_EDGE('',*,*,#1810,.T.);
#3366=ORIENTED_EDGE('',*,*,#1618,.T.);
#3367=ORIENTED_EDGE('',*,*,#1370,.T.);
#3368=ORIENTED_EDGE('',*,*,#520,.T.);
#3369=ORIENTED_EDGE('',*,*,#1130,.F.);
#3370=ORIENTED_EDGE('',*,*,#2651,.F.);
#3371=ORIENTED_EDGE('',*,*,#3350,.F.);
#3372=EDGE_LOOP('',(#3362,#3363,#3364,#3365,#3366,#3367,#3368,#3369,#3370,#3371));
#3373=FACE_BOUND('',#3372,.T.);
#3374=ADVANCED_FACE('',(#3373),#3361,.F.);
#3375=CARTESIAN_POINT('',(120.468650466,61.104339258,68.461336163));
#3376=DIRECTION('',(0.,-1.,0.));
#3377=DIRECTION('',(0.,0.,-1.));
#3378=AXIS2_PLACEMENT_3D('',#3375,#3376,#3377);
#3379=PLANE('',#3378);
#3380=ORIENTED_EDGE('',*,*,#2101,.T.);
#3381=ORIENTED_EDGE('',*,*,#3335,.F.);
#3382=ORIENTED_EDGE('',*,*,#2619,.F.);
#3383=ORIENTED_EDGE('',*,*,#1106,.F.);
#3384=ORIENTED_EDGE('',*,*,#456,.T.);
#3385=ORIENTED_EDGE('',*,*,#1353,.T.);
#3386=ORIENTED_EDGE('',*,*,#1601,.T.);
#3387=ORIENTED_EDGE('',*,*,#1795,.T.);
#3388=ORIENTED_EDGE('',*,*,#496,.T.);
#3389=ORIENTED_EDGE('',*,*,#848,.T.);
#3390=EDGE_LOOP('',(#3380,#3381,#3382,#3383,#3384,#3385,#3386,#3387,#3388,#3389));
#3391=FACE_BOUND('',#3390,.T.);
#3392=ADVANCED_FACE('',(#3391),#3379,.F.);
#3393=CARTESIAN_POINT('',(120.468650466,53.354339258,68.461336163));
#3394=DIRECTION('',(0.,0.,-1.));
#3395=DIRECTION('',(-1.,0.,0.));
#3396=AXIS2_PLACEMENT_3D('',#3393,#3394,#3395);
#3397=PLANE('',#3396);
#3398=ORIENTED_EDGE('',*,*,#2127,.T.);
#3399=CARTESIAN_POINT('',(102.056883378,53.404339258,68.461336163));
#3400=DIRECTION('',(1.,-0.,-0.));
#3401=VECTOR('',#3400,4.);
#3402=LINE('',#3399,#3401);
#3403=EDGE_CURVE('',#2590,#2113,#3402,.T.);
#3404=ORIENTED_EDGE('',*,*,#3403,.F.);
#3405=ORIENTED_EDGE('',*,*,#2595,.F.);
#3406=CARTESIAN_POINT('',(106.056883378,53.304339258,68.461336163));
#3407=DIRECTION('',(-1.,-0.,0.));
#3408=VECTOR('',#3407,4.);
#3409=LINE('',#3406,#3408);
#3410=EDGE_CURVE('',#2122,#2581,#3409,.T.);
#3411=ORIENTED_EDGE('',*,*,#3410,.F.);
#3412=EDGE_LOOP('',(#3398,#3404,#3405,#3411));
#3413=FACE_BOUND('',#3412,.T.);
#3414=ADVANCED_FACE('',(#3413),#3397,.F.);
#3415=CARTESIAN_POINT('',(120.468650466,53.304339258,70.661336163));
#3416=DIRECTION('',(1.,0.,0.));
#3417=DIRECTION('',(0.,0.,-1.));
#3418=AXIS2_PLACEMENT_3D('',#3415,#3416,#3417);
#3419=CYLINDRICAL_SURFACE('',#3418,2.2);
#3420=ORIENTED_EDGE('',*,*,#2136,.T.);
#3421=ORIENTED_EDGE('',*,*,#3410,.T.);
#3422=ORIENTED_EDGE('',*,*,#2587,.F.);
#3423=CARTESIAN_POINT('',(102.056883378,51.104339258,70.661336163));
#3424=DIRECTION('',(1.,0.,-0.));
#3425=VECTOR('',#3424,4.);
#3426=LINE('',#3423,#3425);
#3427=EDGE_CURVE('',#2573,#2130,#3426,.T.);
#3428=ORIENTED_EDGE('',*,*,#3427,.T.);
#3429=EDGE_LOOP('',(#3420,#3421,#3422,#3428));
#3430=FACE_BOUND('',#3429,.T.);
#3431=ADVANCED_FACE('',(#3430),#3419,.F.);
#3432=CARTESIAN_POINT('',(120.468650466,53.404339258,70.661336163));
#3433=DIRECTION('',(-1.,0.,0.));
#3434=DIRECTION('',(0.,0.,1.));
#3435=AXIS2_PLACEMENT_3D('',#3432,#3433,#3434);
#3436=CYLINDRICAL_SURFACE('',#3435,2.2);
#3437=ORIENTED_EDGE('',*,*,#2119,.T.);
#3438=CARTESIAN_POINT('',(106.056883378,55.604339258,70.661336163));
#3439=DIRECTION('',(-1.,0.,0.));
#3440=VECTOR('',#3439,4.);
#3441=LINE('',#3438,#3440);
#3442=EDGE_CURVE('',#2105,#2598,#3441,.T.);
#3443=ORIENTED_EDGE('',*,*,#3442,.T.);
#3444=ORIENTED_EDGE('',*,*,#2604,.F.);
#3445=ORIENTED_EDGE('',*,*,#3403,.T.);
#3446=EDGE_LOOP('',(#3437,#3443,#3444,#3445));
#3447=FACE_BOUND('',#3446,.T.);
#3448=ADVANCED_FACE('',(#3447),#3436,.F.);
#3449=CARTESIAN_POINT('',(120.468650466,55.604339258,68.461336163));
#3450=DIRECTION('',(0.,1.,0.));
#3451=DIRECTION('',(0.,0.,1.));
#3452=AXIS2_PLACEMENT_3D('',#3449,#3450,#3451);
#3453=PLANE('',#3452);
#3454=ORIENTED_EDGE('',*,*,#2110,.T.);
#3455=ORIENTED_EDGE('',*,*,#834,.T.);
#3456=ORIENTED_EDGE('',*,*,#480,.T.);
#3457=ORIENTED_EDGE('',*,*,#1788,.T.);
#3458=ORIENTED_EDGE('',*,*,#1587,.T.);
#3459=ORIENTED_EDGE('',*,*,#1339,.T.);
#3460=ORIENTED_EDGE('',*,*,#440,.T.);
#3461=ORIENTED_EDGE('',*,*,#1099,.F.);
#3462=ORIENTED_EDGE('',*,*,#2610,.F.);
#3463=ORIENTED_EDGE('',*,*,#3442,.F.);
#3464=EDGE_LOOP('',(#3454,#3455,#3456,#3457,#3458,#3459,#3460,#3461,#3462,#3463));
#3465=FACE_BOUND('',#3464,.T.);
#3466=ADVANCED_FACE('',(#3465),#3453,.F.);
#3467=CARTESIAN_POINT('',(120.468650466,51.104339258,68.461336163));
#3468=DIRECTION('',(0.,-1.,0.));
#3469=DIRECTION('',(0.,0.,-1.));
#3470=AXIS2_PLACEMENT_3D('',#3467,#3468,#3469);
#3471=PLANE('',#3470);
#3472=ORIENTED_EDGE('',*,*,#2142,.T.);
#3473=ORIENTED_EDGE('',*,*,#3427,.F.);
#3474=ORIENTED_EDGE('',*,*,#2578,.F.);
#3475=ORIENTED_EDGE('',*,*,#1075,.F.);
#3476=ORIENTED_EDGE('',*,*,#376,.T.);
#3477=ORIENTED_EDGE('',*,*,#1322,.T.);
#3478=ORIENTED_EDGE('',*,*,#1570,.T.);
#3479=ORIENTED_EDGE('',*,*,#1773,.T.);
#3480=ORIENTED_EDGE('',*,*,#416,.T.);
#3481=ORIENTED_EDGE('',*,*,#817,.T.);
#3482=EDGE_LOOP('',(#3472,#3473,#3474,#3475,#3476,#3477,#3478,#3479,#3480,#3481));
#3483=FACE_BOUND('',#3482,.T.);
#3484=ADVANCED_FACE('',(#3483),#3471,.F.);
#3485=CARTESIAN_POINT('',(120.468650466,43.354339258,68.461336163));
#3486=DIRECTION('',(0.,0.,-1.));
#3487=DIRECTION('',(-1.,0.,0.));
#3488=AXIS2_PLACEMENT_3D('',#3485,#3486,#3487);
#3489=PLANE('',#3488);
#3490=ORIENTED_EDGE('',*,*,#2168,.T.);
#3491=CARTESIAN_POINT('',(102.056883378,43.404339258,68.461336163));
#3492=DIRECTION('',(1.,-0.,-0.));
#3493=VECTOR('',#3492,4.);
#3494=LINE('',#3491,#3493);
#3495=EDGE_CURVE('',#2549,#2154,#3494,.T.);
#3496=ORIENTED_EDGE('',*,*,#3495,.F.);
#3497=ORIENTED_EDGE('',*,*,#2554,.F.);
#3498=CARTESIAN_POINT('',(106.056883378,43.304339258,68.461336163));
#3499=DIRECTION('',(-1.,-0.,0.));
#3500=VECTOR('',#3499,4.);
#3501=LINE('',#3498,#3500);
#3502=EDGE_CURVE('',#2163,#2540,#3501,.T.);
#3503=ORIENTED_EDGE('',*,*,#3502,.F.);
#3504=EDGE_LOOP('',(#3490,#3496,#3497,#3503));
#3505=FACE_BOUND('',#3504,.T.);
#3506=ADVANCED_FACE('',(#3505),#3489,.F.);
#3507=CARTESIAN_POINT('',(120.468650466,43.304339258,70.661336163));
#3508=DIRECTION('',(1.,0.,0.));
#3509=DIRECTION('',(0.,0.,-1.));
#3510=AXIS2_PLACEMENT_3D('',#3507,#3508,#3509);
#3511=CYLINDRICAL_SURFACE('',#3510,2.2);
#3512=ORIENTED_EDGE('',*,*,#2177,.T.);
#3513=ORIENTED_EDGE('',*,*,#3502,.T.);
#3514=ORIENTED_EDGE('',*,*,#2546,.F.);
#3515=CARTESIAN_POINT('',(102.056883378,41.104339258,70.661336163));
#3516=DIRECTION('',(1.,0.,-0.));
#3517=VECTOR('',#3516,4.);
#3518=LINE('',#3515,#3517);
#3519=EDGE_CURVE('',#2532,#2171,#3518,.T.);
#3520=ORIENTED_EDGE('',*,*,#3519,.T.);
#3521=EDGE_LOOP('',(#3512,#3513,#3514,#3520));
#3522=FACE_BOUND('',#3521,.T.);
#3523=ADVANCED_FACE('',(#3522),#3511,.F.);
#3524=CARTESIAN_POINT('',(120.468650466,43.404339258,70.661336163));
#3525=DIRECTION('',(-1.,0.,0.));
#3526=DIRECTION('',(0.,0.,1.));
#3527=AXIS2_PLACEMENT_3D('',#3524,#3525,#3526);
#3528=CYLINDRICAL_SURFACE('',#3527,2.2);
#3529=ORIENTED_EDGE('',*,*,#2160,.T.);
#3530=CARTESIAN_POINT('',(106.056883378,45.604339258,70.661336163));
#3531=DIRECTION('',(-1.,0.,0.));
#3532=VECTOR('',#3531,4.);
#3533=LINE('',#3530,#3532);
#3534=EDGE_CURVE('',#2146,#2557,#3533,.T.);
#3535=ORIENTED_EDGE('',*,*,#3534,.T.);
#3536=ORIENTED_EDGE('',*,*,#2563,.F.);
#3537=ORIENTED_EDGE('',*,*,#3495,.T.);
#3538=EDGE_LOOP('',(#3529,#3535,#3536,#3537));
#3539=FACE_BOUND('',#3538,.T.);
#3540=ADVANCED_FACE('',(#3539),#3528,.F.);
#3541=CARTESIAN_POINT('',(120.468650466,45.604339258,68.461336163));
#3542=DIRECTION('',(0.,1.,0.));
#3543=DIRECTION('',(0.,0.,1.));
#3544=AXIS2_PLACEMENT_3D('',#3541,#3542,#3543);
#3545=PLANE('',#3544);
#3546=ORIENTED_EDGE('',*,*,#2151,.T.);
#3547=ORIENTED_EDGE('',*,*,#803,.T.);
#3548=ORIENTED_EDGE('',*,*,#400,.T.);
#3549=ORIENTED_EDGE('',*,*,#1766,.T.);
#3550=ORIENTED_EDGE('',*,*,#1556,.T.);
#3551=ORIENTED_EDGE('',*,*,#1308,.T.);
#3552=ORIENTED_EDGE('',*,*,#360,.T.);
#3553=ORIENTED_EDGE('',*,*,#1068,.F.);
#3554=ORIENTED_EDGE('',*,*,#2569,.F.);
#3555=ORIENTED_EDGE('',*,*,#3534,.F.);
#3556=EDGE_LOOP('',(#3546,#3547,#3548,#3549,#3550,#3551,#3552,#3553,#3554,#3555));
#3557=FACE_BOUND('',#3556,.T.);
#3558=ADVANCED_FACE('',(#3557),#3545,.F.);
#3559=CARTESIAN_POINT('',(120.468650466,41.104339258,68.461336163));
#3560=DIRECTION('',(0.,-1.,0.));
#3561=DIRECTION('',(0.,0.,-1.));
#3562=AXIS2_PLACEMENT_3D('',#3559,#3560,#3561);
#3563=PLANE('',#3562);
#3564=ORIENTED_EDGE('',*,*,#2183,.T.);
#3565=ORIENTED_EDGE('',*,*,#3519,.F.);
#3566=ORIENTED_EDGE('',*,*,#2537,.F.);
#3567=ORIENTED_EDGE('',*,*,#1044,.F.);
#3568=ORIENTED_EDGE('',*,*,#296,.T.);
#3569=ORIENTED_EDGE('',*,*,#1291,.T.);
#3570=ORIENTED_EDGE('',*,*,#1539,.T.);
#3571=ORIENTED_EDGE('',*,*,#1751,.T.);
#3572=ORIENTED_EDGE('',*,*,#336,.T.);
#3573=ORIENTED_EDGE('',*,*,#786,.T.);
#3574=EDGE_LOOP('',(#3564,#3565,#3566,#3567,#3568,#3569,#3570,#3571,#3572,#3573));
#3575=FACE_BOUND('',#3574,.T.);
#3576=ADVANCED_FACE('',(#3575),#3563,.F.);
#3577=CARTESIAN_POINT('',(120.468650466,33.354339258,68.461336163));
#3578=DIRECTION('',(0.,0.,-1.));
#3579=DIRECTION('',(-1.,0.,0.));
#3580=AXIS2_PLACEMENT_3D('',#3577,#3578,#3579);
#3581=PLANE('',#3580);
#3582=ORIENTED_EDGE('',*,*,#2209,.T.);
#3583=CARTESIAN_POINT('',(102.056883378,33.404339258,68.461336163));
#3584=DIRECTION('',(1.,-0.,-0.));
#3585=VECTOR('',#3584,4.);
#3586=LINE('',#3583,#3585);
#3587=EDGE_CURVE('',#2508,#2195,#3586,.T.);
#3588=ORIENTED_EDGE('',*,*,#3587,.F.);
#3589=ORIENTED_EDGE('',*,*,#2513,.F.);
#3590=CARTESIAN_POINT('',(106.056883378,33.304339258,68.461336163));
#3591=DIRECTION('',(-1.,-0.,0.));
#3592=VECTOR('',#3591,4.);
#3593=LINE('',#3590,#3592);
#3594=EDGE_CURVE('',#2204,#2499,#3593,.T.);
#3595=ORIENTED_EDGE('',*,*,#3594,.F.);
#3596=EDGE_LOOP('',(#3582,#3588,#3589,#3595));
#3597=FACE_BOUND('',#3596,.T.);
#3598=ADVANCED_FACE('',(#3597),#3581,.F.);
#3599=CARTESIAN_POINT('',(120.468650466,33.304339258,70.661336163));
#3600=DIRECTION('',(1.,0.,0.));
#3601=DIRECTION('',(0.,0.,-1.));
#3602=AXIS2_PLACEMENT_3D('',#3599,#3600,#3601);
#3603=CYLINDRICAL_SURFACE('',#3602,2.2);
#3604=ORIENTED_EDGE('',*,*,#2218,.T.);
#3605=ORIENTED_EDGE('',*,*,#3594,.T.);
#3606=ORIENTED_EDGE('',*,*,#2505,.F.);
#3607=CARTESIAN_POINT('',(102.056883378,31.104339258,70.661336163));
#3608=DIRECTION('',(1.,0.,-0.));
#3609=VECTOR('',#3608,4.);
#3610=LINE('',#3607,#3609);
#3611=EDGE_CURVE('',#2491,#2212,#3610,.T.);
#3612=ORIENTED_EDGE('',*,*,#3611,.T.);
#3613=EDGE_LOOP('',(#3604,#3605,#3606,#3612));
#3614=FACE_BOUND('',#3613,.T.);
#3615=ADVANCED_FACE('',(#3614),#3603,.F.);
#3616=CARTESIAN_POINT('',(120.468650466,33.404339258,70.661336163));
#3617=DIRECTION('',(-1.,0.,0.));
#3618=DIRECTION('',(0.,0.,1.));
#3619=AXIS2_PLACEMENT_3D('',#3616,#3617,#3618);
#3620=CYLINDRICAL_SURFACE('',#3619,2.2);
#3621=ORIENTED_EDGE('',*,*,#2201,.T.);
#3622=CARTESIAN_POINT('',(106.056883378,35.604339258,70.661336163));
#3623=DIRECTION('',(-1.,0.,0.));
#3624=VECTOR('',#3623,4.);
#3625=LINE('',#3622,#3624);
#3626=EDGE_CURVE('',#2187,#2516,#3625,.T.);
#3627=ORIENTED_EDGE('',*,*,#3626,.T.);
#3628=ORIENTED_EDGE('',*,*,#2522,.F.);
#3629=ORIENTED_EDGE('',*,*,#3587,.T.);
#3630=EDGE_LOOP('',(#3621,#3627,#3628,#3629));
#3631=FACE_BOUND('',#3630,.T.);
#3632=ADVANCED_FACE('',(#3631),#3620,.F.);
#3633=CARTESIAN_POINT('',(120.468650466,35.604339258,68.461336163));
#3634=DIRECTION('',(0.,1.,0.));
#3635=DIRECTION('',(0.,0.,1.));
#3636=AXIS2_PLACEMENT_3D('',#3633,#3634,#3635);
#3637=PLANE('',#3636);
#3638=ORIENTED_EDGE('',*,*,#2192,.T.);
#3639=ORIENTED_EDGE('',*,*,#772,.T.);
#3640=ORIENTED_EDGE('',*,*,#320,.T.);
#3641=ORIENTED_EDGE('',*,*,#1744,.T.);
#3642=ORIENTED_EDGE('',*,*,#1525,.T.);
#3643=ORIENTED_EDGE('',*,*,#1277,.T.);
#3644=ORIENTED_EDGE('',*,*,#280,.T.);
#3645=ORIENTED_EDGE('',*,*,#1037,.F.);
#3646=ORIENTED_EDGE('',*,*,#2528,.F.);
#3647=ORIENTED_EDGE('',*,*,#3626,.F.);
#3648=EDGE_LOOP('',(#3638,#3639,#3640,#3641,#3642,#3643,#3644,#3645,#3646,#3647));
#3649=FACE_BOUND('',#3648,.T.);
#3650=ADVANCED_FACE('',(#3649),#3637,.F.);
#3651=CARTESIAN_POINT('',(120.468650466,31.104339258,68.461336163));
#3652=DIRECTION('',(0.,-1.,0.));
#3653=DIRECTION('',(0.,0.,-1.));
#3654=AXIS2_PLACEMENT_3D('',#3651,#3652,#3653);
#3655=PLANE('',#3654);
#3656=ORIENTED_EDGE('',*,*,#2224,.T.);
#3657=ORIENTED_EDGE('',*,*,#3611,.F.);
#3658=ORIENTED_EDGE('',*,*,#2496,.F.);
#3659=ORIENTED_EDGE('',*,*,#1013,.F.);
#3660=ORIENTED_EDGE('',*,*,#216,.T.);
#3661=ORIENTED_EDGE('',*,*,#1260,.T.);
#3662=ORIENTED_EDGE('',*,*,#1508,.T.);
#3663=ORIENTED_EDGE('',*,*,#1729,.T.);
#3664=ORIENTED_EDGE('',*,*,#256,.T.);
#3665=ORIENTED_EDGE('',*,*,#755,.T.);
#3666=EDGE_LOOP('',(#3656,#3657,#3658,#3659,#3660,#3661,#3662,#3663,#3664,#3665));
#3667=FACE_BOUND('',#3666,.T.);
#3668=ADVANCED_FACE('',(#3667),#3655,.F.);
#3669=CARTESIAN_POINT('',(120.468650466,23.354339258,68.461336163));
#3670=DIRECTION('',(0.,0.,-1.));
#3671=DIRECTION('',(-1.,0.,0.));
#3672=AXIS2_PLACEMENT_3D('',#3669,#3670,#3671);
#3673=PLANE('',#3672);
#3674=ORIENTED_EDGE('',*,*,#2250,.T.);
#3675=CARTESIAN_POINT('',(102.056883378,23.404339258,68.461336163));
#3676=DIRECTION('',(1.,-0.,-0.));
#3677=VECTOR('',#3676,4.);
#3678=LINE('',#3675,#3677);
#3679=EDGE_CURVE('',#2467,#2236,#3678,.T.);
#3680=ORIENTED_EDGE('',*,*,#3679,.F.);
#3681=ORIENTED_EDGE('',*,*,#2472,.F.);
#3682=CARTESIAN_POINT('',(106.056883378,23.304339258,68.461336163));
#3683=DIRECTION('',(-1.,-0.,0.));
#3684=VECTOR('',#3683,4.);
#3685=LINE('',#3682,#3684);
#3686=EDGE_CURVE('',#2245,#2458,#3685,.T.);
#3687=ORIENTED_EDGE('',*,*,#3686,.F.);
#3688=EDGE_LOOP('',(#3674,#3680,#3681,#3687));
#3689=FACE_BOUND('',#3688,.T.);
#3690=ADVANCED_FACE('',(#3689),#3673,.F.);
#3691=CARTESIAN_POINT('',(120.468650466,23.304339258,70.661336163));
#3692=DIRECTION('',(1.,0.,0.));
#3693=DIRECTION('',(0.,0.,-1.));
#3694=AXIS2_PLACEMENT_3D('',#3691,#3692,#3693);
#3695=CYLINDRICAL_SURFACE('',#3694,2.2);
#3696=ORIENTED_EDGE('',*,*,#2259,.T.);
#3697=ORIENTED_EDGE('',*,*,#3686,.T.);
#3698=ORIENTED_EDGE('',*,*,#2464,.F.);
#3699=CARTESIAN_POINT('',(102.056883378,21.104339258,70.661336163));
#3700=DIRECTION('',(1.,0.,-0.));
#3701=VECTOR('',#3700,4.);
#3702=LINE('',#3699,#3701);
#3703=EDGE_CURVE('',#2450,#2253,#3702,.T.);
#3704=ORIENTED_EDGE('',*,*,#3703,.T.);
#3705=EDGE_LOOP('',(#3696,#3697,#3698,#3704));
#3706=FACE_BOUND('',#3705,.T.);
#3707=ADVANCED_FACE('',(#3706),#3695,.F.);
#3708=CARTESIAN_POINT('',(120.468650466,23.404339258,70.661336163));
#3709=DIRECTION('',(-1.,0.,0.));
#3710=DIRECTION('',(0.,0.,1.));
#3711=AXIS2_PLACEMENT_3D('',#3708,#3709,#3710);
#3712=CYLINDRICAL_SURFACE('',#3711,2.2);
#3713=ORIENTED_EDGE('',*,*,#2242,.T.);
#3714=CARTESIAN_POINT('',(106.056883378,25.604339258,70.661336163));
#3715=DIRECTION('',(-1.,0.,0.));
#3716=VECTOR('',#3715,4.);
#3717=LINE('',#3714,#3716);
#3718=EDGE_CURVE('',#2228,#2475,#3717,.T.);
#3719=ORIENTED_EDGE('',*,*,#3718,.T.);
#3720=ORIENTED_EDGE('',*,*,#2481,.F.);
#3721=ORIENTED_EDGE('',*,*,#3679,.T.);
#3722=EDGE_LOOP('',(#3713,#3719,#3720,#3721));
#3723=FACE_BOUND('',#3722,.T.);
#3724=ADVANCED_FACE('',(#3723),#3712,.F.);
#3725=CARTESIAN_POINT('',(120.468650466,25.604339258,68.461336163));
#3726=DIRECTION('',(0.,1.,0.));
#3727=DIRECTION('',(0.,0.,1.));
#3728=AXIS2_PLACEMENT_3D('',#3725,#3726,#3727);
#3729=PLANE('',#3728);
#3730=ORIENTED_EDGE('',*,*,#2233,.T.);
#3731=ORIENTED_EDGE('',*,*,#741,.T.);
#3732=ORIENTED_EDGE('',*,*,#240,.T.);
#3733=ORIENTED_EDGE('',*,*,#1722,.T.);
#3734=ORIENTED_EDGE('',*,*,#1494,.T.);
#3735=ORIENTED_EDGE('',*,*,#1246,.T.);
#3736=ORIENTED_EDGE('',*,*,#200,.T.);
#3737=ORIENTED_EDGE('',*,*,#1006,.F.);
#3738=ORIENTED_EDGE('',*,*,#2487,.F.);
#3739=ORIENTED_EDGE('',*,*,#3718,.F.);
#3740=EDGE_LOOP('',(#3730,#3731,#3732,#3733,#3734,#3735,#3736,#3737,#3738,#3739));
#3741=FACE_BOUND('',#3740,.T.);
#3742=ADVANCED_FACE('',(#3741),#3729,.F.);
#3743=CARTESIAN_POINT('',(120.468650466,21.104339258,68.461336163));
#3744=DIRECTION('',(0.,-1.,0.));
#3745=DIRECTION('',(0.,0.,-1.));
#3746=AXIS2_PLACEMENT_3D('',#3743,#3744,#3745);
#3747=PLANE('',#3746);
#3748=ORIENTED_EDGE('',*,*,#2265,.T.);
#3749=ORIENTED_EDGE('',*,*,#3703,.F.);
#3750=ORIENTED_EDGE('',*,*,#2455,.F.);
#3751=ORIENTED_EDGE('',*,*,#982,.F.);
#3752=ORIENTED_EDGE('',*,*,#136,.T.);
#3753=ORIENTED_EDGE('',*,*,#1229,.T.);
#3754=ORIENTED_EDGE('',*,*,#1477,.T.);
#3755=ORIENTED_EDGE('',*,*,#1707,.T.);
#3756=ORIENTED_EDGE('',*,*,#176,.T.);
#3757=ORIENTED_EDGE('',*,*,#724,.T.);
#3758=EDGE_LOOP('',(#3748,#3749,#3750,#3751,#3752,#3753,#3754,#3755,#3756,#3757));
#3759=FACE_BOUND('',#3758,.T.);
#3760=ADVANCED_FACE('',(#3759),#3747,.F.);
#3761=CARTESIAN_POINT('',(120.468650466,13.354339258,68.461336163));
#3762=DIRECTION('',(0.,0.,-1.));
#3763=DIRECTION('',(-1.,0.,0.));
#3764=AXIS2_PLACEMENT_3D('',#3761,#3762,#3763);
#3765=PLANE('',#3764);
#3766=ORIENTED_EDGE('',*,*,#2291,.T.);
#3767=CARTESIAN_POINT('',(102.056883378,13.404339258,68.461336163));
#3768=DIRECTION('',(1.,-0.,-0.));
#3769=VECTOR('',#3768,4.);
#3770=LINE('',#3767,#3769);
#3771=EDGE_CURVE('',#2426,#2277,#3770,.T.);
#3772=ORIENTED_EDGE('',*,*,#3771,.F.);
#3773=ORIENTED_EDGE('',*,*,#2431,.F.);
#3774=CARTESIAN_POINT('',(106.056883378,13.304339258,68.461336163));
#3775=DIRECTION('',(-1.,-0.,0.));
#3776=VECTOR('',#3775,4.);
#3777=LINE('',#3774,#3776);
#3778=EDGE_CURVE('',#2286,#2417,#3777,.T.);
#3779=ORIENTED_EDGE('',*,*,#3778,.F.);
#3780=EDGE_LOOP('',(#3766,#3772,#3773,#3779));
#3781=FACE_BOUND('',#3780,.T.);
#3782=ADVANCED_FACE('',(#3781),#3765,.F.);
#3783=CARTESIAN_POINT('',(120.468650466,13.304339258,70.661336163));
#3784=DIRECTION('',(1.,0.,0.));
#3785=DIRECTION('',(0.,0.,-1.));
#3786=AXIS2_PLACEMENT_3D('',#3783,#3784,#3785);
#3787=CYLINDRICAL_SURFACE('',#3786,2.2);
#3788=ORIENTED_EDGE('',*,*,#2300,.T.);
#3789=ORIENTED_EDGE('',*,*,#3778,.T.);
#3790=ORIENTED_EDGE('',*,*,#2423,.F.);
#3791=CARTESIAN_POINT('',(102.056883378,11.104339258,70.661336163));
#3792=DIRECTION('',(1.,0.,-0.));
#3793=VECTOR('',#3792,4.);
#3794=LINE('',#3791,#3793);
#3795=EDGE_CURVE('',#2409,#2294,#3794,.T.);
#3796=ORIENTED_EDGE('',*,*,#3795,.T.);
#3797=EDGE_LOOP('',(#3788,#3789,#3790,#3796));
#3798=FACE_BOUND('',#3797,.T.);
#3799=ADVANCED_FACE('',(#3798),#3787,.F.);
#3800=CARTESIAN_POINT('',(120.468650466,13.404339258,70.661336163));
#3801=DIRECTION('',(-1.,0.,0.));
#3802=DIRECTION('',(0.,0.,1.));
#3803=AXIS2_PLACEMENT_3D('',#3800,#3801,#3802);
#3804=CYLINDRICAL_SURFACE('',#3803,2.2);
#3805=ORIENTED_EDGE('',*,*,#2283,.T.);
#3806=CARTESIAN_POINT('',(106.056883378,15.604339258,70.661336163));
#3807=DIRECTION('',(-1.,0.,0.));
#3808=VECTOR('',#3807,4.);
#3809=LINE('',#3806,#3808);
#3810=EDGE_CURVE('',#2269,#2434,#3809,.T.);
#3811=ORIENTED_EDGE('',*,*,#3810,.T.);
#3812=ORIENTED_EDGE('',*,*,#2440,.F.);
#3813=ORIENTED_EDGE('',*,*,#3771,.T.);
#3814=EDGE_LOOP('',(#3805,#3811,#3812,#3813));
#3815=FACE_BOUND('',#3814,.T.);
#3816=ADVANCED_FACE('',(#3815),#3804,.F.);
#3817=CARTESIAN_POINT('',(120.468650466,15.604339258,68.461336163));
#3818=DIRECTION('',(0.,1.,0.));
#3819=DIRECTION('',(0.,0.,1.));
#3820=AXIS2_PLACEMENT_3D('',#3817,#3818,#3819);
#3821=PLANE('',#3820);
#3822=ORIENTED_EDGE('',*,*,#2274,.T.);
#3823=ORIENTED_EDGE('',*,*,#710,.T.);
#3824=ORIENTED_EDGE('',*,*,#160,.T.);
#3825=ORIENTED_EDGE('',*,*,#1700,.T.);
#3826=ORIENTED_EDGE('',*,*,#1463,.T.);
#3827=ORIENTED_EDGE('',*,*,#1215,.T.);
#3828=ORIENTED_EDGE('',*,*,#120,.T.);
#3829=ORIENTED_EDGE('',*,*,#975,.F.);
#3830=ORIENTED_EDGE('',*,*,#2446,.F.);
#3831=ORIENTED_EDGE('',*,*,#3810,.F.);
#3832=EDGE_LOOP('',(#3822,#3823,#3824,#3825,#3826,#3827,#3828,#3829,#3830,#3831));
#3833=FACE_BOUND('',#3832,.T.);
#3834=ADVANCED_FACE('',(#3833),#3821,.F.);
#3835=CARTESIAN_POINT('',(120.468650466,11.104339258,68.461336163));
#3836=DIRECTION('',(0.,-1.,0.));
#3837=DIRECTION('',(0.,0.,-1.));
#3838=AXIS2_PLACEMENT_3D('',#3835,#3836,#3837);
#3839=PLANE('',#3838);
#3840=ORIENTED_EDGE('',*,*,#2306,.T.);
#3841=ORIENTED_EDGE('',*,*,#3795,.F.);
#3842=ORIENTED_EDGE('',*,*,#2414,.F.);
#3843=ORIENTED_EDGE('',*,*,#951,.F.);
#3844=ORIENTED_EDGE('',*,*,#56,.T.);
#3845=ORIENTED_EDGE('',*,*,#1198,.T.);
#3846=ORIENTED_EDGE('',*,*,#1446,.T.);
#3847=ORIENTED_EDGE('',*,*,#1685,.T.);
#3848=ORIENTED_EDGE('',*,*,#96,.T.);
#3849=ORIENTED_EDGE('',*,*,#693,.T.);
#3850=EDGE_LOOP('',(#3840,#3841,#3842,#3843,#3844,#3845,#3846,#3847,#3848,#3849));
#3851=FACE_BOUND('',#3850,.T.);
#3852=ADVANCED_FACE('',(#3851),#3839,.F.);
#3853=CARTESIAN_POINT('',(120.468650466,3.354339258,68.461336163));
#3854=DIRECTION('',(0.,0.,-1.));
#3855=DIRECTION('',(-1.,0.,0.));
#3856=AXIS2_PLACEMENT_3D('',#3853,#3854,#3855);
#3857=PLANE('',#3856);
#3858=ORIENTED_EDGE('',*,*,#2332,.T.);
#3859=CARTESIAN_POINT('',(102.056883378,3.404339258,68.461336163));
#3860=DIRECTION('',(1.,-0.,-0.));
#3861=VECTOR('',#3860,4.);
#3862=LINE('',#3859,#3861);
#3863=EDGE_CURVE('',#2385,#2318,#3862,.T.);
#3864=ORIENTED_EDGE('',*,*,#3863,.F.);
#3865=ORIENTED_EDGE('',*,*,#2390,.F.);
#3866=CARTESIAN_POINT('',(106.056883378,3.304339258,68.461336163));
#3867=DIRECTION('',(-1.,-0.,0.));
#3868=VECTOR('',#3867,4.);
#3869=LINE('',#3866,#3868);
#3870=EDGE_CURVE('',#2327,#2376,#3869,.T.);
#3871=ORIENTED_EDGE('',*,*,#3870,.F.);
#3872=EDGE_LOOP('',(#3858,#3864,#3865,#3871));
#3873=FACE_BOUND('',#3872,.T.);
#3874=ADVANCED_FACE('',(#3873),#3857,.F.);
#3875=CARTESIAN_POINT('',(120.468650466,3.304339258,70.661336163));
#3876=DIRECTION('',(1.,0.,0.));
#3877=DIRECTION('',(0.,0.,-1.));
#3878=AXIS2_PLACEMENT_3D('',#3875,#3876,#3877);
#3879=CYLINDRICAL_SURFACE('',#3878,2.2);
#3880=ORIENTED_EDGE('',*,*,#2341,.T.);
#3881=ORIENTED_EDGE('',*,*,#3870,.T.);
#3882=ORIENTED_EDGE('',*,*,#2382,.F.);
#3883=CARTESIAN_POINT('',(102.056883378,1.104339258,70.661336163));
#3884=DIRECTION('',(1.,0.,-0.));
#3885=VECTOR('',#3884,4.);
#3886=LINE('',#3883,#3885);
#3887=EDGE_CURVE('',#2368,#2335,#3886,.T.);
#3888=ORIENTED_EDGE('',*,*,#3887,.T.);
#3889=EDGE_LOOP('',(#3880,#3881,#3882,#3888));
#3890=FACE_BOUND('',#3889,.T.);
#3891=ADVANCED_FACE('',(#3890),#3879,.F.);
#3892=CARTESIAN_POINT('',(120.468650466,3.404339258,70.661336163));
#3893=DIRECTION('',(-1.,0.,0.));
#3894=DIRECTION('',(0.,0.,1.));
#3895=AXIS2_PLACEMENT_3D('',#3892,#3893,#3894);
#3896=CYLINDRICAL_SURFACE('',#3895,2.2);
#3897=ORIENTED_EDGE('',*,*,#2324,.T.);
#3898=CARTESIAN_POINT('',(106.056883378,5.604339258,70.661336163));
#3899=DIRECTION('',(-1.,0.,0.));
#3900=VECTOR('',#3899,4.);
#3901=LINE('',#3898,#3900);
#3902=EDGE_CURVE('',#2310,#2393,#3901,.T.);
#3903=ORIENTED_EDGE('',*,*,#3902,.T.);
#3904=ORIENTED_EDGE('',*,*,#2399,.F.);
#3905=ORIENTED_EDGE('',*,*,#3863,.T.);
#3906=EDGE_LOOP('',(#3897,#3903,#3904,#3905));
#3907=FACE_BOUND('',#3906,.T.);
#3908=ADVANCED_FACE('',(#3907),#3896,.F.);
#3909=CARTESIAN_POINT('',(120.468650466,5.604339258,68.461336163));
#3910=DIRECTION('',(0.,1.,0.));
#3911=DIRECTION('',(0.,0.,1.));
#3912=AXIS2_PLACEMENT_3D('',#3909,#3910,#3911);
#3913=PLANE('',#3912);
#3914=ORIENTED_EDGE('',*,*,#2315,.T.);
#3915=ORIENTED_EDGE('',*,*,#679,.T.);
#3916=ORIENTED_EDGE('',*,*,#80,.T.);
#3917=ORIENTED_EDGE('',*,*,#1678,.T.);
#3918=ORIENTED_EDGE('',*,*,#1432,.T.);
#3919=ORIENTED_EDGE('',*,*,#1184,.T.);
#3920=ORIENTED_EDGE('',*,*,#40,.T.);
#3921=ORIENTED_EDGE('',*,*,#944,.F.);
#3922=ORIENTED_EDGE('',*,*,#2405,.F.);
#3923=ORIENTED_EDGE('',*,*,#3902,.F.);
#3924=EDGE_LOOP('',(#3914,#3915,#3916,#3917,#3918,#3919,#3920,#3921,#3922,#3923));
#3925=FACE_BOUND('',#3924,.T.);
#3926=ADVANCED_FACE('',(#3925),#3913,.F.);
#3927=CARTESIAN_POINT('',(120.468650466,1.104339258,68.461336163));
#3928=DIRECTION('',(0.,-1.,0.));
#3929=DIRECTION('',(0.,0.,-1.));
#3930=AXIS2_PLACEMENT_3D('',#3927,#3928,#3929);
#3931=PLANE('',#3930);
#3932=ORIENTED_EDGE('',*,*,#2347,.T.);
#3933=ORIENTED_EDGE('',*,*,#3887,.F.);
#3934=ORIENTED_EDGE('',*,*,#2373,.F.);
#3935=ORIENTED_EDGE('',*,*,#2892,.F.);
#3936=ORIENTED_EDGE('',*,*,#1915,.T.);
#3937=ORIENTED_EDGE('',*,*,#3112,.T.);
#3938=ORIENTED_EDGE('',*,*,#3143,.T.);
#3939=ORIENTED_EDGE('',*,*,#3172,.T.);
#3940=ORIENTED_EDGE('',*,*,#1883,.T.);
#3941=ORIENTED_EDGE('',*,*,#2830,.T.);
#3942=EDGE_LOOP('',(#3932,#3933,#3934,#3935,#3936,#3937,#3938,#3939,#3940,#3941));
#3943=FACE_BOUND('',#3942,.T.);
#3944=ADVANCED_FACE('',(#3943),#3931,.F.);
#3945=CARTESIAN_POINT('',(129.53979027,-52.079467004,71.101539475));
#3946=DIRECTION('',(-0.577350269,-0.577350269,0.577350269));
#3947=DIRECTION('',(0.707106781,0.,0.707106781));
#3948=AXIS2_PLACEMENT_3D('',#3945,#3946,#3947);
#3949=CYLINDRICAL_SURFACE('',#3948,5.724166531);
#3950=ORIENTED_EDGE('',*,*,#1997,.F.);
#3951=ORIENTED_EDGE('',*,*,#2823,.F.);
#3952=ORIENTED_EDGE('',*,*,#1867,.F.);
#3953=ORIENTED_EDGE('',*,*,#2801,.F.);
#3954=EDGE_LOOP('',(#3950,#3951,#3952,#3953));
#3955=FACE_BOUND('',#3954,.T.);
#3956=ADVANCED_FACE('',(#3955),#3949,.T.);
#3957=CLOSED_SHELL('',(#66,#106,#146,#186,#226,#266,#306,#346,#386,#426,#466,#506,#546,#586,#667,#698,#729,#760,#791,#822,#853,#884,#924,#955,#986,#1017,
#1048,#1079,#1110,#1141,#1172,#1203,#1234,#1265,#1296,#1327,#1358,#1389,#1420,#1451,#1482,#1513,#1544,#1575,#1606,#1637,#1668,#1690,#1712,#1734,#1756,
#1778,#1800,#1822,#1844,#1974,#2351,#2728,#2768,#2790,#2812,#2834,#2864,#2881,#2898,#2930,#2941,#2984,#2998,#3022,#3046,#3070,#3088,#3100,#3131,#3162,
#3184,#3196,#3208,#3230,#3247,#3264,#3282,#3300,#3322,#3339,#3356,#3374,#3392,#3414,#3431,#3448,#3466,#3484,#3506,#3523,#3540,#3558,#3576,#3598,#3615,
#3632,#3650,#3668,#3690,#3707,#3724,#3742,#3760,#3782,#3799,#3816,#3834,#3852,#3874,#3891,#3908,#3926,#3944,#3956));
#3958=MANIFOLD_SOLID_BREP('Lid - Right Rev2',#3957);
#26=STYLED_ITEM('',(),#3958);
#16=SHAPE_REPRESENTATION('root',(#15),#10);
#17=ADVANCED_BREP_SHAPE_REPRESENTATION('root',(#3958),#10);
#3966=SHAPE_REPRESENTATION_RELATIONSHIP('','',#16,#17);
#3967=APPLICATION_CONTEXT('configuration controlled 3D design of mechanical parts and assemblies');
#3968=APPLICATION_PROTOCOL_DEFINITION('international standard','configuration_control_3d_design_ed2_mim',2004,#3967);
#3969=PRODUCT_CONTEXT('',#3967,'mechanical');
#3970=PRODUCT_DEFINITION_CONTEXT('part definition',#3967,'design');
#24=PRODUCT('root','root','',(#3969));
#3971=PRODUCT_RELATED_PRODUCT_CATEGORY('part','',(#24));
#3972=PRODUCT_DEFINITION_FORMATION_WITH_SPECIFIED_SOURCE('','',#24,.NOT_KNOWN.);
#25=PRODUCT_DEFINITION('design','',#3972,#3970);
#23=PRODUCT_DEFINITION_SHAPE('','',#25);
#3973=SHAPE_DEFINITION_REPRESENTATION(#23,#16);
#11=DRAUGHTING_MODEL('',(),#10);
#1=MECHANICAL_DESIGN_GEOMETRIC_PRESENTATION_REPRESENTATION('',(#26),#10);
ENDSEC;
END-ISO-10303-21;
